#
# There is insufficient memory for the Java Runtime Environment to continue.
# Native memory allocation (mmap) failed to map 838860800 bytes. Error detail: G1 virtual space
# Possible reasons:
#   The system is out of physical RAM or swap space
#   This process is running with CompressedOops enabled, and the Java Heap may be blocking the growth of the native heap
# Possible solutions:
#   Reduce memory load on the system
#   Increase physical memory or swap space
#   Check if swap backing store is full
#   Decrease Java heap size (-Xmx/-Xms)
#   Decrease number of Java threads
#   Decrease Java thread stack sizes (-Xss)
#   Set larger code cache with -XX:ReservedCodeCacheSize=
#   JVM is running with Zero Based Compressed Oops mode in which the Java heap is
#     placed in the first 32GB address space. The Java Heap base address is the
#     maximum limit for the native heap growth. Please use -XX:HeapBaseMinAddress
#     to set the Java Heap base and to place the Java Heap above 32GB virtual address.
# This output file may be truncated or incomplete.
#
#  Out of Memory Error (os_windows.cpp:3766), pid=33368, tid=28312
#
# JRE version: OpenJDK Runtime Environment (25.0.2) (build 25.0.2+-15348964-b329.117)
# Java VM: OpenJDK 64-Bit Server VM (25.0.2+-15348964-b329.117, mixed mode, tiered, compressed oops, compressed class ptrs, g1 gc, windows-amd64)
# No core dump will be written. Minidumps are not enabled by default on client versions of Windows
#

---------------  S U M M A R Y ------------

Command Line: --add-opens=java.base/java.lang=ALL-UNNAMED --add-opens=java.base/java.lang.invoke=ALL-UNNAMED --add-opens=java.base/java.util=ALL-UNNAMED --add-opens=java.prefs/java.util.prefs=ALL-UNNAMED --add-exports=jdk.compiler/com.sun.tools.javac.api=ALL-UNNAMED --add-exports=jdk.compiler/com.sun.tools.javac.util=ALL-UNNAMED --add-opens=java.base/java.util=ALL-UNNAMED --add-opens=java.prefs/java.util.prefs=ALL-UNNAMED --add-opens=java.base/java.nio.charset=ALL-UNNAMED --add-opens=java.base/java.net=ALL-UNNAMED --add-opens=java.base/java.util.concurrent=ALL-UNNAMED --add-opens=java.base/java.util.concurrent.atomic=ALL-UNNAMED --add-opens=java.xml/javax.xml.namespace=ALL-UNNAMED --add-opens=java.base/java.time=ALL-UNNAMED --enable-native-access=ALL-UNNAMED -XX:MaxMetaspaceSize=4G -XX:ReservedCodeCacheSize=512m -XX:+HeapDumpOnOutOfMemoryError -Xmx8G -Dfile.encoding=UTF-8 -Duser.country=CN -Duser.language=zh -Duser.variant -javaagent:D:\SoftOfClass\Gradle\.gradle\wrapper\dists\gradle-9.1.0-all\7wzd0jkjit61aq2p43wpjgij9\gradle-9.1.0\lib\agents\gradle-instrumentation-agent-9.1.0.jar org.gradle.launcher.daemon.bootstrap.GradleDaemon 9.1.0

Host: Intel(R) Core(TM) Ultra 7 155H, 22 cores, 31G,  Windows 11 , 64 bit Build 26100 (10.0.26100.8875)
Time: Thu Aug  6 17:42:36 2026 elapsed time: 22664.713289 seconds (0d 6h 17m 44s)

---------------  T H R E A D  ---------------

Current thread (0x0000018b5176a6a0):  VMThread "VM Thread"          [id=28312, stack(0x0000001c90b00000,0x0000001c90c00000) (1024K)]

Stack: [0x0000001c90b00000,0x0000001c90c00000]
Native frames: (J=compiled Java code, j=interpreted, Vv=VM code, C=native code)
V  [jvm.dll+0x7bd439]  (no source info available)
V  [jvm.dll+0x78763d]  (no source info available)
V  [jvm.dll+0xa0c885]  (no source info available)
V  [jvm.dll+0xa0ef04]  (no source info available)
V  [jvm.dll+0xa0f603]  (no source info available)
V  [jvm.dll+0x309bf6]  (no source info available)
V  [jvm.dll+0x7b9545]  (no source info available)
V  [jvm.dll+0x7ac047]  (no source info available)
V  [jvm.dll+0x3fdeab]  (no source info available)
V  [jvm.dll+0x406066]  (no source info available)
V  [jvm.dll+0x3f2516]  (no source info available)
V  [jvm.dll+0x3f27f8]  (no source info available)
V  [jvm.dll+0x3c7b82]  (no source info available)
V  [jvm.dll+0x3c7c1a]  (no source info available)
V  [jvm.dll+0x4172d0]  (no source info available)
V  [jvm.dll+0x415bf1]  (no source info available)
V  [jvm.dll+0x3c72b7]  (no source info available)
V  [jvm.dll+0x41502f]  (no source info available)
V  [jvm.dll+0xa158ca]  (no source info available)
V  [jvm.dll+0xa16bd1]  (no source info available)
V  [jvm.dll+0xa17148]  (no source info available)
V  [jvm.dll+0xa173d3]  (no source info available)
V  [jvm.dll+0x9ab9c8]  (no source info available)
V  [jvm.dll+0x7bb985]  (no source info available)
C  [ucrtbase.dll+0x2cd30]  (no source info available)
C  [KERNEL32.DLL+0x2e957]  (no source info available)
C  [ntdll.dll+0xaad6c]  (no source info available)

VM_Operation (0x0000001c937fed60): G1CollectForAllocation, mode: safepoint, requested by thread 0x0000018b581af280


---------------  P R O C E S S  ---------------

Threads class SMR info:
_java_thread_list=0x0000018b762e8480, length=325, elements={
0x0000018b1dc1bff0, 0x0000018b517b70f0, 0x0000018b517b8950, 0x0000018b517b9260,
0x0000018b517ce280, 0x0000018b517cee40, 0x0000018b517cfa00, 0x0000018b517d0d60,
0x0000018b517d1d80, 0x0000018b517e0f40, 0x0000018b56031110, 0x0000018b576e1040,
0x0000018b5787c250, 0x0000018b578fba20, 0x0000018b581af280, 0x0000018b582cfd30,
0x0000018b582d0cd0, 0x0000018b582d5320, 0x0000018b582d7260, 0x0000018b596a68c0,
0x0000018b598b38c0, 0x0000018b603c6d70, 0x0000018b61083050, 0x0000018b5a2af830,
0x0000018b5b08d7d0, 0x0000018b5b08d000, 0x0000018b5b08dfa0, 0x0000018b590197c0,
0x0000018b5ac13bc0, 0x0000018b5ac15330, 0x0000018b5ac14b60, 0x0000018b61080940,
0x0000018b60bedfa0, 0x0000018b61082880, 0x0000018b57c1bb40, 0x0000018b59018820,
0x0000018b58c4f560, 0x0000018b62007270, 0x0000018b63c42eb0, 0x0000018b62f49170,
0x0000018b60791520, 0x0000018b58c562c0, 0x0000018b62254790, 0x0000018b60f38350,
0x0000018b633eb2f0, 0x0000018b6d729000, 0x0000018b6d4e4710, 0x0000018b60f38b20,
0x0000018b6b5d0de0, 0x0000018b65e9b780, 0x0000018b6fe38cd0, 0x0000018b64a74e60,
0x0000018b62c64ce0, 0x0000018b6fd4e3f0, 0x0000018b598a7d40, 0x0000018b65e99070,
0x0000018b65e99840, 0x0000018b6d537f60, 0x0000018b6d535850, 0x0000018b62c60690,
0x0000018b65aa4870, 0x0000018b65aa5040, 0x0000018b65aa38d0, 0x0000018b6df9cca0,
0x0000018b6df9bd00, 0x0000018b6df9dc40, 0x0000018b64a72750, 0x0000018b64a74690,
0x0000018b64a72f20, 0x0000018b63c426e0, 0x0000018b636ff470, 0x0000018b636fe4d0,
0x0000018b636ffc40, 0x0000018b63700be0, 0x0000018b60312fe0, 0x0000018b603137b0,
0x0000018b60313f80, 0x0000018b60315ec0, 0x0000018b60314750, 0x0000018b60314f20,
0x0000018b603156f0, 0x0000018b781a4c60, 0x0000018b781a5430, 0x0000018b781a5c00,
0x0000018b781a7370, 0x0000018b781a6ba0, 0x0000018b781a63d0, 0x0000018b781a4490,
0x0000018b64d6a780, 0x0000018b64d697e0, 0x0000018b7ff02390, 0x0000018b7ff013f0,
0x0000018b7ff02b60, 0x0000018b7ff03b00, 0x0000018b606f7860, 0x0000018b606f9f70,
0x0000018b606fa740, 0x0000018b606f8800, 0x0000018b606f7090, 0x0000018b606faf10,
0x0000018b606fb6e0, 0x0000018b65442f60, 0x0000018b65443730, 0x0000018b65440080,
0x0000018b65443f00, 0x0000018b65440850, 0x0000018b654446d0, 0x0000018b65441020,
0x0000018b65445e40, 0x0000018b65446610, 0x0000018b654475b0, 0x0000018b65444ea0,
0x0000018b65445670, 0x0000018b62d4a170, 0x0000018b62d48a00, 0x0000018b6ad42fc0,
0x0000018b62d491d0, 0x0000018b62d499a0, 0x0000018b62d4b110, 0x0000018b62d48230,
0x0000018b62d4d050, 0x0000018b62d4c0b0, 0x0000018b62d4e7c0, 0x0000018b62d4c880,
0x0000018b62d4dff0, 0x0000018b62d4ef90, 0x0000018b62d4d820, 0x0000018b64bdffa0,
0x0000018b64bde830, 0x0000018b64bdf000, 0x0000018b64be0770, 0x0000018b64bdf7d0,
0x0000018b64be0f40, 0x0000018b6cd63530, 0x0000018b64be1710, 0x0000018b64bde060,
0x0000018b64be5590, 0x0000018b64be4dc0, 0x0000018b6b87f4a0, 0x0000018b6b883320,
0x0000018b6b87fc70, 0x0000018b6b883af0, 0x0000018b6b885a30, 0x0000018b6b8842c0,
0x0000018b6b884a90, 0x0000018b6b885260, 0x0000018b6d727890, 0x0000018b6d728830,
0x0000018b6d72d650, 0x0000018b6d72e5f0, 0x0000018b6e57e750, 0x0000018b6e57ef20,
0x0000018b6e57b870, 0x0000018b6e57f6f0, 0x0000018b6e57c040, 0x0000018b6e580690,
0x0000018b6e581630, 0x0000018b6e581e00, 0x0000018b6e5825d0, 0x0000018b6dbd42a0,
0x0000018b6dbd0bf0, 0x0000018b6dbd4a70, 0x0000018b6dbd5a10, 0x0000018b6dbd61e0,
0x0000018b6dbd69b0, 0x0000018b78a651d0, 0x0000018b78a66170, 0x0000018b78a66940,
0x0000018b78a63290, 0x0000018b78a63a60, 0x0000018b78a64230, 0x0000018b78a64a00,
0x0000018b005a3240, 0x0000018b005a41e0, 0x0000018b005a5950, 0x0000018b6d72edc0,
0x0000018b6d72ce80, 0x0000018b6d72de20, 0x0000018b62007a40, 0x0000018b62005330,
0x0000018b620062d0, 0x0000018b5a2b0000, 0x0000018b5a2b07d0, 0x0000018b5a2af060,
0x0000018b7ff64a50, 0x0000018b7ff62b10, 0x0000018b7ff64280, 0x0000018b7ff65220,
0x0000018b7ff659f0, 0x0000018b7ff661c0, 0x0000018b7ff632e0, 0x0000018b7ff63ab0,
0x0000018b64398b70, 0x0000018b64395c90, 0x0000018b643983a0, 0x0000018b64397bd0,
0x0000018b6fac2cd0, 0x0000018b6faca200, 0x0000018b6fac7320, 0x0000018b65c280c0,
0x0000018b65c251e0, 0x0000018b65c24a10, 0x0000018b65c27120, 0x0000018b65c259b0,
0x0000018b65c278f0, 0x0000018b627ce7d0, 0x0000018b627cff40, 0x0000018b627cf770,
0x0000018b627d0710, 0x0000018b627cd830, 0x0000018b6a274870, 0x0000018b60fbd380,
0x0000018b60fbfa90, 0x0000018b60fc0260, 0x0000018b60fbdb50, 0x0000018b6cde1710,
0x0000018b6550ce50, 0x0000018b60097960, 0x0000018b60098130, 0x0000018b60098900,
0x0000018b62f49940, 0x0000018b62f489a0, 0x0000018b62f4a110, 0x0000018b62f481d0,
0x0000018b6e270cc0, 0x0000018b6e271490, 0x0000018b6e26f550, 0x0000018b6e275ae0,
0x0000018b6e274370, 0x0000018b6e2762b0, 0x0000018b02d9f190, 0x0000018b02da2840,
0x0000018b02da0130, 0x0000018b02da10d0, 0x0000018b02d9f960, 0x0000018b02da18a0,
0x0000018b63184e00, 0x0000018b63186d40, 0x0000018b631855d0, 0x0000018b63183e60,
0x0000018b63185da0, 0x0000018b63186570, 0x0000018b6078fdb0, 0x0000018b60790580,
0x0000018b60791cf0, 0x0000018b607924c0, 0x0000018b60792c90, 0x0000018b6a275810,
0x0000018b6a277750, 0x0000018b6a275fe0, 0x0000018b6a2767b0, 0x0000018b6a276f80,
0x0000018b59881cd0, 0x0000018b598824a0, 0x0000018b00896bd0, 0x0000018b6ad44f00,
0x0000018b6ad47610, 0x0000018b613797a0, 0x0000018b61379f70, 0x0000018b61377090,
0x0000018b61377860, 0x0000018b61378030, 0x0000018b0b0b38d0, 0x0000018b0b0b2930,
0x0000018b0b0b5810, 0x0000018b0b0b2160, 0x0000018b0b0b3100, 0x0000018b0b0b40a0,
0x0000018b0b0b4870, 0x0000018b620089e0, 0x0000018b62005b00, 0x0000018b62006aa0,
0x0000018b62008210, 0x0000018b6b87e500, 0x0000018b635316c0, 0x0000018b63533600,
0x0000018b63533dd0, 0x0000018b635345a0, 0x0000018b63534d70, 0x0000018b63531e90,
0x0000018b63532660, 0x0000018b58c48030, 0x0000018b58c4e5c0, 0x0000018b0055d550,
0x0000018b0055c5b0, 0x0000018b0055cd80, 0x0000018b00559ea0, 0x0000018b0055a670,
0x0000018b6e2733d0, 0x0000018b6e274b40, 0x0000018b6e273ba0, 0x0000018b6e275310,
0x0000018b62c60e60, 0x0000018b62c5f6f0, 0x0000018b62c61e00, 0x0000018b6df55bb0,
0x0000018b65e9a010, 0x0000018b65e9afb0, 0x0000018b65e9bf50, 0x0000018b65e988a0,
0x0000018b65e9a7e0, 0x0000018b6ec67530, 0x0000018b6ec63e80, 0x0000018b6ec65dc0,
0x0000018b6ec66590, 0x0000018b6ec66d60, 0x0000018b61ebbb80, 0x0000018b61ebe290,
0x0000018b61ebb3b0, 0x0000018b61ebd2f0, 0x0000018b61ebc350, 0x0000018b61ebcb20,
0x0000018b61ebdac0, 0x0000018b61ebea60, 0x0000018b6425a7a0, 0x0000018b6425af70,
0x0000018b6425c6e0, 0x0000018b6425b740, 0x0000018b6425d680, 0x0000018b58c50500,
0x0000018b62834310, 0x0000018b6c2269c0, 0x0000018b6a798b10, 0x0000018b63c3ffc0,
0x0000018b62cf7300
}

Java Threads: ( => current thread )
  0x0000018b1dc1bff0 JavaThread "main"                              [_thread_blocked, id=16292, stack(0x0000001c90400000,0x0000001c90500000) (1024K)]
  0x0000018b517b70f0 JavaThread "Common-Cleaner"             daemon [_thread_blocked, id=20936, stack(0x0000001c90c00000,0x0000001c90d00000) (1024K)]
  0x0000018b517b8950 JavaThread "Reference Handler"          daemon [_thread_blocked, id=3220, stack(0x0000001c90d00000,0x0000001c90e00000) (1024K)]
  0x0000018b517b9260 JavaThread "Finalizer"                  daemon [_thread_blocked, id=34128, stack(0x0000001c90e00000,0x0000001c90f00000) (1024K)]
  0x0000018b517ce280 JavaThread "Signal Dispatcher"          daemon [_thread_blocked, id=39340, stack(0x0000001c90f00000,0x0000001c91000000) (1024K)]
  0x0000018b517cee40 JavaThread "Attach Listener"            daemon [_thread_blocked, id=41428, stack(0x0000001c91000000,0x0000001c91100000) (1024K)]
  0x0000018b517cfa00 JavaThread "Service Thread"             daemon [_thread_blocked, id=2092, stack(0x0000001c91100000,0x0000001c91200000) (1024K)]
  0x0000018b517d0d60 JavaThread "Monitor Deflation Thread"   daemon [_thread_blocked, id=41204, stack(0x0000001c91200000,0x0000001c91300000) (1024K)]
  0x0000018b517d1d80 JavaThread "C2 CompilerThread0"         daemon [_thread_in_native, id=38792, stack(0x0000001c91300000,0x0000001c91400000) (1024K)]
  0x0000018b517e0f40 JavaThread "C1 CompilerThread0"         daemon [_thread_blocked, id=13148, stack(0x0000001c91400000,0x0000001c91500000) (1024K)]
  0x0000018b56031110 JavaThread "Notification Thread"        daemon [_thread_blocked, id=39288, stack(0x0000001c91600000,0x0000001c91700000) (1024K)]
  0x0000018b576e1040 JavaThread "Daemon health stats"               [_thread_blocked, id=7964, stack(0x0000001c92500000,0x0000001c92600000) (1024K)]
  0x0000018b5787c250 JavaThread "Incoming local TCP Connector on port 56577"        [_thread_in_native, id=28332, stack(0x0000001c92700000,0x0000001c92800000) (1024K)]
  0x0000018b578fba20 JavaThread "Daemon periodic checks"            [_thread_blocked, id=10708, stack(0x0000001c92800000,0x0000001c92900000) (1024K)]
  0x0000018b581af280 JavaThread "Cache worker for journal cache (D:\SoftOfClass\Gradle\.gradle\caches\journal-1)"        [_thread_blocked, id=10172, stack(0x0000001c93700000,0x0000001c93800000) (1024K)]
  0x0000018b582cfd30 JavaThread "File lock request listener"        [_thread_in_native, id=28480, stack(0x0000001c93800000,0x0000001c93900000) (1024K)]
  0x0000018b582d0cd0 JavaThread "Cache worker for file hash cache (D:\SoftOfClass\Gradle\.gradle\caches\9.1.0\fileHashes)"        [_thread_blocked, id=27780, stack(0x0000001c93900000,0x0000001c93a00000) (1024K)]
  0x0000018b582d5320 JavaThread "File watcher server"        daemon [_thread_blocked, id=10304, stack(0x0000001c93b00000,0x0000001c93c00000) (1024K)]
  0x0000018b582d7260 JavaThread "File watcher consumer"      daemon [_thread_blocked, id=37508, stack(0x0000001c93c00000,0x0000001c93d00000) (1024K)]
  0x0000018b596a68c0 JavaThread "Cache worker for file content cache (D:\SoftOfClass\Gradle\.gradle\caches\9.1.0\fileContent)"        [_thread_blocked, id=27724, stack(0x0000001c93e00000,0x0000001c93f00000) (1024K)]
  0x0000018b598b38c0 JavaThread "Memory manager"                    [_thread_blocked, id=29752, stack(0x0000001c98300000,0x0000001c98400000) (1024K)]
  0x0000018b603c6d70 JavaThread "jar transforms"                    [_thread_blocked, id=30488, stack(0x0000001c9e800000,0x0000001c9e900000) (1024K)]
  0x0000018b61083050 JavaThread "jar transforms Thread 2"           [_thread_blocked, id=35152, stack(0x0000001c90300000,0x0000001c90400000) (1024K)]
  0x0000018b5a2af830 JavaThread "jar transforms Thread 3"           [_thread_blocked, id=16912, stack(0x0000001ca3d00000,0x0000001ca3e00000) (1024K)]
  0x0000018b5b08d7d0 JavaThread "jar transforms Thread 4"           [_thread_blocked, id=28676, stack(0x0000001ca1600000,0x0000001ca1700000) (1024K)]
  0x0000018b5b08d000 JavaThread "jar transforms Thread 5"           [_thread_blocked, id=38008, stack(0x0000001ca3f00000,0x0000001ca4000000) (1024K)]
  0x0000018b5b08dfa0 JavaThread "jar transforms Thread 6"           [_thread_blocked, id=33596, stack(0x0000001ca1700000,0x0000001ca1800000) (1024K)]
  0x0000018b590197c0 JavaThread "jar transforms Thread 7"           [_thread_blocked, id=36612, stack(0x0000001ca4000000,0x0000001ca4100000) (1024K)]
  0x0000018b5ac13bc0 JavaThread "jar transforms Thread 8"           [_thread_blocked, id=5536, stack(0x0000001c98200000,0x0000001c98300000) (1024K)]
  0x0000018b5ac15330 JavaThread "jar transforms Thread 9"           [_thread_blocked, id=3832, stack(0x0000001ca3e00000,0x0000001ca3f00000) (1024K)]
  0x0000018b5ac14b60 JavaThread "jar transforms Thread 10"          [_thread_blocked, id=17112, stack(0x0000001ca4100000,0x0000001ca4200000) (1024K)]
  0x0000018b61080940 JavaThread "jar transforms Thread 11"          [_thread_blocked, id=36564, stack(0x0000001ca4500000,0x0000001ca4600000) (1024K)]
  0x0000018b60bedfa0 JavaThread "jar transforms Thread 12"          [_thread_blocked, id=12340, stack(0x0000001ca4600000,0x0000001ca4700000) (1024K)]
  0x0000018b61082880 JavaThread "jar transforms Thread 13"          [_thread_blocked, id=38368, stack(0x0000001ca4300000,0x0000001ca4400000) (1024K)]
  0x0000018b57c1bb40 JavaThread "jar transforms Thread 14"          [_thread_blocked, id=35976, stack(0x0000001ca2d00000,0x0000001ca2e00000) (1024K)]
  0x0000018b59018820 JavaThread "jar transforms Thread 15"          [_thread_blocked, id=28588, stack(0x0000001ca4700000,0x0000001ca4800000) (1024K)]
  0x0000018b58c4f560 JavaThread "jar transforms Thread 16"          [_thread_blocked, id=35448, stack(0x0000001ca4200000,0x0000001ca4300000) (1024K)]
  0x0000018b62007270 JavaThread "jar transforms Thread 17"          [_thread_blocked, id=36212, stack(0x0000001c92d00000,0x0000001c92e00000) (1024K)]
  0x0000018b63c42eb0 JavaThread "jar transforms Thread 18"          [_thread_blocked, id=34052, stack(0x0000001c90100000,0x0000001c90200000) (1024K)]
  0x0000018b62f49170 JavaThread "RMI Scheduler(0)"           daemon [_thread_blocked, id=30652, stack(0x0000001ca6700000,0x0000001ca6800000) (1024K)]
  0x0000018b60791520 JavaThread "RMI TCP Accept-0"           daemon [_thread_in_native, id=29172, stack(0x0000001ca6f00000,0x0000001ca7000000) (1024K)]
  0x0000018b58c562c0 JavaThread "Cache worker for Java compile cache (D:\SoftOfClass\Gradle\.gradle\caches\9.1.0\javaCompile)"        [_thread_blocked, id=27048, stack(0x0000001ca6d00000,0x0000001ca6e00000) (1024K)]
  0x0000018b62254790 JavaThread "RMI TCP Accept-0"           daemon [_thread_in_native, id=19036, stack(0x0000001ca5e00000,0x0000001ca5f00000) (1024K)]
  0x0000018b60f38350 JavaThread "DefaultDispatcher-worker-1" daemon [_thread_blocked, id=7448, stack(0x0000001ca5b00000,0x0000001ca5c00000) (1024K)]
  0x0000018b633eb2f0 JavaThread "DefaultDispatcher-worker-3" daemon [_thread_blocked, id=29044, stack(0x0000001ca6100000,0x0000001ca6200000) (1024K)]
  0x0000018b6d729000 JavaThread "DefaultDispatcher-worker-2" daemon [_thread_blocked, id=36716, stack(0x0000001caae00000,0x0000001caaf00000) (1024K)]
  0x0000018b6d4e4710 JavaThread "DefaultDispatcher-worker-4" daemon [_thread_blocked, id=40164, stack(0x0000001caaf00000,0x0000001cab000000) (1024K)]
  0x0000018b60f38b20 JavaThread "DefaultDispatcher-worker-5" daemon [_thread_blocked, id=40384, stack(0x0000001cab000000,0x0000001cab100000) (1024K)]
  0x0000018b6b5d0de0 JavaThread "DefaultDispatcher-worker-6" daemon [_thread_blocked, id=26800, stack(0x0000001cac400000,0x0000001cac500000) (1024K)]
  0x0000018b65e9b780 JavaThread "DefaultDispatcher-worker-7" daemon [_thread_blocked, id=10320, stack(0x0000001cac500000,0x0000001cac600000) (1024K)]
  0x0000018b6fe38cd0 JavaThread "DefaultDispatcher-worker-8" daemon [_thread_blocked, id=20784, stack(0x0000001cac600000,0x0000001cac700000) (1024K)]
  0x0000018b64a74e60 JavaThread "DefaultDispatcher-worker-9" daemon [_thread_blocked, id=22360, stack(0x0000001cac700000,0x0000001cac800000) (1024K)]
  0x0000018b62c64ce0 JavaThread "DefaultDispatcher-worker-11" daemon [_thread_blocked, id=36544, stack(0x0000001cac800000,0x0000001cac900000) (1024K)]
  0x0000018b6fd4e3f0 JavaThread "DefaultDispatcher-worker-10" daemon [_thread_blocked, id=15280, stack(0x0000001cac900000,0x0000001caca00000) (1024K)]
  0x0000018b598a7d40 JavaThread "DefaultDispatcher-worker-12" daemon [_thread_blocked, id=35272, stack(0x0000001caca00000,0x0000001cacb00000) (1024K)]
  0x0000018b65e99070 JavaThread "Periodic tasks thread"      daemon [_thread_blocked, id=40668, stack(0x0000001cad000000,0x0000001cad100000) (1024K)]
  0x0000018b65e99840 JavaThread "ApplicationImpl pooled thread 1"        [_thread_blocked, id=11560, stack(0x0000001cad100000,0x0000001cad200000) (1024K)]
  0x0000018b6d537f60 JavaThread "Java2D Disposer"            daemon [_thread_blocked, id=22960, stack(0x0000001cad900000,0x0000001cada00000) (1024K)]
  0x0000018b6d535850 JavaThread "AWT-Windows"                daemon [_thread_in_native, id=612, stack(0x0000001cadb00000,0x0000001cadc00000) (1024K)]
  0x0000018b62c60690 JavaThread "Daemon Thread 35"                  [_thread_blocked, id=28164, stack(0x0000001c90200000,0x0000001c90300000) (1024K)]
  0x0000018b65aa4870 JavaThread "Handler for socket connection from /127.0.0.1:56577 to /127.0.0.1:58092"        [_thread_in_native, id=19712, stack(0x0000001c91500000,0x0000001c91600000) (1024K)]
  0x0000018b65aa5040 JavaThread "Cancel handler"                    [_thread_blocked, id=38716, stack(0x0000001c92600000,0x0000001c92700000) (1024K)]
  0x0000018b65aa38d0 JavaThread "Daemon worker Thread 35"           [_thread_blocked, id=8036, stack(0x0000001c92900000,0x0000001c92a00000) (1024K)]
  0x0000018b6df9cca0 JavaThread "Asynchronous log dispatcher for DefaultDaemonConnection: socket connection from /127.0.0.1:56577 to /127.0.0.1:58092"        [_thread_blocked, id=27064, stack(0x0000001c92a00000,0x0000001c92b00000) (1024K)]
  0x0000018b6df9bd00 JavaThread "Stdin handler"                     [_thread_blocked, id=29312, stack(0x0000001c92b00000,0x0000001c92c00000) (1024K)]
  0x0000018b6df9dc40 JavaThread "Daemon client event forwarder"        [_thread_blocked, id=34112, stack(0x0000001c92c00000,0x0000001c92d00000) (1024K)]
  0x0000018b64a72750 JavaThread "Cache worker for file hash cache (D:\CSstudy\Software\TODO\TODOAPP\android\.gradle\9.1.0\fileHashes)"        [_thread_blocked, id=8936, stack(0x0000001c94000000,0x0000001c94100000) (1024K)]
  0x0000018b64a74690 JavaThread "Cache worker for Build Output Cleanup Cache (D:\CSstudy\Software\TODO\TODOAPP\android\.gradle\buildOutputCleanup)"        [_thread_blocked, id=32412, stack(0x0000001c94100000,0x0000001c94200000) (1024K)]
  0x0000018b64a72f20 JavaThread "Cache worker for checksums cache (D:\CSstudy\Software\TODO\TODOAPP\android\.gradle\9.1.0\checksums)"        [_thread_blocked, id=26036, stack(0x0000001c94200000,0x0000001c94300000) (1024K)]
  0x0000018b63c426e0 JavaThread "Cache worker for cache directory md-supplier (D:\SoftOfClass\Gradle\.gradle\caches\9.1.0\md-supplier)"        [_thread_blocked, id=12052, stack(0x0000001c94300000,0x0000001c94400000) (1024K)]
  0x0000018b636ff470 JavaThread "Cache worker for cache directory md-rule (D:\SoftOfClass\Gradle\.gradle\caches\9.1.0\md-rule)"        [_thread_blocked, id=22980, stack(0x0000001c94400000,0x0000001c94500000) (1024K)]
  0x0000018b636fe4d0 JavaThread "Cache worker for Build Output Cleanup Cache (D:\SoftWare\flutter\packages\flutter_tools\gradle\.gradle\buildOutputCleanup)"        [_thread_blocked, id=31336, stack(0x0000001c94500000,0x0000001c94600000) (1024K)]
  0x0000018b636ffc40 JavaThread "Unconstrained build operations"        [_thread_blocked, id=12224, stack(0x0000001c94800000,0x0000001c94900000) (1024K)]
  0x0000018b63700be0 JavaThread "Unconstrained build operations Thread 2"        [_thread_blocked, id=39392, stack(0x0000001c94900000,0x0000001c94a00000) (1024K)]
  0x0000018b60312fe0 JavaThread "Unconstrained build operations Thread 3"        [_thread_blocked, id=41820, stack(0x0000001c94a00000,0x0000001c94b00000) (1024K)]
  0x0000018b603137b0 JavaThread "Unconstrained build operations Thread 4"        [_thread_blocked, id=35684, stack(0x0000001c94b00000,0x0000001c94c00000) (1024K)]
  0x0000018b60313f80 JavaThread "Unconstrained build operations Thread 5"        [_thread_blocked, id=35200, stack(0x0000001c94c00000,0x0000001c94d00000) (1024K)]
  0x0000018b60315ec0 JavaThread "Unconstrained build operations Thread 6"        [_thread_blocked, id=37112, stack(0x0000001c94d00000,0x0000001c94e00000) (1024K)]
  0x0000018b60314750 JavaThread "Unconstrained build operations Thread 7"        [_thread_blocked, id=23144, stack(0x0000001c94e00000,0x0000001c94f00000) (1024K)]
  0x0000018b60314f20 JavaThread "Unconstrained build operations Thread 8"        [_thread_blocked, id=11496, stack(0x0000001c94f00000,0x0000001c95000000) (1024K)]
  0x0000018b603156f0 JavaThread "Unconstrained build operations Thread 9"        [_thread_blocked, id=3500, stack(0x0000001c95000000,0x0000001c95100000) (1024K)]
  0x0000018b781a4c60 JavaThread "Unconstrained build operations Thread 10"        [_thread_blocked, id=20568, stack(0x0000001c95100000,0x0000001c95200000) (1024K)]
  0x0000018b781a5430 JavaThread "Unconstrained build operations Thread 11"        [_thread_blocked, id=39900, stack(0x0000001c95200000,0x0000001c95300000) (1024K)]
  0x0000018b781a5c00 JavaThread "Unconstrained build operations Thread 12"        [_thread_blocked, id=23052, stack(0x0000001c95300000,0x0000001c95400000) (1024K)]
  0x0000018b781a7370 JavaThread "Unconstrained build operations Thread 13"        [_thread_blocked, id=37140, stack(0x0000001c95400000,0x0000001c95500000) (1024K)]
  0x0000018b781a6ba0 JavaThread "Unconstrained build operations Thread 14"        [_thread_blocked, id=2896, stack(0x0000001c95500000,0x0000001c95600000) (1024K)]
  0x0000018b781a63d0 JavaThread "Unconstrained build operations Thread 15"        [_thread_blocked, id=29740, stack(0x0000001c95600000,0x0000001c95700000) (1024K)]
  0x0000018b781a4490 JavaThread "Unconstrained build operations Thread 16"        [_thread_blocked, id=32080, stack(0x0000001c95700000,0x0000001c95800000) (1024K)]
  0x0000018b64d6a780 JavaThread "Unconstrained build operations Thread 17"        [_thread_blocked, id=3616, stack(0x0000001c95800000,0x0000001c95900000) (1024K)]
  0x0000018b64d697e0 JavaThread "Unconstrained build operations Thread 18"        [_thread_blocked, id=23176, stack(0x0000001c95900000,0x0000001c95a00000) (1024K)]
  0x0000018b7ff02390 JavaThread "Unconstrained build operations Thread 19"        [_thread_blocked, id=12032, stack(0x0000001c95a00000,0x0000001c95b00000) (1024K)]
  0x0000018b7ff013f0 JavaThread "Unconstrained build operations Thread 20"        [_thread_blocked, id=40772, stack(0x0000001c95b00000,0x0000001c95c00000) (1024K)]
  0x0000018b7ff02b60 JavaThread "Unconstrained build operations Thread 21"        [_thread_blocked, id=27880, stack(0x0000001c95c00000,0x0000001c95d00000) (1024K)]
  0x0000018b7ff03b00 JavaThread "Unconstrained build operations Thread 22"        [_thread_blocked, id=21168, stack(0x0000001c95d00000,0x0000001c95e00000) (1024K)]
  0x0000018b606f7860 JavaThread "Unconstrained build operations Thread 23"        [_thread_blocked, id=27912, stack(0x0000001c95e00000,0x0000001c95f00000) (1024K)]
  0x0000018b606f9f70 JavaThread "Unconstrained build operations Thread 24"        [_thread_blocked, id=41764, stack(0x0000001c95f00000,0x0000001c96000000) (1024K)]
  0x0000018b606fa740 JavaThread "Unconstrained build operations Thread 25"        [_thread_blocked, id=38556, stack(0x0000001c96000000,0x0000001c96100000) (1024K)]
  0x0000018b606f8800 JavaThread "Unconstrained build operations Thread 26"        [_thread_blocked, id=30764, stack(0x0000001c96100000,0x0000001c96200000) (1024K)]
  0x0000018b606f7090 JavaThread "Unconstrained build operations Thread 27"        [_thread_blocked, id=2832, stack(0x0000001c96200000,0x0000001c96300000) (1024K)]
  0x0000018b606faf10 JavaThread "Unconstrained build operations Thread 28"        [_thread_blocked, id=23096, stack(0x0000001c96300000,0x0000001c96400000) (1024K)]
  0x0000018b606fb6e0 JavaThread "Unconstrained build operations Thread 29"        [_thread_blocked, id=31292, stack(0x0000001c96400000,0x0000001c96500000) (1024K)]
  0x0000018b65442f60 JavaThread "Unconstrained build operations Thread 30"        [_thread_blocked, id=28920, stack(0x0000001c96500000,0x0000001c96600000) (1024K)]
  0x0000018b65443730 JavaThread "Unconstrained build operations Thread 31"        [_thread_blocked, id=40516, stack(0x0000001c96600000,0x0000001c96700000) (1024K)]
  0x0000018b65440080 JavaThread "Unconstrained build operations Thread 32"        [_thread_blocked, id=38888, stack(0x0000001c96700000,0x0000001c96800000) (1024K)]
  0x0000018b65443f00 JavaThread "Unconstrained build operations Thread 33"        [_thread_blocked, id=40152, stack(0x0000001c96800000,0x0000001c96900000) (1024K)]
  0x0000018b65440850 JavaThread "Unconstrained build operations Thread 34"        [_thread_blocked, id=3668, stack(0x0000001c96900000,0x0000001c96a00000) (1024K)]
  0x0000018b654446d0 JavaThread "Unconstrained build operations Thread 35"        [_thread_blocked, id=38264, stack(0x0000001c96a00000,0x0000001c96b00000) (1024K)]
  0x0000018b65441020 JavaThread "Unconstrained build operations Thread 36"        [_thread_blocked, id=39232, stack(0x0000001c96b00000,0x0000001c96c00000) (1024K)]
  0x0000018b65445e40 JavaThread "Unconstrained build operations Thread 37"        [_thread_blocked, id=14180, stack(0x0000001c96c00000,0x0000001c96d00000) (1024K)]
  0x0000018b65446610 JavaThread "Unconstrained build operations Thread 38"        [_thread_blocked, id=35652, stack(0x0000001c96d00000,0x0000001c96e00000) (1024K)]
  0x0000018b654475b0 JavaThread "Unconstrained build operations Thread 39"        [_thread_blocked, id=11704, stack(0x0000001c96e00000,0x0000001c96f00000) (1024K)]
  0x0000018b65444ea0 JavaThread "Unconstrained build operations Thread 40"        [_thread_blocked, id=38372, stack(0x0000001c96f00000,0x0000001c97000000) (1024K)]
  0x0000018b65445670 JavaThread "Unconstrained build operations Thread 41"        [_thread_blocked, id=31748, stack(0x0000001c97000000,0x0000001c97100000) (1024K)]
  0x0000018b62d4a170 JavaThread "Unconstrained build operations Thread 42"        [_thread_blocked, id=8268, stack(0x0000001c97100000,0x0000001c97200000) (1024K)]
  0x0000018b62d48a00 JavaThread "build event listener"              [_thread_blocked, id=20456, stack(0x0000001c97200000,0x0000001c97300000) (1024K)]
  0x0000018b6ad42fc0 JavaThread "included builds"                   [_thread_blocked, id=34380, stack(0x0000001c97300000,0x0000001c97400000) (1024K)]
  0x0000018b62d491d0 JavaThread "Execution worker"                  [_thread_blocked, id=40564, stack(0x0000001c97400000,0x0000001c97500000) (1024K)]
  0x0000018b62d499a0 JavaThread "Execution worker Thread 2"         [_thread_blocked, id=27844, stack(0x0000001c97500000,0x0000001c97600000) (1024K)]
  0x0000018b62d4b110 JavaThread "Execution worker Thread 3"         [_thread_blocked, id=31568, stack(0x0000001c97600000,0x0000001c97700000) (1024K)]
  0x0000018b62d48230 JavaThread "Execution worker Thread 4"         [_thread_blocked, id=27332, stack(0x0000001c97700000,0x0000001c97800000) (1024K)]
  0x0000018b62d4d050 JavaThread "Execution worker Thread 5"         [_thread_blocked, id=41180, stack(0x0000001c97800000,0x0000001c97900000) (1024K)]
  0x0000018b62d4c0b0 JavaThread "Execution worker Thread 6"         [_thread_blocked, id=41316, stack(0x0000001c97900000,0x0000001c97a00000) (1024K)]
  0x0000018b62d4e7c0 JavaThread "Execution worker Thread 7"         [_thread_blocked, id=30924, stack(0x0000001c97a00000,0x0000001c97b00000) (1024K)]
  0x0000018b62d4c880 JavaThread "Execution worker Thread 8"         [_thread_blocked, id=16268, stack(0x0000001c97b00000,0x0000001c97c00000) (1024K)]
  0x0000018b62d4dff0 JavaThread "Execution worker Thread 9"         [_thread_blocked, id=18716, stack(0x0000001c97c00000,0x0000001c97d00000) (1024K)]
  0x0000018b62d4ef90 JavaThread "Execution worker Thread 10"        [_thread_blocked, id=19584, stack(0x0000001c97d00000,0x0000001c97e00000) (1024K)]
  0x0000018b62d4d820 JavaThread "Execution worker Thread 11"        [_thread_blocked, id=25516, stack(0x0000001c97e00000,0x0000001c97f00000) (1024K)]
  0x0000018b64bdffa0 JavaThread "Execution worker Thread 12"        [_thread_blocked, id=34960, stack(0x0000001c97f00000,0x0000001c98000000) (1024K)]
  0x0000018b64bde830 JavaThread "Execution worker Thread 13"        [_thread_blocked, id=18804, stack(0x0000001c98000000,0x0000001c98100000) (1024K)]
  0x0000018b64bdf000 JavaThread "Execution worker Thread 14"        [_thread_blocked, id=36984, stack(0x0000001c98100000,0x0000001c98200000) (1024K)]
  0x0000018b64be0770 JavaThread "Execution worker Thread 15"        [_thread_blocked, id=38540, stack(0x0000001c98400000,0x0000001c98500000) (1024K)]
  0x0000018b64bdf7d0 JavaThread "Execution worker Thread 16"        [_thread_blocked, id=776, stack(0x0000001c98500000,0x0000001c98600000) (1024K)]
  0x0000018b64be0f40 JavaThread "Execution worker Thread 17"        [_thread_blocked, id=32056, stack(0x0000001c98600000,0x0000001c98700000) (1024K)]
  0x0000018b6cd63530 JavaThread "Cache worker for execution history cache (D:\SoftWare\flutter\packages\flutter_tools\gradle\.gradle\9.1.0\executionHistory)"        [_thread_blocked, id=21072, stack(0x0000001c98700000,0x0000001c98800000) (1024K)]
  0x0000018b64be1710 JavaThread "Execution worker Thread 18"        [_thread_blocked, id=660, stack(0x0000001c98800000,0x0000001c98900000) (1024K)]
  0x0000018b64bde060 JavaThread "Execution worker Thread 19"        [_thread_blocked, id=28280, stack(0x0000001c98900000,0x0000001c98a00000) (1024K)]
  0x0000018b64be5590 JavaThread "Execution worker Thread 20"        [_thread_blocked, id=7456, stack(0x0000001c98a00000,0x0000001c98b00000) (1024K)]
  0x0000018b64be4dc0 JavaThread "Execution worker Thread 21"        [_thread_blocked, id=40760, stack(0x0000001c98b00000,0x0000001c98c00000) (1024K)]
  0x0000018b6b87f4a0 JavaThread "Unconstrained build operations Thread 43"        [_thread_blocked, id=38644, stack(0x0000001c98c00000,0x0000001c98d00000) (1024K)]
  0x0000018b6b883320 JavaThread "Unconstrained build operations Thread 44"        [_thread_blocked, id=26992, stack(0x0000001c98d00000,0x0000001c98e00000) (1024K)]
  0x0000018b6b87fc70 JavaThread "Unconstrained build operations Thread 45"        [_thread_blocked, id=37220, stack(0x0000001c98e00000,0x0000001c98f00000) (1024K)]
  0x0000018b6b883af0 JavaThread "Unconstrained build operations Thread 46"        [_thread_blocked, id=36916, stack(0x0000001c98f00000,0x0000001c99000000) (1024K)]
  0x0000018b6b885a30 JavaThread "Unconstrained build operations Thread 47"        [_thread_blocked, id=38664, stack(0x0000001c99000000,0x0000001c99100000) (1024K)]
  0x0000018b6b8842c0 JavaThread "Unconstrained build operations Thread 48"        [_thread_blocked, id=40176, stack(0x0000001c99100000,0x0000001c99200000) (1024K)]
  0x0000018b6b884a90 JavaThread "Unconstrained build operations Thread 49"        [_thread_blocked, id=33560, stack(0x0000001c99200000,0x0000001c99300000) (1024K)]
  0x0000018b6b885260 JavaThread "Unconstrained build operations Thread 50"        [_thread_blocked, id=18236, stack(0x0000001c99300000,0x0000001c99400000) (1024K)]
  0x0000018b6d727890 JavaThread "Unconstrained build operations Thread 51"        [_thread_blocked, id=23452, stack(0x0000001c99400000,0x0000001c99500000) (1024K)]
  0x0000018b6d728830 JavaThread "Unconstrained build operations Thread 52"        [_thread_blocked, id=41092, stack(0x0000001c99500000,0x0000001c99600000) (1024K)]
  0x0000018b6d72d650 JavaThread "Unconstrained build operations Thread 53"        [_thread_blocked, id=9020, stack(0x0000001c99600000,0x0000001c99700000) (1024K)]
  0x0000018b6d72e5f0 JavaThread "Unconstrained build operations Thread 54"        [_thread_blocked, id=36436, stack(0x0000001c99700000,0x0000001c99800000) (1024K)]
  0x0000018b6e57e750 JavaThread "Unconstrained build operations Thread 55"        [_thread_blocked, id=33868, stack(0x0000001c99800000,0x0000001c99900000) (1024K)]
  0x0000018b6e57ef20 JavaThread "Unconstrained build operations Thread 56"        [_thread_blocked, id=35468, stack(0x0000001c99900000,0x0000001c99a00000) (1024K)]
  0x0000018b6e57b870 JavaThread "Unconstrained build operations Thread 57"        [_thread_blocked, id=8588, stack(0x0000001c99a00000,0x0000001c99b00000) (1024K)]
  0x0000018b6e57f6f0 JavaThread "Unconstrained build operations Thread 58"        [_thread_blocked, id=38956, stack(0x0000001c99b00000,0x0000001c99c00000) (1024K)]
  0x0000018b6e57c040 JavaThread "Unconstrained build operations Thread 59"        [_thread_blocked, id=36856, stack(0x0000001c99c00000,0x0000001c99d00000) (1024K)]
  0x0000018b6e580690 JavaThread "Unconstrained build operations Thread 60"        [_thread_blocked, id=3344, stack(0x0000001c99d00000,0x0000001c99e00000) (1024K)]
  0x0000018b6e581630 JavaThread "Unconstrained build operations Thread 61"        [_thread_blocked, id=35660, stack(0x0000001c99e00000,0x0000001c99f00000) (1024K)]
  0x0000018b6e581e00 JavaThread "Unconstrained build operations Thread 62"        [_thread_blocked, id=41480, stack(0x0000001c99f00000,0x0000001c9a000000) (1024K)]
  0x0000018b6e5825d0 JavaThread "Unconstrained build operations Thread 63"        [_thread_blocked, id=7800, stack(0x0000001c9a000000,0x0000001c9a100000) (1024K)]
  0x0000018b6dbd42a0 JavaThread "Unconstrained build operations Thread 64"        [_thread_blocked, id=29908, stack(0x0000001c9a100000,0x0000001c9a200000) (1024K)]
  0x0000018b6dbd0bf0 JavaThread "Unconstrained build operations Thread 65"        [_thread_blocked, id=35024, stack(0x0000001c9a200000,0x0000001c9a300000) (1024K)]
  0x0000018b6dbd4a70 JavaThread "Unconstrained build operations Thread 66"        [_thread_blocked, id=21552, stack(0x0000001c9a300000,0x0000001c9a400000) (1024K)]
  0x0000018b6dbd5a10 JavaThread "Unconstrained build operations Thread 67"        [_thread_blocked, id=29984, stack(0x0000001c9a400000,0x0000001c9a500000) (1024K)]
  0x0000018b6dbd61e0 JavaThread "Unconstrained build operations Thread 68"        [_thread_blocked, id=26444, stack(0x0000001c9a500000,0x0000001c9a600000) (1024K)]
  0x0000018b6dbd69b0 JavaThread "Unconstrained build operations Thread 69"        [_thread_blocked, id=35028, stack(0x0000001c9a600000,0x0000001c9a700000) (1024K)]
  0x0000018b78a651d0 JavaThread "Unconstrained build operations Thread 70"        [_thread_blocked, id=15504, stack(0x0000001c9a700000,0x0000001c9a800000) (1024K)]
  0x0000018b78a66170 JavaThread "Unconstrained build operations Thread 71"        [_thread_blocked, id=31404, stack(0x0000001c9a800000,0x0000001c9a900000) (1024K)]
  0x0000018b78a66940 JavaThread "Unconstrained build operations Thread 72"        [_thread_blocked, id=40316, stack(0x0000001c9a900000,0x0000001c9aa00000) (1024K)]
  0x0000018b78a63290 JavaThread "Unconstrained build operations Thread 73"        [_thread_blocked, id=35072, stack(0x0000001c9aa00000,0x0000001c9ab00000) (1024K)]
  0x0000018b78a63a60 JavaThread "Unconstrained build operations Thread 74"        [_thread_blocked, id=13812, stack(0x0000001c9ab00000,0x0000001c9ac00000) (1024K)]
  0x0000018b78a64230 JavaThread "Unconstrained build operations Thread 75"        [_thread_blocked, id=21180, stack(0x0000001c9ac00000,0x0000001c9ad00000) (1024K)]
  0x0000018b78a64a00 JavaThread "Unconstrained build operations Thread 76"        [_thread_blocked, id=27524, stack(0x0000001c9ad00000,0x0000001c9ae00000) (1024K)]
  0x0000018b005a3240 JavaThread "Unconstrained build operations Thread 77"        [_thread_blocked, id=29776, stack(0x0000001c9ae00000,0x0000001c9af00000) (1024K)]
  0x0000018b005a41e0 JavaThread "Unconstrained build operations Thread 78"        [_thread_blocked, id=22440, stack(0x0000001c9af00000,0x0000001c9b000000) (1024K)]
  0x0000018b005a5950 JavaThread "Unconstrained build operations Thread 79"        [_thread_blocked, id=38500, stack(0x0000001c9b000000,0x0000001c9b100000) (1024K)]
  0x0000018b6d72edc0 JavaThread "Unconstrained build operations Thread 80"        [_thread_blocked, id=30680, stack(0x0000001c9b100000,0x0000001c9b200000) (1024K)]
  0x0000018b6d72ce80 JavaThread "Unconstrained build operations Thread 81"        [_thread_blocked, id=35208, stack(0x0000001c9b200000,0x0000001c9b300000) (1024K)]
  0x0000018b6d72de20 JavaThread "Unconstrained build operations Thread 82"        [_thread_blocked, id=10160, stack(0x0000001c9b300000,0x0000001c9b400000) (1024K)]
  0x0000018b62007a40 JavaThread "Unconstrained build operations Thread 83"        [_thread_blocked, id=21032, stack(0x0000001c9b400000,0x0000001c9b500000) (1024K)]
  0x0000018b62005330 JavaThread "Unconstrained build operations Thread 84"        [_thread_blocked, id=33712, stack(0x0000001c9b500000,0x0000001c9b600000) (1024K)]
  0x0000018b620062d0 JavaThread "Unconstrained build operations Thread 85"        [_thread_blocked, id=22280, stack(0x0000001c9b600000,0x0000001c9b700000) (1024K)]
  0x0000018b5a2b0000 JavaThread "Unconstrained build operations Thread 86"        [_thread_blocked, id=20144, stack(0x0000001c9b700000,0x0000001c9b800000) (1024K)]
  0x0000018b5a2b07d0 JavaThread "Unconstrained build operations Thread 87"        [_thread_blocked, id=41504, stack(0x0000001c9b800000,0x0000001c9b900000) (1024K)]
  0x0000018b5a2af060 JavaThread "Unconstrained build operations Thread 88"        [_thread_blocked, id=41220, stack(0x0000001c9b900000,0x0000001c9ba00000) (1024K)]
  0x0000018b7ff64a50 JavaThread "Unconstrained build operations Thread 89"        [_thread_blocked, id=15484, stack(0x0000001c9ba00000,0x0000001c9bb00000) (1024K)]
  0x0000018b7ff62b10 JavaThread "Unconstrained build operations Thread 90"        [_thread_blocked, id=8764, stack(0x0000001c9bb00000,0x0000001c9bc00000) (1024K)]
  0x0000018b7ff64280 JavaThread "Unconstrained build operations Thread 91"        [_thread_blocked, id=3296, stack(0x0000001c9bc00000,0x0000001c9bd00000) (1024K)]
  0x0000018b7ff65220 JavaThread "Unconstrained build operations Thread 92"        [_thread_blocked, id=24572, stack(0x0000001c9bd00000,0x0000001c9be00000) (1024K)]
  0x0000018b7ff659f0 JavaThread "Unconstrained build operations Thread 93"        [_thread_blocked, id=3388, stack(0x0000001c9be00000,0x0000001c9bf00000) (1024K)]
  0x0000018b7ff661c0 JavaThread "Unconstrained build operations Thread 94"        [_thread_blocked, id=38336, stack(0x0000001c9bf00000,0x0000001c9c000000) (1024K)]
  0x0000018b7ff632e0 JavaThread "Unconstrained build operations Thread 95"        [_thread_blocked, id=30196, stack(0x0000001c9c000000,0x0000001c9c100000) (1024K)]
  0x0000018b7ff63ab0 JavaThread "Unconstrained build operations Thread 96"        [_thread_blocked, id=23332, stack(0x0000001c9c100000,0x0000001c9c200000) (1024K)]
  0x0000018b64398b70 JavaThread "Unconstrained build operations Thread 97"        [_thread_blocked, id=28336, stack(0x0000001c9c200000,0x0000001c9c300000) (1024K)]
  0x0000018b64395c90 JavaThread "Unconstrained build operations Thread 98"        [_thread_blocked, id=30352, stack(0x0000001c9c300000,0x0000001c9c400000) (1024K)]
  0x0000018b643983a0 JavaThread "Unconstrained build operations Thread 99"        [_thread_blocked, id=28088, stack(0x0000001c9c400000,0x0000001c9c500000) (1024K)]
  0x0000018b64397bd0 JavaThread "Unconstrained build operations Thread 100"        [_thread_blocked, id=14308, stack(0x0000001c9c500000,0x0000001c9c600000) (1024K)]
  0x0000018b6fac2cd0 JavaThread "Unconstrained build operations Thread 101"        [_thread_blocked, id=14392, stack(0x0000001c9c600000,0x0000001c9c700000) (1024K)]
  0x0000018b6faca200 JavaThread "Unconstrained build operations Thread 102"        [_thread_blocked, id=38676, stack(0x0000001c9c700000,0x0000001c9c800000) (1024K)]
  0x0000018b6fac7320 JavaThread "Unconstrained build operations Thread 103"        [_thread_blocked, id=3612, stack(0x0000001c9c800000,0x0000001c9c900000) (1024K)]
  0x0000018b65c280c0 JavaThread "Unconstrained build operations Thread 104"        [_thread_blocked, id=11120, stack(0x0000001c9c900000,0x0000001c9ca00000) (1024K)]
  0x0000018b65c251e0 JavaThread "Unconstrained build operations Thread 105"        [_thread_blocked, id=31488, stack(0x0000001c9ca00000,0x0000001c9cb00000) (1024K)]
  0x0000018b65c24a10 JavaThread "Unconstrained build operations Thread 106"        [_thread_blocked, id=29680, stack(0x0000001c9cb00000,0x0000001c9cc00000) (1024K)]
  0x0000018b65c27120 JavaThread "Unconstrained build operations Thread 107"        [_thread_blocked, id=21940, stack(0x0000001c9cc00000,0x0000001c9cd00000) (1024K)]
  0x0000018b65c259b0 JavaThread "Unconstrained build operations Thread 108"        [_thread_blocked, id=12228, stack(0x0000001c9cd00000,0x0000001c9ce00000) (1024K)]
  0x0000018b65c278f0 JavaThread "Unconstrained build operations Thread 109"        [_thread_blocked, id=17144, stack(0x0000001c9ce00000,0x0000001c9cf00000) (1024K)]
  0x0000018b627ce7d0 JavaThread "Unconstrained build operations Thread 110"        [_thread_blocked, id=3352, stack(0x0000001c9cf00000,0x0000001c9d000000) (1024K)]
  0x0000018b627cff40 JavaThread "Unconstrained build operations Thread 111"        [_thread_blocked, id=34088, stack(0x0000001c9d000000,0x0000001c9d100000) (1024K)]
  0x0000018b627cf770 JavaThread "Unconstrained build operations Thread 112"        [_thread_blocked, id=39184, stack(0x0000001c9d100000,0x0000001c9d200000) (1024K)]
  0x0000018b627d0710 JavaThread "Unconstrained build operations Thread 113"        [_thread_blocked, id=7740, stack(0x0000001c9d200000,0x0000001c9d300000) (1024K)]
  0x0000018b627cd830 JavaThread "Unconstrained build operations Thread 114"        [_thread_blocked, id=40224, stack(0x0000001c9d300000,0x0000001c9d400000) (1024K)]
  0x0000018b6a274870 JavaThread "Unconstrained build operations Thread 115"        [_thread_blocked, id=18100, stack(0x0000001c9d400000,0x0000001c9d500000) (1024K)]
  0x0000018b60fbd380 JavaThread "Unconstrained build operations Thread 116"        [_thread_blocked, id=41028, stack(0x0000001c9d500000,0x0000001c9d600000) (1024K)]
  0x0000018b60fbfa90 JavaThread "Unconstrained build operations Thread 117"        [_thread_blocked, id=30140, stack(0x0000001c9d600000,0x0000001c9d700000) (1024K)]
  0x0000018b60fc0260 JavaThread "Unconstrained build operations Thread 118"        [_thread_blocked, id=18820, stack(0x0000001c9d700000,0x0000001c9d800000) (1024K)]
  0x0000018b60fbdb50 JavaThread "Unconstrained build operations Thread 119"        [_thread_blocked, id=25504, stack(0x0000001c9d800000,0x0000001c9d900000) (1024K)]
  0x0000018b6cde1710 JavaThread "Unconstrained build operations Thread 120"        [_thread_blocked, id=37640, stack(0x0000001c9d900000,0x0000001c9da00000) (1024K)]
  0x0000018b6550ce50 JavaThread "Unconstrained build operations Thread 121"        [_thread_blocked, id=40080, stack(0x0000001c9da00000,0x0000001c9db00000) (1024K)]
  0x0000018b60097960 JavaThread "build event listener"              [_thread_blocked, id=39752, stack(0x0000001c9db00000,0x0000001c9dc00000) (1024K)]
  0x0000018b60098130 JavaThread "build event listener"              [_thread_blocked, id=34220, stack(0x0000001c9dc00000,0x0000001c9dd00000) (1024K)]
  0x0000018b60098900 JavaThread "Problems report writer"            [_thread_blocked, id=27824, stack(0x0000001c9dd00000,0x0000001c9de00000) (1024K)]
  0x0000018b62f49940 JavaThread "Unconstrained build operations Thread 122"        [_thread_blocked, id=19352, stack(0x0000001c9de00000,0x0000001c9df00000) (1024K)]
  0x0000018b62f489a0 JavaThread "Unconstrained build operations Thread 123"        [_thread_blocked, id=33124, stack(0x0000001c9df00000,0x0000001c9e000000) (1024K)]
  0x0000018b62f4a110 JavaThread "Unconstrained build operations Thread 124"        [_thread_blocked, id=39616, stack(0x0000001c9e000000,0x0000001c9e100000) (1024K)]
  0x0000018b62f481d0 JavaThread "Unconstrained build operations Thread 125"        [_thread_blocked, id=3556, stack(0x0000001c9e100000,0x0000001c9e200000) (1024K)]
  0x0000018b6e270cc0 JavaThread "Unconstrained build operations Thread 126"        [_thread_blocked, id=27352, stack(0x0000001c9e200000,0x0000001c9e300000) (1024K)]
  0x0000018b6e271490 JavaThread "Unconstrained build operations Thread 127"        [_thread_blocked, id=36732, stack(0x0000001c9e300000,0x0000001c9e400000) (1024K)]
  0x0000018b6e26f550 JavaThread "Unconstrained build operations Thread 128"        [_thread_blocked, id=32888, stack(0x0000001c9e400000,0x0000001c9e500000) (1024K)]
  0x0000018b6e275ae0 JavaThread "Unconstrained build operations Thread 129"        [_thread_blocked, id=17636, stack(0x0000001c9e500000,0x0000001c9e600000) (1024K)]
  0x0000018b6e274370 JavaThread "Unconstrained build operations Thread 130"        [_thread_blocked, id=19232, stack(0x0000001c9e600000,0x0000001c9e700000) (1024K)]
  0x0000018b6e2762b0 JavaThread "Unconstrained build operations Thread 131"        [_thread_blocked, id=18296, stack(0x0000001c9e700000,0x0000001c9e800000) (1024K)]
  0x0000018b02d9f190 JavaThread "Unconstrained build operations Thread 132"        [_thread_blocked, id=31168, stack(0x0000001c9e900000,0x0000001c9ea00000) (1024K)]
  0x0000018b02da2840 JavaThread "Unconstrained build operations Thread 133"        [_thread_blocked, id=10192, stack(0x0000001c9ea00000,0x0000001c9eb00000) (1024K)]
  0x0000018b02da0130 JavaThread "Unconstrained build operations Thread 134"        [_thread_blocked, id=37660, stack(0x0000001c9eb00000,0x0000001c9ec00000) (1024K)]
  0x0000018b02da10d0 JavaThread "Unconstrained build operations Thread 135"        [_thread_blocked, id=29056, stack(0x0000001c9ec00000,0x0000001c9ed00000) (1024K)]
  0x0000018b02d9f960 JavaThread "Unconstrained build operations Thread 136"        [_thread_blocked, id=18564, stack(0x0000001c9ed00000,0x0000001c9ee00000) (1024K)]
  0x0000018b02da18a0 JavaThread "Unconstrained build operations Thread 137"        [_thread_blocked, id=35396, stack(0x0000001c9ee00000,0x0000001c9ef00000) (1024K)]
  0x0000018b63184e00 JavaThread "Unconstrained build operations Thread 138"        [_thread_blocked, id=41584, stack(0x0000001c9ef00000,0x0000001c9f000000) (1024K)]
  0x0000018b63186d40 JavaThread "Unconstrained build operations Thread 139"        [_thread_blocked, id=10724, stack(0x0000001c9f000000,0x0000001c9f100000) (1024K)]
  0x0000018b631855d0 JavaThread "Unconstrained build operations Thread 140"        [_thread_blocked, id=30860, stack(0x0000001c9f100000,0x0000001c9f200000) (1024K)]
  0x0000018b63183e60 JavaThread "Unconstrained build operations Thread 141"        [_thread_blocked, id=28864, stack(0x0000001c9f200000,0x0000001c9f300000) (1024K)]
  0x0000018b63185da0 JavaThread "Unconstrained build operations Thread 142"        [_thread_blocked, id=24712, stack(0x0000001c9f300000,0x0000001c9f400000) (1024K)]
  0x0000018b63186570 JavaThread "Unconstrained build operations Thread 143"        [_thread_blocked, id=34708, stack(0x0000001c9f400000,0x0000001c9f500000) (1024K)]
  0x0000018b6078fdb0 JavaThread "Unconstrained build operations Thread 144"        [_thread_blocked, id=33656, stack(0x0000001c9f500000,0x0000001c9f600000) (1024K)]
  0x0000018b60790580 JavaThread "Unconstrained build operations Thread 145"        [_thread_blocked, id=3912, stack(0x0000001c9f600000,0x0000001c9f700000) (1024K)]
  0x0000018b60791cf0 JavaThread "Unconstrained build operations Thread 146"        [_thread_blocked, id=35452, stack(0x0000001c9f700000,0x0000001c9f800000) (1024K)]
  0x0000018b607924c0 JavaThread "Unconstrained build operations Thread 147"        [_thread_blocked, id=772, stack(0x0000001c9f800000,0x0000001c9f900000) (1024K)]
  0x0000018b60792c90 JavaThread "Unconstrained build operations Thread 148"        [_thread_blocked, id=26216, stack(0x0000001c9f900000,0x0000001c9fa00000) (1024K)]
  0x0000018b6a275810 JavaThread "Unconstrained build operations Thread 149"        [_thread_blocked, id=35428, stack(0x0000001c9fa00000,0x0000001c9fb00000) (1024K)]
  0x0000018b6a277750 JavaThread "Unconstrained build operations Thread 150"        [_thread_blocked, id=11820, stack(0x0000001c9fb00000,0x0000001c9fc00000) (1024K)]
  0x0000018b6a275fe0 JavaThread "Unconstrained build operations Thread 151"        [_thread_blocked, id=40140, stack(0x0000001c9fc00000,0x0000001c9fd00000) (1024K)]
  0x0000018b6a2767b0 JavaThread "Unconstrained build operations Thread 152"        [_thread_blocked, id=38720, stack(0x0000001c9fd00000,0x0000001c9fe00000) (1024K)]
  0x0000018b6a276f80 JavaThread "Unconstrained build operations Thread 153"        [_thread_blocked, id=5192, stack(0x0000001c9fe00000,0x0000001c9ff00000) (1024K)]
  0x0000018b59881cd0 JavaThread "Unconstrained build operations Thread 154"        [_thread_blocked, id=26124, stack(0x0000001c9ff00000,0x0000001ca0000000) (1024K)]
  0x0000018b598824a0 JavaThread "Unconstrained build operations Thread 155"        [_thread_blocked, id=29912, stack(0x0000001ca0200000,0x0000001ca0300000) (1024K)]
  0x0000018b00896bd0 JavaThread "Unconstrained build operations Thread 156"        [_thread_blocked, id=14404, stack(0x0000001ca0300000,0x0000001ca0400000) (1024K)]
  0x0000018b6ad44f00 JavaThread "Unconstrained build operations Thread 157"        [_thread_blocked, id=25964, stack(0x0000001ca0400000,0x0000001ca0500000) (1024K)]
  0x0000018b6ad47610 JavaThread "Unconstrained build operations Thread 158"        [_thread_blocked, id=21364, stack(0x0000001ca0500000,0x0000001ca0600000) (1024K)]
  0x0000018b613797a0 JavaThread "Unconstrained build operations Thread 159"        [_thread_blocked, id=22556, stack(0x0000001ca0600000,0x0000001ca0700000) (1024K)]
  0x0000018b61379f70 JavaThread "Unconstrained build operations Thread 160"        [_thread_blocked, id=40096, stack(0x0000001ca0700000,0x0000001ca0800000) (1024K)]
  0x0000018b61377090 JavaThread "Unconstrained build operations Thread 161"        [_thread_blocked, id=3328, stack(0x0000001ca0800000,0x0000001ca0900000) (1024K)]
  0x0000018b61377860 JavaThread "Unconstrained build operations Thread 162"        [_thread_blocked, id=41596, stack(0x0000001ca0900000,0x0000001ca0a00000) (1024K)]
  0x0000018b61378030 JavaThread "Unconstrained build operations Thread 163"        [_thread_blocked, id=36424, stack(0x0000001ca0a00000,0x0000001ca0b00000) (1024K)]
  0x0000018b0b0b38d0 JavaThread "Unconstrained build operations Thread 164"        [_thread_blocked, id=29628, stack(0x0000001ca0b00000,0x0000001ca0c00000) (1024K)]
  0x0000018b0b0b2930 JavaThread "Unconstrained build operations Thread 165"        [_thread_blocked, id=35600, stack(0x0000001ca0c00000,0x0000001ca0d00000) (1024K)]
  0x0000018b0b0b5810 JavaThread "Unconstrained build operations Thread 166"        [_thread_blocked, id=24660, stack(0x0000001ca0d00000,0x0000001ca0e00000) (1024K)]
  0x0000018b0b0b2160 JavaThread "Unconstrained build operations Thread 167"        [_thread_blocked, id=23288, stack(0x0000001ca0e00000,0x0000001ca0f00000) (1024K)]
  0x0000018b0b0b3100 JavaThread "Unconstrained build operations Thread 168"        [_thread_blocked, id=30468, stack(0x0000001ca0f00000,0x0000001ca1000000) (1024K)]
  0x0000018b0b0b40a0 JavaThread "Unconstrained build operations Thread 169"        [_thread_blocked, id=17808, stack(0x0000001ca1000000,0x0000001ca1100000) (1024K)]
  0x0000018b0b0b4870 JavaThread "Unconstrained build operations Thread 170"        [_thread_blocked, id=41732, stack(0x0000001ca1100000,0x0000001ca1200000) (1024K)]
  0x0000018b620089e0 JavaThread "Unconstrained build operations Thread 171"        [_thread_blocked, id=11752, stack(0x0000001ca1200000,0x0000001ca1300000) (1024K)]
  0x0000018b62005b00 JavaThread "Unconstrained build operations Thread 172"        [_thread_blocked, id=22692, stack(0x0000001ca1300000,0x0000001ca1400000) (1024K)]
  0x0000018b62006aa0 JavaThread "Unconstrained build operations Thread 173"        [_thread_blocked, id=812, stack(0x0000001ca1400000,0x0000001ca1500000) (1024K)]
  0x0000018b62008210 JavaThread "Unconstrained build operations Thread 174"        [_thread_blocked, id=32416, stack(0x0000001ca1500000,0x0000001ca1600000) (1024K)]
  0x0000018b6b87e500 JavaThread "Unconstrained build operations Thread 175"        [_thread_blocked, id=2488, stack(0x0000001ca1800000,0x0000001ca1900000) (1024K)]
  0x0000018b635316c0 JavaThread "Unconstrained build operations Thread 176"        [_thread_blocked, id=41776, stack(0x0000001ca1900000,0x0000001ca1a00000) (1024K)]
  0x0000018b63533600 JavaThread "Unconstrained build operations Thread 177"        [_thread_blocked, id=11972, stack(0x0000001ca1a00000,0x0000001ca1b00000) (1024K)]
  0x0000018b63533dd0 JavaThread "Unconstrained build operations Thread 178"        [_thread_blocked, id=34616, stack(0x0000001ca1b00000,0x0000001ca1c00000) (1024K)]
  0x0000018b635345a0 JavaThread "Unconstrained build operations Thread 179"        [_thread_blocked, id=22196, stack(0x0000001ca1c00000,0x0000001ca1d00000) (1024K)]
  0x0000018b63534d70 JavaThread "Unconstrained build operations Thread 180"        [_thread_blocked, id=36504, stack(0x0000001ca1d00000,0x0000001ca1e00000) (1024K)]
  0x0000018b63531e90 JavaThread "Unconstrained build operations Thread 181"        [_thread_blocked, id=28888, stack(0x0000001ca1e00000,0x0000001ca1f00000) (1024K)]
  0x0000018b63532660 JavaThread "Unconstrained build operations Thread 182"        [_thread_blocked, id=36508, stack(0x0000001ca1f00000,0x0000001ca2000000) (1024K)]
  0x0000018b58c48030 JavaThread "Unconstrained build operations Thread 183"        [_thread_blocked, id=10016, stack(0x0000001ca2000000,0x0000001ca2100000) (1024K)]
  0x0000018b58c4e5c0 JavaThread "Unconstrained build operations Thread 184"        [_thread_blocked, id=3192, stack(0x0000001ca2100000,0x0000001ca2200000) (1024K)]
  0x0000018b0055d550 JavaThread "Unconstrained build operations Thread 185"        [_thread_blocked, id=17832, stack(0x0000001ca2200000,0x0000001ca2300000) (1024K)]
  0x0000018b0055c5b0 JavaThread "Unconstrained build operations Thread 186"        [_thread_blocked, id=22264, stack(0x0000001ca2300000,0x0000001ca2400000) (1024K)]
  0x0000018b0055cd80 JavaThread "Unconstrained build operations Thread 187"        [_thread_blocked, id=29020, stack(0x0000001ca2400000,0x0000001ca2500000) (1024K)]
  0x0000018b00559ea0 JavaThread "Unconstrained build operations Thread 188"        [_thread_blocked, id=38812, stack(0x0000001ca2500000,0x0000001ca2600000) (1024K)]
  0x0000018b0055a670 JavaThread "Unconstrained build operations Thread 189"        [_thread_blocked, id=15716, stack(0x0000001ca2600000,0x0000001ca2700000) (1024K)]
  0x0000018b6e2733d0 JavaThread "Unconstrained build operations Thread 190"        [_thread_blocked, id=6440, stack(0x0000001ca2700000,0x0000001ca2800000) (1024K)]
  0x0000018b6e274b40 JavaThread "Unconstrained build operations Thread 191"        [_thread_blocked, id=1876, stack(0x0000001ca2800000,0x0000001ca2900000) (1024K)]
  0x0000018b6e273ba0 JavaThread "Unconstrained build operations Thread 192"        [_thread_blocked, id=38976, stack(0x0000001ca2900000,0x0000001ca2a00000) (1024K)]
  0x0000018b6e275310 JavaThread "Unconstrained build operations Thread 193"        [_thread_blocked, id=39792, stack(0x0000001ca2a00000,0x0000001ca2b00000) (1024K)]
  0x0000018b62c60e60 JavaThread "Unconstrained build operations Thread 194"        [_thread_blocked, id=26084, stack(0x0000001ca2b00000,0x0000001ca2c00000) (1024K)]
  0x0000018b62c5f6f0 JavaThread "Unconstrained build operations Thread 195"        [_thread_blocked, id=16436, stack(0x0000001ca2c00000,0x0000001ca2d00000) (1024K)]
  0x0000018b62c61e00 JavaThread "Unconstrained build operations Thread 196"        [_thread_blocked, id=35924, stack(0x0000001ca2e00000,0x0000001ca2f00000) (1024K)]
  0x0000018b6df55bb0 JavaThread "Unconstrained build operations Thread 197"        [_thread_blocked, id=30296, stack(0x0000001ca2f00000,0x0000001ca3000000) (1024K)]
  0x0000018b65e9a010 JavaThread "Unconstrained build operations Thread 198"        [_thread_blocked, id=40932, stack(0x0000001ca3000000,0x0000001ca3100000) (1024K)]
  0x0000018b65e9afb0 JavaThread "Unconstrained build operations Thread 199"        [_thread_blocked, id=11028, stack(0x0000001ca3100000,0x0000001ca3200000) (1024K)]
  0x0000018b65e9bf50 JavaThread "Unconstrained build operations Thread 200"        [_thread_blocked, id=13472, stack(0x0000001ca3200000,0x0000001ca3300000) (1024K)]
  0x0000018b65e988a0 JavaThread "Unconstrained build operations Thread 201"        [_thread_blocked, id=33924, stack(0x0000001ca3300000,0x0000001ca3400000) (1024K)]
  0x0000018b65e9a7e0 JavaThread "Unconstrained build operations Thread 202"        [_thread_blocked, id=22684, stack(0x0000001ca3400000,0x0000001ca3500000) (1024K)]
  0x0000018b6ec67530 JavaThread "Unconstrained build operations Thread 203"        [_thread_blocked, id=40100, stack(0x0000001ca3500000,0x0000001ca3600000) (1024K)]
  0x0000018b6ec63e80 JavaThread "Unconstrained build operations Thread 204"        [_thread_blocked, id=21912, stack(0x0000001ca3600000,0x0000001ca3700000) (1024K)]
  0x0000018b6ec65dc0 JavaThread "Unconstrained build operations Thread 205"        [_thread_blocked, id=40976, stack(0x0000001ca3700000,0x0000001ca3800000) (1024K)]
  0x0000018b6ec66590 JavaThread "Unconstrained build operations Thread 206"        [_thread_blocked, id=33928, stack(0x0000001ca3800000,0x0000001ca3900000) (1024K)]
  0x0000018b6ec66d60 JavaThread "Unconstrained build operations Thread 207"        [_thread_blocked, id=23888, stack(0x0000001ca3900000,0x0000001ca3a00000) (1024K)]
  0x0000018b61ebbb80 JavaThread "Unconstrained build operations Thread 208"        [_thread_blocked, id=31152, stack(0x0000001ca3a00000,0x0000001ca3b00000) (1024K)]
  0x0000018b61ebe290 JavaThread "Unconstrained build operations Thread 209"        [_thread_blocked, id=2204, stack(0x0000001ca3b00000,0x0000001ca3c00000) (1024K)]
  0x0000018b61ebb3b0 JavaThread "Unconstrained build operations Thread 210"        [_thread_blocked, id=41304, stack(0x0000001ca3c00000,0x0000001ca3d00000) (1024K)]
  0x0000018b61ebd2f0 JavaThread "Unconstrained build operations Thread 211"        [_thread_blocked, id=7720, stack(0x0000001ca4400000,0x0000001ca4500000) (1024K)]
  0x0000018b61ebc350 JavaThread "Unconstrained build operations Thread 212"        [_thread_blocked, id=33460, stack(0x0000001ca4800000,0x0000001ca4900000) (1024K)]
  0x0000018b61ebcb20 JavaThread "Unconstrained build operations Thread 213"        [_thread_blocked, id=40240, stack(0x0000001ca4900000,0x0000001ca4a00000) (1024K)]
  0x0000018b61ebdac0 JavaThread "Unconstrained build operations Thread 214"        [_thread_blocked, id=23140, stack(0x0000001ca4a00000,0x0000001ca4b00000) (1024K)]
  0x0000018b61ebea60 JavaThread "Unconstrained build operations Thread 215"        [_thread_blocked, id=4284, stack(0x0000001ca4b00000,0x0000001ca4c00000) (1024K)]
  0x0000018b6425a7a0 JavaThread "Unconstrained build operations Thread 216"        [_thread_blocked, id=34748, stack(0x0000001ca4c00000,0x0000001ca4d00000) (1024K)]
  0x0000018b6425af70 JavaThread "Unconstrained build operations Thread 217"        [_thread_blocked, id=32200, stack(0x0000001ca4d00000,0x0000001ca4e00000) (1024K)]
  0x0000018b6425c6e0 JavaThread "Unconstrained build operations Thread 218"        [_thread_blocked, id=28964, stack(0x0000001ca4e00000,0x0000001ca4f00000) (1024K)]
  0x0000018b6425b740 JavaThread "Unconstrained build operations Thread 219"        [_thread_blocked, id=36876, stack(0x0000001ca4f00000,0x0000001ca5000000) (1024K)]
  0x0000018b6425d680 JavaThread "Unconstrained build operations Thread 220"        [_thread_blocked, id=37268, stack(0x0000001ca5000000,0x0000001ca5100000) (1024K)]
  0x0000018b58c50500 JavaThread "jar transforms Thread 19"          [_thread_blocked, id=992, stack(0x0000001ca5100000,0x0000001ca5200000) (1024K)]
  0x0000018b62834310 JavaThread "C1 CompilerThread1"         daemon [_thread_blocked, id=37816, stack(0x0000001c93d00000,0x0000001c93e00000) (1024K)]
  0x0000018b6c2269c0 JavaThread "C2 CompilerThread1"         daemon [_thread_blocked, id=40484, stack(0x0000001c91700000,0x0000001c91800000) (1024K)]
  0x0000018b6a798b10 JavaThread "C2 CompilerThread2"         daemon [_thread_blocked, id=20724, stack(0x0000001c91800000,0x0000001c91900000) (1024K)]
  0x0000018b63c3ffc0 JavaThread "C2 CompilerThread3"         daemon [_thread_blocked, id=11712, stack(0x0000001c91900000,0x0000001c91a00000) (1024K)]
  0x0000018b62cf7300 JavaThread "C1 CompilerThread2"         daemon [_thread_blocked, id=10528, stack(0x0000001c92f00000,0x0000001c93000000) (1024K)]
Total: 325

Other Threads:
=>0x0000018b5176a6a0 VMThread "VM Thread"                           [id=28312, stack(0x0000001c90b00000,0x0000001c90c00000) (1024K)]
  0x0000018b4e503900 WatcherThread "VM Periodic Task Thread"        [id=32472, stack(0x0000001c90a00000,0x0000001c90b00000) (1024K)]
  0x0000018b20016340 WorkerThread "GC Thread#0"                     [id=14880, stack(0x0000001c90500000,0x0000001c90600000) (1024K)]
  0x0000018b56ae0510 WorkerThread "GC Thread#1"                     [id=18064, stack(0x0000001c91a00000,0x0000001c91b00000) (1024K)]
  0x0000018b56b043c0 WorkerThread "GC Thread#2"                     [id=21824, stack(0x0000001c91b00000,0x0000001c91c00000) (1024K)]
  0x0000018b56b02590 WorkerThread "GC Thread#3"                     [id=3308, stack(0x0000001c91c00000,0x0000001c91d00000) (1024K)]
  0x0000018b56b01450 WorkerThread "GC Thread#4"                     [id=13556, stack(0x0000001c91d00000,0x0000001c91e00000) (1024K)]
  0x0000018b56b00bb0 WorkerThread "GC Thread#5"                     [id=21680, stack(0x0000001c91e00000,0x0000001c91f00000) (1024K)]
  0x0000018b56b01cf0 WorkerThread "GC Thread#6"                     [id=6676, stack(0x0000001c91f00000,0x0000001c92000000) (1024K)]
  0x0000018b56b03b20 WorkerThread "GC Thread#7"                     [id=39736, stack(0x0000001c92000000,0x0000001c92100000) (1024K)]
  0x0000018b56b02140 WorkerThread "GC Thread#8"                     [id=12720, stack(0x0000001c92100000,0x0000001c92200000) (1024K)]
  0x0000018b56b036d0 WorkerThread "GC Thread#9"                     [id=23860, stack(0x0000001c92200000,0x0000001c92300000) (1024K)]
  0x0000018b56b01000 WorkerThread "GC Thread#10"                    [id=11968, stack(0x0000001c92300000,0x0000001c92400000) (1024K)]
  0x0000018b56b03f70 WorkerThread "GC Thread#11"                    [id=14872, stack(0x0000001c92400000,0x0000001c92500000) (1024K)]
  0x0000018b563cb330 WorkerThread "GC Thread#12"                    [id=12336, stack(0x0000001c93000000,0x0000001c93100000) (1024K)]
  0x0000018b563cde50 WorkerThread "GC Thread#13"                    [id=38248, stack(0x0000001c93100000,0x0000001c93200000) (1024K)]
  0x0000018b563ccd10 WorkerThread "GC Thread#14"                    [id=34236, stack(0x0000001c93200000,0x0000001c93300000) (1024K)]
  0x0000018b563cd160 WorkerThread "GC Thread#15"                    [id=18260, stack(0x0000001c93300000,0x0000001c93400000) (1024K)]
  0x0000018b1dcddfe0 ConcurrentGCThread "G1 Main Marker"            [id=40456, stack(0x0000001c90600000,0x0000001c90700000) (1024K)]
  0x0000018b1dcdeb80 WorkerThread "G1 Conc#0"                       [id=31408, stack(0x0000001c90700000,0x0000001c90800000) (1024K)]
  0x0000018b563cda00 WorkerThread "G1 Conc#1"                       [id=14240, stack(0x0000001c93400000,0x0000001c93500000) (1024K)]
  0x0000018b563ce2a0 WorkerThread "G1 Conc#2"                       [id=39004, stack(0x0000001c93500000,0x0000001c93600000) (1024K)]
  0x0000018b563cf3e0 WorkerThread "G1 Conc#3"                       [id=21372, stack(0x0000001c93600000,0x0000001c93700000) (1024K)]
  0x0000018b4e3d6d30 ConcurrentGCThread "G1 Refine#0"               [id=39348, stack(0x0000001c90800000,0x0000001c90900000) (1024K)]
  0x0000018b4e3d7740 ConcurrentGCThread "G1 Service"                [id=34608, stack(0x0000001c90900000,0x0000001c90a00000) (1024K)]
Total: 25

Threads with active compile tasks:
C2 CompilerThread0  22664843 251406 %     4       org.objectweb.asm.ClassReader::readCode @ 1738 (5117 bytes)
C2 CompilerThread3  22664843 251417       4       org.gradle.internal.classpath.transforms.LambdaSerializationTransformer$1::<init> (508 bytes)
Total: 2

VM state: at safepoint (normal execution)

VM Mutex/Monitor currently owned by a thread:  ([mutex/lock_event])
[0x00007ffed6f54698] Threads_lock - owner thread: 0x0000018b5176a6a0
[0x00007ffed6f54818] Heap_lock - owner thread: 0x0000018b581af280

Heap address: 0x0000000600000000, size: 8192 MB, Compressed Oops mode: Zero based, Oop shift amount: 3

CDS archive(s) not mapped
Compressed class space mapped at: 0x0000000088000000-0x00000000c8000000, reserved size: 1073741824
UseCompressedClassPointers 1, UseCompactObjectHeaders 0
Narrow klass pointer bits 32, Max shift 3
Narrow klass base: 0x0000000000000000, Narrow klass shift: 0
Encoding Range: [0x0000000000000000 - 0x0000000100000000), (4294967296 bytes)
Klass Range:    [0x0000000088000000 - 0x00000000c8000000), (1073741824 bytes)
Klass ID Range:  [2281701376 - 3355443193) (1073741817)
No protection zone.

GC Precious Log:
 CardTable entry size: 512
 Card Set container configuration: InlinePtr #cards 4 size 8 Array Of Cards #cards 32 size 80 Howl #buckets 8 coarsen threshold 7372 Howl Bitmap #cards 1024 size 144 coarsen threshold 921 Card regions per heap region 1 cards per card region 8192
 CPUs: 22 total, 22 available
 Memory: 32221M
 Large Page Support: Disabled
 NUMA Support: Disabled
 Compressed Oops: Enabled (Zero based)
 Heap Region Size: 4M
 Heap Min Capacity: 8M
 Heap Initial Capacity: 504M
 Heap Max Capacity: 8G
 Pre-touch: Disabled
 Parallel Workers: 16
 Concurrent Workers: 4
 Concurrent Refinement Workers: 16
 Periodic GC: Disabled

Heap:
 garbage-first heap   total reserved 8388608K, committed 1736704K, used 480870K [0x0000000600000000, 0x0000000800000000)
  region size 4096K, 10 young (40960K), 10 survivors (40960K)

Heap Regions: E=young(eden), S=young(survivor), O=old, HS=humongous(starts), HC=humongous(continues), CS=collection set, F=free, TAMS=top-at-mark-start, PB=parsable bottom
|   0|0x0000000600000000, 0x0000000600400000, 0x0000000600400000|100%|HS|  |TAMS 0x0000000600400000| PB 0x0000000600000000| Complete |  0
|   1|0x0000000600400000, 0x0000000600800000, 0x0000000600800000|100%| O|  |TAMS 0x0000000600800000| PB 0x0000000600400000| Untracked |  0
|   2|0x0000000600800000, 0x0000000600c00000, 0x0000000600c00000|100%| O|  |TAMS 0x0000000600c00000| PB 0x0000000600800000| Untracked |  0
|   3|0x0000000600c00000, 0x0000000601000000, 0x0000000601000000|100%| O|  |TAMS 0x0000000601000000| PB 0x0000000600c00000| Untracked |  0
|   4|0x0000000601000000, 0x0000000601400000, 0x0000000601400000|100%| O|  |TAMS 0x0000000601400000| PB 0x0000000601000000| Untracked |  0
|   5|0x0000000601400000, 0x0000000601800000, 0x0000000601800000|100%| O|  |TAMS 0x0000000601800000| PB 0x0000000601400000| Untracked |  0
|   6|0x0000000601800000, 0x0000000601c00000, 0x0000000601c00000|100%| O|  |TAMS 0x0000000601c00000| PB 0x0000000601800000| Untracked |  0
|   7|0x0000000601c00000, 0x0000000602000000, 0x0000000602000000|100%| O|  |TAMS 0x0000000602000000| PB 0x0000000601c00000| Untracked |  0
|   8|0x0000000602000000, 0x0000000602400000, 0x0000000602400000|100%| O|  |TAMS 0x0000000602400000| PB 0x0000000602000000| Untracked |  0
|   9|0x0000000602400000, 0x0000000602800000, 0x0000000602800000|100%| O|  |TAMS 0x0000000602800000| PB 0x0000000602400000| Untracked |  0
|  10|0x0000000602800000, 0x0000000602c00000, 0x0000000602c00000|100%| O|  |TAMS 0x0000000602c00000| PB 0x0000000602800000| Untracked |  0
|  11|0x0000000602c00000, 0x0000000603000000, 0x0000000603000000|100%| O|  |TAMS 0x0000000603000000| PB 0x0000000602c00000| Untracked |  0
|  12|0x0000000603000000, 0x0000000603400000, 0x0000000603400000|100%| O|  |TAMS 0x0000000603400000| PB 0x0000000603000000| Untracked |  0
|  13|0x0000000603400000, 0x0000000603800000, 0x0000000603800000|100%| O|  |TAMS 0x0000000603800000| PB 0x0000000603400000| Untracked |  0
|  14|0x0000000603800000, 0x0000000603c00000, 0x0000000603c00000|100%| O|  |TAMS 0x0000000603c00000| PB 0x0000000603800000| Untracked |  0
|  15|0x0000000603c00000, 0x0000000604000000, 0x0000000604000000|100%|HS|  |TAMS 0x0000000604000000| PB 0x0000000603c00000| Complete |  0
|  16|0x0000000604000000, 0x0000000604400000, 0x0000000604400000|100%| O|  |TAMS 0x0000000604400000| PB 0x0000000604000000| Untracked |  0
|  17|0x0000000604400000, 0x0000000604800000, 0x0000000604800000|100%| O|  |TAMS 0x0000000604800000| PB 0x0000000604400000| Untracked |  0
|  18|0x0000000604800000, 0x0000000604c00000, 0x0000000604c00000|100%| O|  |TAMS 0x0000000604c00000| PB 0x0000000604800000| Untracked |  0
|  19|0x0000000604c00000, 0x0000000605000000, 0x0000000605000000|100%| O|  |TAMS 0x0000000605000000| PB 0x0000000604c00000| Untracked |  0
|  20|0x0000000605000000, 0x0000000605400000, 0x0000000605400000|100%|HS|  |TAMS 0x0000000605400000| PB 0x0000000605000000| Complete |  0
|  21|0x0000000605400000, 0x0000000605800000, 0x0000000605800000|100%| O|  |TAMS 0x0000000605800000| PB 0x0000000605400000| Untracked |  0
|  22|0x0000000605800000, 0x0000000605c00000, 0x0000000605c00000|100%| O|  |TAMS 0x0000000605c00000| PB 0x0000000605800000| Untracked |  0
|  23|0x0000000605c00000, 0x0000000606000000, 0x0000000606000000|100%| O|  |TAMS 0x0000000606000000| PB 0x0000000605c00000| Untracked |  0
|  24|0x0000000606000000, 0x0000000606400000, 0x0000000606400000|100%| O|  |TAMS 0x0000000606400000| PB 0x0000000606000000| Untracked |  0
|  25|0x0000000606400000, 0x0000000606800000, 0x0000000606800000|100%| O|  |TAMS 0x0000000606800000| PB 0x0000000606400000| Untracked |  0
|  26|0x0000000606800000, 0x0000000606c00000, 0x0000000606c00000|100%| O|  |TAMS 0x0000000606c00000| PB 0x0000000606800000| Untracked |  0
|  27|0x0000000606c00000, 0x0000000607000000, 0x0000000607000000|100%| O|  |TAMS 0x0000000607000000| PB 0x0000000606c00000| Untracked |  0
|  28|0x0000000607000000, 0x0000000607400000, 0x0000000607400000|100%| O|  |TAMS 0x0000000607400000| PB 0x0000000607000000| Untracked |  0
|  29|0x0000000607400000, 0x0000000607800000, 0x0000000607800000|100%| O|  |TAMS 0x0000000607800000| PB 0x0000000607400000| Untracked |  0
|  30|0x0000000607800000, 0x0000000607c00000, 0x0000000607c00000|100%| O|  |TAMS 0x0000000607c00000| PB 0x0000000607800000| Untracked |  0
|  31|0x0000000607c00000, 0x0000000608000000, 0x0000000608000000|100%| O|  |TAMS 0x0000000608000000| PB 0x0000000607c00000| Untracked |  0
|  32|0x0000000608000000, 0x0000000608400000, 0x0000000608400000|100%|HS|  |TAMS 0x0000000608400000| PB 0x0000000608000000| Complete |  0
|  33|0x0000000608400000, 0x0000000608800000, 0x0000000608800000|100%| O|  |TAMS 0x0000000608800000| PB 0x0000000608400000| Untracked |  0
|  34|0x0000000608800000, 0x0000000608800000, 0x0000000608c00000|  0%| F|  |TAMS 0x0000000608800000| PB 0x0000000608800000| Untracked |  0
|  35|0x0000000608c00000, 0x0000000609000000, 0x0000000609000000|100%| O|  |TAMS 0x0000000609000000| PB 0x0000000608c00000| Untracked |  0
|  36|0x0000000609000000, 0x0000000609400000, 0x0000000609400000|100%| O|  |TAMS 0x0000000609400000| PB 0x0000000609000000| Untracked |  0
|  37|0x0000000609400000, 0x0000000609800000, 0x0000000609800000|100%| O|  |TAMS 0x0000000609800000| PB 0x0000000609400000| Untracked |  0
|  38|0x0000000609800000, 0x0000000609c00000, 0x0000000609c00000|100%| O|  |TAMS 0x0000000609c00000| PB 0x0000000609800000| Untracked |  0
|  39|0x0000000609c00000, 0x000000060a000000, 0x000000060a000000|100%| O|  |TAMS 0x000000060a000000| PB 0x0000000609c00000| Untracked |  0
|  40|0x000000060a000000, 0x000000060a400000, 0x000000060a400000|100%| O|  |TAMS 0x000000060a400000| PB 0x000000060a000000| Untracked |  0
|  41|0x000000060a400000, 0x000000060a800000, 0x000000060a800000|100%| O|  |TAMS 0x000000060a800000| PB 0x000000060a400000| Untracked |  0
|  42|0x000000060a800000, 0x000000060ac00000, 0x000000060ac00000|100%| O|  |TAMS 0x000000060ac00000| PB 0x000000060a800000| Untracked |  0
|  43|0x000000060ac00000, 0x000000060b000000, 0x000000060b000000|100%|HS|  |TAMS 0x000000060b000000| PB 0x000000060ac00000| Complete |  0
|  44|0x000000060b000000, 0x000000060b400000, 0x000000060b400000|100%| O|  |TAMS 0x000000060b400000| PB 0x000000060b000000| Untracked |  0
|  45|0x000000060b400000, 0x000000060b800000, 0x000000060b800000|100%| O|  |TAMS 0x000000060b800000| PB 0x000000060b400000| Untracked |  0
|  46|0x000000060b800000, 0x000000060bc00000, 0x000000060bc00000|100%| O|  |TAMS 0x000000060bc00000| PB 0x000000060b800000| Untracked |  0
|  47|0x000000060bc00000, 0x000000060c000000, 0x000000060c000000|100%| O|  |TAMS 0x000000060c000000| PB 0x000000060bc00000| Untracked |  0
|  48|0x000000060c000000, 0x000000060c400000, 0x000000060c400000|100%| O|  |TAMS 0x000000060c400000| PB 0x000000060c000000| Untracked |  0
|  49|0x000000060c400000, 0x000000060c800000, 0x000000060c800000|100%| O|  |TAMS 0x000000060c800000| PB 0x000000060c400000| Untracked |  0
|  50|0x000000060c800000, 0x000000060cc00000, 0x000000060cc00000|100%| O|  |TAMS 0x000000060cc00000| PB 0x000000060c800000| Untracked |  0
|  51|0x000000060cc00000, 0x000000060d000000, 0x000000060d000000|100%| O|  |TAMS 0x000000060d000000| PB 0x000000060cc00000| Untracked |  0
|  52|0x000000060d000000, 0x000000060d400000, 0x000000060d400000|100%| O|  |TAMS 0x000000060d400000| PB 0x000000060d000000| Untracked |  0
|  53|0x000000060d400000, 0x000000060d800000, 0x000000060d800000|100%| O|  |TAMS 0x000000060d800000| PB 0x000000060d400000| Untracked |  0
|  54|0x000000060d800000, 0x000000060dc00000, 0x000000060dc00000|100%| O|  |TAMS 0x000000060dc00000| PB 0x000000060d800000| Untracked |  0
|  55|0x000000060dc00000, 0x000000060e000000, 0x000000060e000000|100%| O|  |TAMS 0x000000060e000000| PB 0x000000060dc00000| Untracked |  0
|  56|0x000000060e000000, 0x000000060e400000, 0x000000060e400000|100%| O|  |TAMS 0x000000060e400000| PB 0x000000060e000000| Untracked |  0
|  57|0x000000060e400000, 0x000000060e400000, 0x000000060e800000|  0%| F|  |TAMS 0x000000060e400000| PB 0x000000060e400000| Untracked |  0
|  58|0x000000060e800000, 0x000000060ec00000, 0x000000060ec00000|100%| O|  |TAMS 0x000000060ec00000| PB 0x000000060e800000| Untracked |  0
|  59|0x000000060ec00000, 0x000000060f000000, 0x000000060f000000|100%| O|  |TAMS 0x000000060f000000| PB 0x000000060ec00000| Untracked |  0
|  60|0x000000060f000000, 0x000000060f400000, 0x000000060f400000|100%| O|  |TAMS 0x000000060f400000| PB 0x000000060f000000| Untracked |  0
|  61|0x000000060f400000, 0x000000060f800000, 0x000000060f800000|100%| O|  |TAMS 0x000000060f800000| PB 0x000000060f400000| Untracked |  0
|  62|0x000000060f800000, 0x000000060fc00000, 0x000000060fc00000|100%| O|  |TAMS 0x000000060fc00000| PB 0x000000060f800000| Untracked |  0
|  63|0x000000060fc00000, 0x000000060fc00000, 0x0000000610000000|  0%| F|  |TAMS 0x000000060fc00000| PB 0x000000060fc00000| Untracked |  0
|  64|0x0000000610000000, 0x0000000610400000, 0x0000000610400000|100%| O|  |TAMS 0x0000000610400000| PB 0x0000000610000000| Untracked |  0
|  65|0x0000000610400000, 0x0000000610800000, 0x0000000610800000|100%| O|  |TAMS 0x0000000610800000| PB 0x0000000610400000| Untracked |  0
|  66|0x0000000610800000, 0x0000000610c00000, 0x0000000610c00000|100%| O|  |TAMS 0x0000000610c00000| PB 0x0000000610800000| Untracked |  0
|  67|0x0000000610c00000, 0x0000000611000000, 0x0000000611000000|100%| O|  |TAMS 0x0000000611000000| PB 0x0000000610c00000| Untracked |  0
|  68|0x0000000611000000, 0x0000000611400000, 0x0000000611400000|100%| O|  |TAMS 0x0000000611400000| PB 0x0000000611000000| Untracked |  0
|  69|0x0000000611400000, 0x0000000611800000, 0x0000000611800000|100%| O|  |TAMS 0x0000000611800000| PB 0x0000000611400000| Untracked |  0
|  70|0x0000000611800000, 0x0000000611c00000, 0x0000000611c00000|100%| O|  |TAMS 0x0000000611c00000| PB 0x0000000611800000| Untracked |  0
|  71|0x0000000611c00000, 0x0000000612000000, 0x0000000612000000|100%| O|  |TAMS 0x0000000612000000| PB 0x0000000611c00000| Untracked |  0
|  72|0x0000000612000000, 0x0000000612400000, 0x0000000612400000|100%| O|  |TAMS 0x0000000612400000| PB 0x0000000612000000| Untracked |  0
|  73|0x0000000612400000, 0x0000000612800000, 0x0000000612800000|100%| O|  |TAMS 0x0000000612800000| PB 0x0000000612400000| Untracked |  0
|  74|0x0000000612800000, 0x0000000612c00000, 0x0000000612c00000|100%| O|  |TAMS 0x0000000612c00000| PB 0x0000000612800000| Untracked |  0
|  75|0x0000000612c00000, 0x0000000613000000, 0x0000000613000000|100%| O|  |TAMS 0x0000000613000000| PB 0x0000000612c00000| Untracked |  0
|  76|0x0000000613000000, 0x0000000613400000, 0x0000000613400000|100%| O|  |TAMS 0x0000000613400000| PB 0x0000000613000000| Untracked |  0
|  77|0x0000000613400000, 0x0000000613800000, 0x0000000613800000|100%| O|  |TAMS 0x0000000613800000| PB 0x0000000613400000| Untracked |  0
|  78|0x0000000613800000, 0x0000000613c00000, 0x0000000613c00000|100%| O|  |TAMS 0x0000000613c00000| PB 0x0000000613800000| Untracked |  0
|  79|0x0000000613c00000, 0x0000000614000000, 0x0000000614000000|100%| O|  |TAMS 0x0000000614000000| PB 0x0000000613c00000| Untracked |  0
|  80|0x0000000614000000, 0x0000000614400000, 0x0000000614400000|100%| O|  |TAMS 0x0000000614400000| PB 0x0000000614000000| Untracked |  0
|  81|0x0000000614400000, 0x0000000614800000, 0x0000000614800000|100%| O|  |TAMS 0x0000000614800000| PB 0x0000000614400000| Untracked |  0
|  82|0x0000000614800000, 0x0000000614c00000, 0x0000000614c00000|100%| O|  |TAMS 0x0000000614c00000| PB 0x0000000614800000| Untracked |  0
|  83|0x0000000614c00000, 0x0000000615000000, 0x0000000615000000|100%| O|  |TAMS 0x0000000615000000| PB 0x0000000614c00000| Untracked |  0
|  84|0x0000000615000000, 0x0000000615400000, 0x0000000615400000|100%| O|  |TAMS 0x0000000615400000| PB 0x0000000615000000| Untracked |  0
|  85|0x0000000615400000, 0x0000000615400000, 0x0000000615800000|  0%| F|  |TAMS 0x0000000615400000| PB 0x0000000615400000| Untracked |  0
|  86|0x0000000615800000, 0x0000000615c00000, 0x0000000615c00000|100%| O|  |TAMS 0x0000000615c00000| PB 0x0000000615800000| Untracked |  0
|  87|0x0000000615c00000, 0x0000000615c00000, 0x0000000616000000|  0%| F|  |TAMS 0x0000000615c00000| PB 0x0000000615c00000| Untracked |  0
|  88|0x0000000616000000, 0x0000000616400000, 0x0000000616400000|100%| O|  |TAMS 0x0000000616400000| PB 0x0000000616000000| Untracked |  0
|  89|0x0000000616400000, 0x0000000616800000, 0x0000000616800000|100%| O|  |TAMS 0x0000000616800000| PB 0x0000000616400000| Untracked |  0
|  90|0x0000000616800000, 0x0000000616c00000, 0x0000000616c00000|100%| O|  |TAMS 0x0000000616c00000| PB 0x0000000616800000| Untracked |  0
|  91|0x0000000616c00000, 0x0000000617000000, 0x0000000617000000|100%| O|  |TAMS 0x0000000617000000| PB 0x0000000616c00000| Untracked |  0
|  92|0x0000000617000000, 0x0000000617400000, 0x0000000617400000|100%| O|  |TAMS 0x0000000617400000| PB 0x0000000617000000| Untracked |  0
|  93|0x0000000617400000, 0x0000000617800000, 0x0000000617800000|100%| O|  |TAMS 0x0000000617800000| PB 0x0000000617400000| Untracked |  0
|  94|0x0000000617800000, 0x0000000617c00000, 0x0000000617c00000|100%| O|  |TAMS 0x0000000617c00000| PB 0x0000000617800000| Untracked |  0
|  95|0x0000000617c00000, 0x0000000618000000, 0x0000000618000000|100%| O|  |TAMS 0x0000000618000000| PB 0x0000000617c00000| Untracked |  0
|  96|0x0000000618000000, 0x0000000618400000, 0x0000000618400000|100%| O|  |TAMS 0x0000000618400000| PB 0x0000000618000000| Untracked |  0
|  97|0x0000000618400000, 0x0000000618800000, 0x0000000618800000|100%| O|  |TAMS 0x0000000618800000| PB 0x0000000618400000| Untracked |  0
|  98|0x0000000618800000, 0x0000000618c00000, 0x0000000618c00000|100%| O|  |TAMS 0x0000000618c00000| PB 0x0000000618800000| Untracked |  0
|  99|0x0000000618c00000, 0x0000000619000000, 0x0000000619000000|100%| O|  |TAMS 0x0000000619000000| PB 0x0000000618c00000| Untracked |  0
| 100|0x0000000619000000, 0x0000000619000000, 0x0000000619400000|  0%| F|  |TAMS 0x0000000619000000| PB 0x0000000619000000| Untracked |  0
| 101|0x0000000619400000, 0x0000000619800000, 0x0000000619800000|100%| O|  |TAMS 0x0000000619800000| PB 0x0000000619400000| Untracked |  0
| 102|0x0000000619800000, 0x0000000619c00000, 0x0000000619c00000|100%| O|  |TAMS 0x0000000619c00000| PB 0x0000000619800000| Untracked |  0
| 103|0x0000000619c00000, 0x000000061a000000, 0x000000061a000000|100%| O|  |TAMS 0x000000061a000000| PB 0x0000000619c00000| Untracked |  0
| 104|0x000000061a000000, 0x000000061a400000, 0x000000061a400000|100%| O|  |TAMS 0x000000061a400000| PB 0x000000061a000000| Untracked |  0
| 105|0x000000061a400000, 0x000000061a42ec80, 0x000000061a800000|  4%| O|  |TAMS 0x000000061a42ec80| PB 0x000000061a400000| Untracked |  0
| 106|0x000000061a800000, 0x000000061a800000, 0x000000061ac00000|  0%| F|  |TAMS 0x000000061a800000| PB 0x000000061a800000| Untracked |  0
| 107|0x000000061ac00000, 0x000000061ac00000, 0x000000061b000000|  0%| F|  |TAMS 0x000000061ac00000| PB 0x000000061ac00000| Untracked |  0
| 108|0x000000061b000000, 0x000000061b000000, 0x000000061b400000|  0%| F|  |TAMS 0x000000061b000000| PB 0x000000061b000000| Untracked |  0
| 109|0x000000061b400000, 0x000000061b400000, 0x000000061b800000|  0%| F|  |TAMS 0x000000061b400000| PB 0x000000061b400000| Untracked |  0
| 110|0x000000061b800000, 0x000000061b800000, 0x000000061bc00000|  0%| F|  |TAMS 0x000000061b800000| PB 0x000000061b800000| Untracked |  0
| 111|0x000000061bc00000, 0x000000061bc00000, 0x000000061c000000|  0%| F|  |TAMS 0x000000061bc00000| PB 0x000000061bc00000| Untracked |  0
| 112|0x000000061c000000, 0x000000061c000000, 0x000000061c400000|  0%| F|  |TAMS 0x000000061c000000| PB 0x000000061c000000| Untracked |  0
| 113|0x000000061c400000, 0x000000061c400000, 0x000000061c800000|  0%| F|  |TAMS 0x000000061c400000| PB 0x000000061c400000| Untracked |  0
| 114|0x000000061c800000, 0x000000061c800000, 0x000000061cc00000|  0%| F|  |TAMS 0x000000061c800000| PB 0x000000061c800000| Untracked |  0
| 115|0x000000061cc00000, 0x000000061cc00000, 0x000000061d000000|  0%| F|  |TAMS 0x000000061cc00000| PB 0x000000061cc00000| Untracked |  0
| 116|0x000000061d000000, 0x000000061d000000, 0x000000061d400000|  0%| F|  |TAMS 0x000000061d000000| PB 0x000000061d000000| Untracked |  0
| 117|0x000000061d400000, 0x000000061d400000, 0x000000061d800000|  0%| F|  |TAMS 0x000000061d400000| PB 0x000000061d400000| Untracked |  0
| 118|0x000000061d800000, 0x000000061d800000, 0x000000061dc00000|  0%| F|  |TAMS 0x000000061d800000| PB 0x000000061d800000| Untracked |  0
| 119|0x000000061dc00000, 0x000000061dc00000, 0x000000061e000000|  0%| F|  |TAMS 0x000000061dc00000| PB 0x000000061dc00000| Untracked |  0
| 120|0x000000061e000000, 0x000000061e000000, 0x000000061e400000|  0%| F|  |TAMS 0x000000061e000000| PB 0x000000061e000000| Untracked |  0
| 121|0x000000061e400000, 0x000000061e400000, 0x000000061e800000|  0%| F|  |TAMS 0x000000061e400000| PB 0x000000061e400000| Untracked |  0
| 122|0x000000061e800000, 0x000000061e800000, 0x000000061ec00000|  0%| F|  |TAMS 0x000000061e800000| PB 0x000000061e800000| Untracked |  0
| 123|0x000000061ec00000, 0x000000061ec00000, 0x000000061f000000|  0%| F|  |TAMS 0x000000061ec00000| PB 0x000000061ec00000| Untracked |  0
| 124|0x000000061f000000, 0x000000061f000000, 0x000000061f400000|  0%| F|  |TAMS 0x000000061f000000| PB 0x000000061f000000| Untracked |  0
| 125|0x000000061f400000, 0x000000061f400000, 0x000000061f800000|  0%| F|  |TAMS 0x000000061f400000| PB 0x000000061f400000| Untracked |  0
| 126|0x000000061f800000, 0x000000061f800000, 0x000000061fc00000|  0%| F|  |TAMS 0x000000061f800000| PB 0x000000061f800000| Untracked |  0
| 127|0x000000061fc00000, 0x000000061fc00000, 0x0000000620000000|  0%| F|  |TAMS 0x000000061fc00000| PB 0x000000061fc00000| Untracked |  0
| 128|0x0000000620000000, 0x0000000620000000, 0x0000000620400000|  0%| F|  |TAMS 0x0000000620000000| PB 0x0000000620000000| Untracked |  0
| 129|0x0000000620400000, 0x0000000620400000, 0x0000000620800000|  0%| F|  |TAMS 0x0000000620400000| PB 0x0000000620400000| Untracked |  0
| 130|0x0000000620800000, 0x0000000620800000, 0x0000000620c00000|  0%| F|  |TAMS 0x0000000620800000| PB 0x0000000620800000| Untracked |  0
| 131|0x0000000620c00000, 0x0000000620c00000, 0x0000000621000000|  0%| F|  |TAMS 0x0000000620c00000| PB 0x0000000620c00000| Untracked |  0
| 132|0x0000000621000000, 0x0000000621400000, 0x0000000621400000|100%| O|  |TAMS 0x0000000621400000| PB 0x0000000621000000| Untracked |  0
| 133|0x0000000621400000, 0x0000000621800000, 0x0000000621800000|100%| O|  |TAMS 0x0000000621800000| PB 0x0000000621400000| Untracked |  0
| 134|0x0000000621800000, 0x0000000621800000, 0x0000000621c00000|  0%| F|  |TAMS 0x0000000621800000| PB 0x0000000621800000| Untracked |  0
| 135|0x0000000621c00000, 0x0000000622000000, 0x0000000622000000|100%| O|  |TAMS 0x0000000622000000| PB 0x0000000621c00000| Untracked |  0
| 136|0x0000000622000000, 0x0000000622400000, 0x0000000622400000|100%| O|  |TAMS 0x0000000622400000| PB 0x0000000622000000| Untracked |  0
| 137|0x0000000622400000, 0x0000000622400000, 0x0000000622800000|  0%| F|  |TAMS 0x0000000622400000| PB 0x0000000622400000| Untracked |  0
| 138|0x0000000622800000, 0x0000000622800000, 0x0000000622c00000|  0%| F|  |TAMS 0x0000000622800000| PB 0x0000000622800000| Untracked |  0
| 139|0x0000000622c00000, 0x0000000622c00000, 0x0000000623000000|  0%| F|  |TAMS 0x0000000622c00000| PB 0x0000000622c00000| Untracked |  0
| 140|0x0000000623000000, 0x0000000623400000, 0x0000000623400000|100%| O|  |TAMS 0x0000000623400000| PB 0x0000000623000000| Untracked |  0
| 141|0x0000000623400000, 0x0000000623400000, 0x0000000623800000|  0%| F|  |TAMS 0x0000000623400000| PB 0x0000000623400000| Untracked |  0
| 142|0x0000000623800000, 0x0000000623800000, 0x0000000623c00000|  0%| F|  |TAMS 0x0000000623800000| PB 0x0000000623800000| Untracked |  0
| 143|0x0000000623c00000, 0x0000000623c00000, 0x0000000624000000|  0%| F|  |TAMS 0x0000000623c00000| PB 0x0000000623c00000| Untracked |  0
| 144|0x0000000624000000, 0x0000000624000000, 0x0000000624400000|  0%| F|  |TAMS 0x0000000624000000| PB 0x0000000624000000| Untracked |  0
| 145|0x0000000624400000, 0x0000000624400000, 0x0000000624800000|  0%| F|  |TAMS 0x0000000624400000| PB 0x0000000624400000| Untracked |  0
| 146|0x0000000624800000, 0x0000000624800000, 0x0000000624c00000|  0%| F|  |TAMS 0x0000000624800000| PB 0x0000000624800000| Untracked |  0
| 147|0x0000000624c00000, 0x0000000624c00000, 0x0000000625000000|  0%| F|  |TAMS 0x0000000624c00000| PB 0x0000000624c00000| Untracked |  0
| 148|0x0000000625000000, 0x0000000625000000, 0x0000000625400000|  0%| F|  |TAMS 0x0000000625000000| PB 0x0000000625000000| Untracked |  0
| 149|0x0000000625400000, 0x0000000625400000, 0x0000000625800000|  0%| F|  |TAMS 0x0000000625400000| PB 0x0000000625400000| Untracked |  0
| 150|0x0000000625800000, 0x0000000625800000, 0x0000000625c00000|  0%| F|  |TAMS 0x0000000625800000| PB 0x0000000625800000| Untracked |  0
| 151|0x0000000625c00000, 0x0000000625c00000, 0x0000000626000000|  0%| F|  |TAMS 0x0000000625c00000| PB 0x0000000625c00000| Untracked |  0
| 152|0x0000000626000000, 0x0000000626000000, 0x0000000626400000|  0%| F|  |TAMS 0x0000000626000000| PB 0x0000000626000000| Untracked |  0
| 153|0x0000000626400000, 0x0000000626400000, 0x0000000626800000|  0%| F|  |TAMS 0x0000000626400000| PB 0x0000000626400000| Untracked |  0
| 154|0x0000000626800000, 0x0000000626800000, 0x0000000626c00000|  0%| F|  |TAMS 0x0000000626800000| PB 0x0000000626800000| Untracked |  0
| 155|0x0000000626c00000, 0x0000000626c00000, 0x0000000627000000|  0%| F|  |TAMS 0x0000000626c00000| PB 0x0000000626c00000| Untracked |  0
| 156|0x0000000627000000, 0x000000062716ae20, 0x0000000627400000| 35%| S|CS|TAMS 0x0000000627000000| PB 0x0000000627000000| Complete |  0
| 157|0x0000000627400000, 0x0000000627800000, 0x0000000627800000|100%| S|CS|TAMS 0x0000000627400000| PB 0x0000000627400000| Complete |  0
| 158|0x0000000627800000, 0x0000000627c00000, 0x0000000627c00000|100%| S|CS|TAMS 0x0000000627800000| PB 0x0000000627800000| Complete |  0
| 159|0x0000000627c00000, 0x0000000628000000, 0x0000000628000000|100%| S|CS|TAMS 0x0000000627c00000| PB 0x0000000627c00000| Complete |  0
| 160|0x0000000628000000, 0x0000000628400000, 0x0000000628400000|100%| S|CS|TAMS 0x0000000628000000| PB 0x0000000628000000| Complete |  0
| 161|0x0000000628400000, 0x0000000628800000, 0x0000000628800000|100%| S|CS|TAMS 0x0000000628400000| PB 0x0000000628400000| Complete |  0
| 162|0x0000000628800000, 0x0000000628c00000, 0x0000000628c00000|100%| S|CS|TAMS 0x0000000628800000| PB 0x0000000628800000| Complete |  0
| 163|0x0000000628c00000, 0x0000000629000000, 0x0000000629000000|100%| S|CS|TAMS 0x0000000628c00000| PB 0x0000000628c00000| Complete |  0
| 164|0x0000000629000000, 0x0000000629400000, 0x0000000629400000|100%| S|CS|TAMS 0x0000000629000000| PB 0x0000000629000000| Complete |  0
| 165|0x0000000629400000, 0x0000000629800000, 0x0000000629800000|100%| S|CS|TAMS 0x0000000629400000| PB 0x0000000629400000| Complete |  0
| 166|0x0000000629800000, 0x0000000629800000, 0x0000000629c00000|  0%| F|  |TAMS 0x0000000629800000| PB 0x0000000629800000| Untracked |  0
| 167|0x0000000629c00000, 0x0000000629c00000, 0x000000062a000000|  0%| F|  |TAMS 0x0000000629c00000| PB 0x0000000629c00000| Untracked |  0
| 168|0x000000062a000000, 0x000000062a400000, 0x000000062a400000|100%| O|Cr|TAMS 0x000000062a000000| PB 0x000000062a000000| Complete |  2
| 169|0x000000062a400000, 0x000000062a400000, 0x000000062a800000|  0%| F|  |TAMS 0x000000062a400000| PB 0x000000062a400000| Untracked |  0
| 170|0x000000062a800000, 0x000000062a800000, 0x000000062ac00000|  0%| F|  |TAMS 0x000000062a800000| PB 0x000000062a800000| Untracked |  0
| 171|0x000000062ac00000, 0x000000062ac00000, 0x000000062b000000|  0%| F|  |TAMS 0x000000062ac00000| PB 0x000000062ac00000| Untracked |  0
| 172|0x000000062b000000, 0x000000062b000000, 0x000000062b400000|  0%| F|  |TAMS 0x000000062b000000| PB 0x000000062b000000| Untracked |  0
| 173|0x000000062b400000, 0x000000062b400000, 0x000000062b800000|  0%| F|  |TAMS 0x000000062b400000| PB 0x000000062b400000| Untracked |  0
| 174|0x000000062b800000, 0x000000062b800000, 0x000000062bc00000|  0%| F|  |TAMS 0x000000062b800000| PB 0x000000062b800000| Untracked |  0
| 175|0x000000062bc00000, 0x000000062bc00000, 0x000000062c000000|  0%| F|  |TAMS 0x000000062bc00000| PB 0x000000062bc00000| Untracked |  0
| 176|0x000000062c000000, 0x000000062c000000, 0x000000062c400000|  0%| F|  |TAMS 0x000000062c000000| PB 0x000000062c000000| Untracked |  0
| 177|0x000000062c400000, 0x000000062c400000, 0x000000062c800000|  0%| F|  |TAMS 0x000000062c400000| PB 0x000000062c400000| Untracked |  0
| 178|0x000000062c800000, 0x000000062c800000, 0x000000062cc00000|  0%| F|  |TAMS 0x000000062c800000| PB 0x000000062c800000| Untracked |  0
| 179|0x000000062cc00000, 0x000000062cc00000, 0x000000062d000000|  0%| F|  |TAMS 0x000000062cc00000| PB 0x000000062cc00000| Untracked |  0
| 180|0x000000062d000000, 0x000000062d000000, 0x000000062d400000|  0%| F|  |TAMS 0x000000062d000000| PB 0x000000062d000000| Untracked |  0
| 181|0x000000062d400000, 0x000000062d400000, 0x000000062d800000|  0%| F|  |TAMS 0x000000062d400000| PB 0x000000062d400000| Untracked |  0
| 182|0x000000062d800000, 0x000000062d800000, 0x000000062dc00000|  0%| F|  |TAMS 0x000000062d800000| PB 0x000000062d800000| Untracked |  0
| 183|0x000000062dc00000, 0x000000062dc00000, 0x000000062e000000|  0%| F|  |TAMS 0x000000062dc00000| PB 0x000000062dc00000| Untracked |  0
| 184|0x000000062e000000, 0x000000062e000000, 0x000000062e400000|  0%| F|  |TAMS 0x000000062e000000| PB 0x000000062e000000| Untracked |  0
| 185|0x000000062e400000, 0x000000062e400000, 0x000000062e800000|  0%| F|  |TAMS 0x000000062e400000| PB 0x000000062e400000| Untracked |  0
| 186|0x000000062e800000, 0x000000062e800000, 0x000000062ec00000|  0%| F|  |TAMS 0x000000062e800000| PB 0x000000062e800000| Untracked |  0
| 187|0x000000062ec00000, 0x000000062ec00000, 0x000000062f000000|  0%| F|  |TAMS 0x000000062ec00000| PB 0x000000062ec00000| Untracked |  0
| 188|0x000000062f000000, 0x000000062f000000, 0x000000062f400000|  0%| F|  |TAMS 0x000000062f000000| PB 0x000000062f000000| Untracked |  0
| 189|0x000000062f400000, 0x000000062f400000, 0x000000062f800000|  0%| F|  |TAMS 0x000000062f400000| PB 0x000000062f400000| Untracked |  0
| 190|0x000000062f800000, 0x000000062f800000, 0x000000062fc00000|  0%| F|  |TAMS 0x000000062f800000| PB 0x000000062f800000| Untracked |  0
| 191|0x000000062fc00000, 0x000000062fc00000, 0x0000000630000000|  0%| F|  |TAMS 0x000000062fc00000| PB 0x000000062fc00000| Untracked |  0
| 192|0x0000000630000000, 0x0000000630000000, 0x0000000630400000|  0%| F|  |TAMS 0x0000000630000000| PB 0x0000000630000000| Untracked |  0
| 193|0x0000000630400000, 0x0000000630400000, 0x0000000630800000|  0%| F|  |TAMS 0x0000000630400000| PB 0x0000000630400000| Untracked |  0
| 194|0x0000000630800000, 0x0000000630800000, 0x0000000630c00000|  0%| F|  |TAMS 0x0000000630800000| PB 0x0000000630800000| Untracked |  0
| 195|0x0000000630c00000, 0x0000000630c00000, 0x0000000631000000|  0%| F|  |TAMS 0x0000000630c00000| PB 0x0000000630c00000| Untracked |  0
| 196|0x0000000631000000, 0x0000000631000000, 0x0000000631400000|  0%| F|  |TAMS 0x0000000631000000| PB 0x0000000631000000| Untracked |  0
| 197|0x0000000631400000, 0x0000000631400000, 0x0000000631800000|  0%| F|  |TAMS 0x0000000631400000| PB 0x0000000631400000| Untracked |  0
| 198|0x0000000631800000, 0x0000000631c00000, 0x0000000631c00000|100%|HS|  |TAMS 0x0000000631c00000| PB 0x0000000631800000| Complete |  0
| 199|0x0000000631c00000, 0x0000000632000000, 0x0000000632000000|100%|HC|  |TAMS 0x0000000632000000| PB 0x0000000631c00000| Complete |  0
| 200|0x0000000632000000, 0x0000000632000000, 0x0000000632400000|  0%| F|  |TAMS 0x0000000632000000| PB 0x0000000632000000| Untracked |  0
| 201|0x0000000632400000, 0x0000000632400000, 0x0000000632800000|  0%| F|  |TAMS 0x0000000632400000| PB 0x0000000632400000| Untracked |  0
| 202|0x0000000632800000, 0x0000000632800000, 0x0000000632c00000|  0%| F|  |TAMS 0x0000000632800000| PB 0x0000000632800000| Untracked |  0
| 203|0x0000000632c00000, 0x0000000632c00000, 0x0000000633000000|  0%| F|  |TAMS 0x0000000632c00000| PB 0x0000000632c00000| Untracked |  0
| 204|0x0000000633000000, 0x0000000633000000, 0x0000000633400000|  0%| F|  |TAMS 0x0000000633000000| PB 0x0000000633000000| Untracked |  0
| 205|0x0000000633400000, 0x0000000633400000, 0x0000000633800000|  0%| F|  |TAMS 0x0000000633400000| PB 0x0000000633400000| Untracked |  0
| 206|0x0000000633800000, 0x0000000633800000, 0x0000000633c00000|  0%| F|  |TAMS 0x0000000633800000| PB 0x0000000633800000| Untracked |  0
| 207|0x0000000633c00000, 0x0000000633c00000, 0x0000000634000000|  0%| F|  |TAMS 0x0000000633c00000| PB 0x0000000633c00000| Untracked |  0
| 208|0x0000000634000000, 0x0000000634000000, 0x0000000634400000|  0%| F|  |TAMS 0x0000000634000000| PB 0x0000000634000000| Untracked |  0
| 209|0x0000000634400000, 0x0000000634400000, 0x0000000634800000|  0%| F|  |TAMS 0x0000000634400000| PB 0x0000000634400000| Untracked |  0
| 210|0x0000000634800000, 0x0000000634800000, 0x0000000634c00000|  0%| F|  |TAMS 0x0000000634800000| PB 0x0000000634800000| Untracked |  0
| 211|0x0000000634c00000, 0x0000000634c00000, 0x0000000635000000|  0%| F|  |TAMS 0x0000000634c00000| PB 0x0000000634c00000| Untracked |  0
| 212|0x0000000635000000, 0x0000000635000000, 0x0000000635400000|  0%| F|  |TAMS 0x0000000635000000| PB 0x0000000635000000| Untracked |  0
| 213|0x0000000635400000, 0x0000000635400000, 0x0000000635800000|  0%| F|  |TAMS 0x0000000635400000| PB 0x0000000635400000| Untracked |  0
| 214|0x0000000635800000, 0x0000000635800000, 0x0000000635c00000|  0%| F|  |TAMS 0x0000000635800000| PB 0x0000000635800000| Untracked |  0
| 215|0x0000000635c00000, 0x0000000635c00000, 0x0000000636000000|  0%| F|  |TAMS 0x0000000635c00000| PB 0x0000000635c00000| Untracked |  0
| 216|0x0000000636000000, 0x0000000636000000, 0x0000000636400000|  0%| F|  |TAMS 0x0000000636000000| PB 0x0000000636000000| Untracked |  0
| 217|0x0000000636400000, 0x0000000636400000, 0x0000000636800000|  0%| F|  |TAMS 0x0000000636400000| PB 0x0000000636400000| Untracked |  0
| 218|0x0000000636800000, 0x0000000636800000, 0x0000000636c00000|  0%| F|  |TAMS 0x0000000636800000| PB 0x0000000636800000| Untracked |  0
| 219|0x0000000636c00000, 0x0000000636c00000, 0x0000000637000000|  0%| F|  |TAMS 0x0000000636c00000| PB 0x0000000636c00000| Untracked |  0
| 220|0x0000000637000000, 0x0000000637000000, 0x0000000637400000|  0%| F|  |TAMS 0x0000000637000000| PB 0x0000000637000000| Untracked |  0
| 221|0x0000000637400000, 0x0000000637400000, 0x0000000637800000|  0%| F|  |TAMS 0x0000000637400000| PB 0x0000000637400000| Untracked |  0
| 222|0x0000000637800000, 0x0000000637800000, 0x0000000637c00000|  0%| F|  |TAMS 0x0000000637800000| PB 0x0000000637800000| Untracked |  0
| 223|0x0000000637c00000, 0x0000000637c00000, 0x0000000638000000|  0%| F|  |TAMS 0x0000000637c00000| PB 0x0000000637c00000| Untracked |  0
| 224|0x0000000638000000, 0x0000000638000000, 0x0000000638400000|  0%| F|  |TAMS 0x0000000638000000| PB 0x0000000638000000| Untracked |  0
| 225|0x0000000638400000, 0x0000000638400000, 0x0000000638800000|  0%| F|  |TAMS 0x0000000638400000| PB 0x0000000638400000| Untracked |  0
| 226|0x0000000638800000, 0x0000000638800000, 0x0000000638c00000|  0%| F|  |TAMS 0x0000000638800000| PB 0x0000000638800000| Untracked |  0
| 227|0x0000000638c00000, 0x0000000638c00000, 0x0000000639000000|  0%| F|  |TAMS 0x0000000638c00000| PB 0x0000000638c00000| Untracked |  0
| 228|0x0000000639000000, 0x0000000639000000, 0x0000000639400000|  0%| F|  |TAMS 0x0000000639000000| PB 0x0000000639000000| Untracked |  0
| 229|0x0000000639400000, 0x0000000639400000, 0x0000000639800000|  0%| F|  |TAMS 0x0000000639400000| PB 0x0000000639400000| Untracked |  0
| 230|0x0000000639800000, 0x0000000639800000, 0x0000000639c00000|  0%| F|  |TAMS 0x0000000639800000| PB 0x0000000639800000| Untracked |  0
| 231|0x0000000639c00000, 0x0000000639c00000, 0x000000063a000000|  0%| F|  |TAMS 0x0000000639c00000| PB 0x0000000639c00000| Untracked |  0
| 232|0x000000063a000000, 0x000000063a000000, 0x000000063a400000|  0%| F|  |TAMS 0x000000063a000000| PB 0x000000063a000000| Untracked |  0
| 233|0x000000063a400000, 0x000000063a400000, 0x000000063a800000|  0%| F|  |TAMS 0x000000063a400000| PB 0x000000063a400000| Untracked |  0
| 234|0x000000063a800000, 0x000000063a800000, 0x000000063ac00000|  0%| F|  |TAMS 0x000000063a800000| PB 0x000000063a800000| Untracked |  0
| 235|0x000000063ac00000, 0x000000063ac00000, 0x000000063b000000|  0%| F|  |TAMS 0x000000063ac00000| PB 0x000000063ac00000| Untracked |  0
| 236|0x000000063b000000, 0x000000063b000000, 0x000000063b400000|  0%| F|  |TAMS 0x000000063b000000| PB 0x000000063b000000| Untracked |  0
| 237|0x000000063b400000, 0x000000063b400000, 0x000000063b800000|  0%| F|  |TAMS 0x000000063b400000| PB 0x000000063b400000| Untracked |  0
| 238|0x000000063b800000, 0x000000063b800000, 0x000000063bc00000|  0%| F|  |TAMS 0x000000063b800000| PB 0x000000063b800000| Untracked |  0
| 239|0x000000063bc00000, 0x000000063bc00000, 0x000000063c000000|  0%| F|  |TAMS 0x000000063bc00000| PB 0x000000063bc00000| Untracked |  0
| 240|0x000000063c000000, 0x000000063c000000, 0x000000063c400000|  0%| F|  |TAMS 0x000000063c000000| PB 0x000000063c000000| Untracked |  0
| 241|0x000000063c400000, 0x000000063c400000, 0x000000063c800000|  0%| F|  |TAMS 0x000000063c400000| PB 0x000000063c400000| Untracked |  0
| 242|0x000000063c800000, 0x000000063c800000, 0x000000063cc00000|  0%| F|  |TAMS 0x000000063c800000| PB 0x000000063c800000| Untracked |  0
| 243|0x000000063cc00000, 0x000000063cc00000, 0x000000063d000000|  0%| F|  |TAMS 0x000000063cc00000| PB 0x000000063cc00000| Untracked |  0
| 244|0x000000063d000000, 0x000000063d000000, 0x000000063d400000|  0%| F|  |TAMS 0x000000063d000000| PB 0x000000063d000000| Untracked |  0
| 245|0x000000063d400000, 0x000000063d400000, 0x000000063d800000|  0%| F|  |TAMS 0x000000063d400000| PB 0x000000063d400000| Untracked |  0
| 246|0x000000063d800000, 0x000000063d800000, 0x000000063dc00000|  0%| F|  |TAMS 0x000000063d800000| PB 0x000000063d800000| Untracked |  0
| 247|0x000000063dc00000, 0x000000063dc00000, 0x000000063e000000|  0%| F|  |TAMS 0x000000063dc00000| PB 0x000000063dc00000| Untracked |  0
| 248|0x000000063e000000, 0x000000063e000000, 0x000000063e400000|  0%| F|  |TAMS 0x000000063e000000| PB 0x000000063e000000| Untracked |  0
| 249|0x000000063e400000, 0x000000063e400000, 0x000000063e800000|  0%| F|  |TAMS 0x000000063e400000| PB 0x000000063e400000| Untracked |  0
| 250|0x000000063e800000, 0x000000063e800000, 0x000000063ec00000|  0%| F|  |TAMS 0x000000063e800000| PB 0x000000063e800000| Untracked |  0
| 251|0x000000063ec00000, 0x000000063ec00000, 0x000000063f000000|  0%| F|  |TAMS 0x000000063ec00000| PB 0x000000063ec00000| Untracked |  0
| 252|0x000000063f000000, 0x000000063f000000, 0x000000063f400000|  0%| F|  |TAMS 0x000000063f000000| PB 0x000000063f000000| Untracked |  0
| 253|0x000000063f400000, 0x000000063f400000, 0x000000063f800000|  0%| F|  |TAMS 0x000000063f400000| PB 0x000000063f400000| Untracked |  0
| 254|0x000000063f800000, 0x000000063f800000, 0x000000063fc00000|  0%| F|  |TAMS 0x000000063f800000| PB 0x000000063f800000| Untracked |  0
| 255|0x000000063fc00000, 0x000000063fc00000, 0x0000000640000000|  0%| F|  |TAMS 0x000000063fc00000| PB 0x000000063fc00000| Untracked |  0
| 256|0x0000000640000000, 0x0000000640000000, 0x0000000640400000|  0%| F|  |TAMS 0x0000000640000000| PB 0x0000000640000000| Untracked |  0
| 257|0x0000000640400000, 0x0000000640400000, 0x0000000640800000|  0%| F|  |TAMS 0x0000000640400000| PB 0x0000000640400000| Untracked |  0
| 258|0x0000000640800000, 0x0000000640800000, 0x0000000640c00000|  0%| F|  |TAMS 0x0000000640800000| PB 0x0000000640800000| Untracked |  0
| 259|0x0000000640c00000, 0x0000000640c00000, 0x0000000641000000|  0%| F|  |TAMS 0x0000000640c00000| PB 0x0000000640c00000| Untracked |  0
| 260|0x0000000641000000, 0x0000000641000000, 0x0000000641400000|  0%| F|  |TAMS 0x0000000641000000| PB 0x0000000641000000| Untracked |  0
| 261|0x0000000641400000, 0x0000000641400000, 0x0000000641800000|  0%| F|  |TAMS 0x0000000641400000| PB 0x0000000641400000| Untracked |  0
| 262|0x0000000641800000, 0x0000000641800000, 0x0000000641c00000|  0%| F|  |TAMS 0x0000000641800000| PB 0x0000000641800000| Untracked |  0
| 263|0x0000000641c00000, 0x0000000641c00000, 0x0000000642000000|  0%| F|  |TAMS 0x0000000641c00000| PB 0x0000000641c00000| Untracked |  0
| 264|0x0000000642000000, 0x0000000642000000, 0x0000000642400000|  0%| F|  |TAMS 0x0000000642000000| PB 0x0000000642000000| Untracked |  0
| 265|0x0000000642400000, 0x0000000642400000, 0x0000000642800000|  0%| F|  |TAMS 0x0000000642400000| PB 0x0000000642400000| Untracked |  0
| 266|0x0000000642800000, 0x0000000642800000, 0x0000000642c00000|  0%| F|  |TAMS 0x0000000642800000| PB 0x0000000642800000| Untracked |  0
| 267|0x0000000642c00000, 0x0000000642c00000, 0x0000000643000000|  0%| F|  |TAMS 0x0000000642c00000| PB 0x0000000642c00000| Untracked |  0
| 268|0x0000000643000000, 0x0000000643000000, 0x0000000643400000|  0%| F|  |TAMS 0x0000000643000000| PB 0x0000000643000000| Untracked |  0
| 269|0x0000000643400000, 0x0000000643400000, 0x0000000643800000|  0%| F|  |TAMS 0x0000000643400000| PB 0x0000000643400000| Untracked |  0
| 270|0x0000000643800000, 0x0000000643800000, 0x0000000643c00000|  0%| F|  |TAMS 0x0000000643800000| PB 0x0000000643800000| Untracked |  0
| 271|0x0000000643c00000, 0x0000000643c00000, 0x0000000644000000|  0%| F|  |TAMS 0x0000000643c00000| PB 0x0000000643c00000| Untracked |  0
| 272|0x0000000644000000, 0x0000000644000000, 0x0000000644400000|  0%| F|  |TAMS 0x0000000644000000| PB 0x0000000644000000| Untracked |  0
| 273|0x0000000644400000, 0x0000000644400000, 0x0000000644800000|  0%| F|  |TAMS 0x0000000644400000| PB 0x0000000644400000| Untracked |  0
| 274|0x0000000644800000, 0x0000000644800000, 0x0000000644c00000|  0%| F|  |TAMS 0x0000000644800000| PB 0x0000000644800000| Untracked |  0
| 275|0x0000000644c00000, 0x0000000644c00000, 0x0000000645000000|  0%| F|  |TAMS 0x0000000644c00000| PB 0x0000000644c00000| Untracked |  0
| 276|0x0000000645000000, 0x0000000645000000, 0x0000000645400000|  0%| F|  |TAMS 0x0000000645000000| PB 0x0000000645000000| Untracked |  0
| 277|0x0000000645400000, 0x0000000645400000, 0x0000000645800000|  0%| F|  |TAMS 0x0000000645400000| PB 0x0000000645400000| Untracked |  0
| 278|0x0000000645800000, 0x0000000645800000, 0x0000000645c00000|  0%| F|  |TAMS 0x0000000645800000| PB 0x0000000645800000| Untracked |  0
| 279|0x0000000645c00000, 0x0000000645c00000, 0x0000000646000000|  0%| F|  |TAMS 0x0000000645c00000| PB 0x0000000645c00000| Untracked |  0
| 280|0x0000000646000000, 0x0000000646000000, 0x0000000646400000|  0%| F|  |TAMS 0x0000000646000000| PB 0x0000000646000000| Untracked |  0
| 281|0x0000000646400000, 0x0000000646400000, 0x0000000646800000|  0%| F|  |TAMS 0x0000000646400000| PB 0x0000000646400000| Untracked |  0
| 282|0x0000000646800000, 0x0000000646800000, 0x0000000646c00000|  0%| F|  |TAMS 0x0000000646800000| PB 0x0000000646800000| Untracked |  0
| 283|0x0000000646c00000, 0x0000000646c00000, 0x0000000647000000|  0%| F|  |TAMS 0x0000000646c00000| PB 0x0000000646c00000| Untracked |  0
| 284|0x0000000647000000, 0x0000000647000000, 0x0000000647400000|  0%| F|  |TAMS 0x0000000647000000| PB 0x0000000647000000| Untracked |  0
| 285|0x0000000647400000, 0x0000000647400000, 0x0000000647800000|  0%| F|  |TAMS 0x0000000647400000| PB 0x0000000647400000| Untracked |  0
| 286|0x0000000647800000, 0x0000000647800000, 0x0000000647c00000|  0%| F|  |TAMS 0x0000000647800000| PB 0x0000000647800000| Untracked |  0
| 287|0x0000000647c00000, 0x0000000647c00000, 0x0000000648000000|  0%| F|  |TAMS 0x0000000647c00000| PB 0x0000000647c00000| Untracked |  0
| 288|0x0000000648000000, 0x0000000648000000, 0x0000000648400000|  0%| F|  |TAMS 0x0000000648000000| PB 0x0000000648000000| Untracked |  0
| 289|0x0000000648400000, 0x0000000648400000, 0x0000000648800000|  0%| F|  |TAMS 0x0000000648400000| PB 0x0000000648400000| Untracked |  0
| 290|0x0000000648800000, 0x0000000648800000, 0x0000000648c00000|  0%| F|  |TAMS 0x0000000648800000| PB 0x0000000648800000| Untracked |  0
| 291|0x0000000648c00000, 0x0000000648c00000, 0x0000000649000000|  0%| F|  |TAMS 0x0000000648c00000| PB 0x0000000648c00000| Untracked |  0
| 292|0x0000000649000000, 0x0000000649000000, 0x0000000649400000|  0%| F|  |TAMS 0x0000000649000000| PB 0x0000000649000000| Untracked |  0
| 293|0x0000000649400000, 0x0000000649400000, 0x0000000649800000|  0%| F|  |TAMS 0x0000000649400000| PB 0x0000000649400000| Untracked |  0
| 294|0x0000000649800000, 0x0000000649800000, 0x0000000649c00000|  0%| F|  |TAMS 0x0000000649800000| PB 0x0000000649800000| Untracked |  0
| 295|0x0000000649c00000, 0x0000000649c00000, 0x000000064a000000|  0%| F|  |TAMS 0x0000000649c00000| PB 0x0000000649c00000| Untracked |  0
| 296|0x000000064a000000, 0x000000064a000000, 0x000000064a400000|  0%| F|  |TAMS 0x000000064a000000| PB 0x000000064a000000| Untracked |  0
| 297|0x000000064a400000, 0x000000064a400000, 0x000000064a800000|  0%| F|  |TAMS 0x000000064a400000| PB 0x000000064a400000| Untracked |  0
| 298|0x000000064a800000, 0x000000064a800000, 0x000000064ac00000|  0%| F|  |TAMS 0x000000064a800000| PB 0x000000064a800000| Untracked |  0
| 299|0x000000064ac00000, 0x000000064ac00000, 0x000000064b000000|  0%| F|  |TAMS 0x000000064ac00000| PB 0x000000064ac00000| Untracked |  0
| 300|0x000000064b000000, 0x000000064b000000, 0x000000064b400000|  0%| F|  |TAMS 0x000000064b000000| PB 0x000000064b000000| Untracked |  0
| 301|0x000000064b400000, 0x000000064b400000, 0x000000064b800000|  0%| F|  |TAMS 0x000000064b400000| PB 0x000000064b400000| Untracked |  0
| 302|0x000000064b800000, 0x000000064b800000, 0x000000064bc00000|  0%| F|  |TAMS 0x000000064b800000| PB 0x000000064b800000| Untracked |  0
| 303|0x000000064bc00000, 0x000000064bc00000, 0x000000064c000000|  0%| F|  |TAMS 0x000000064bc00000| PB 0x000000064bc00000| Untracked |  0
| 304|0x000000064c000000, 0x000000064c000000, 0x000000064c400000|  0%| F|  |TAMS 0x000000064c000000| PB 0x000000064c000000| Untracked |  0
| 305|0x000000064c400000, 0x000000064c400000, 0x000000064c800000|  0%| F|  |TAMS 0x000000064c400000| PB 0x000000064c400000| Untracked |  0
| 306|0x000000064c800000, 0x000000064c800000, 0x000000064cc00000|  0%| F|  |TAMS 0x000000064c800000| PB 0x000000064c800000| Untracked |  0
| 307|0x000000064cc00000, 0x000000064cc00000, 0x000000064d000000|  0%| F|  |TAMS 0x000000064cc00000| PB 0x000000064cc00000| Untracked |  0
| 308|0x000000064d000000, 0x000000064d000000, 0x000000064d400000|  0%| F|  |TAMS 0x000000064d000000| PB 0x000000064d000000| Untracked |  0
| 309|0x000000064d400000, 0x000000064d400000, 0x000000064d800000|  0%| F|  |TAMS 0x000000064d400000| PB 0x000000064d400000| Untracked |  0
| 310|0x000000064d800000, 0x000000064d800000, 0x000000064dc00000|  0%| F|  |TAMS 0x000000064d800000| PB 0x000000064d800000| Untracked |  0
| 311|0x000000064dc00000, 0x000000064dc00000, 0x000000064e000000|  0%| F|  |TAMS 0x000000064dc00000| PB 0x000000064dc00000| Untracked |  0
| 312|0x000000064e000000, 0x000000064e000000, 0x000000064e400000|  0%| F|  |TAMS 0x000000064e000000| PB 0x000000064e000000| Untracked |  0
| 313|0x000000064e400000, 0x000000064e400000, 0x000000064e800000|  0%| F|  |TAMS 0x000000064e400000| PB 0x000000064e400000| Untracked |  0
| 314|0x000000064e800000, 0x000000064e800000, 0x000000064ec00000|  0%| F|  |TAMS 0x000000064e800000| PB 0x000000064e800000| Untracked |  0
| 315|0x000000064ec00000, 0x000000064ec00000, 0x000000064f000000|  0%| F|  |TAMS 0x000000064ec00000| PB 0x000000064ec00000| Untracked |  0
| 316|0x000000064f000000, 0x000000064f000000, 0x000000064f400000|  0%| F|  |TAMS 0x000000064f000000| PB 0x000000064f000000| Untracked |  0
| 317|0x000000064f400000, 0x000000064f400000, 0x000000064f800000|  0%| F|  |TAMS 0x000000064f400000| PB 0x000000064f400000| Untracked |  0
| 318|0x000000064f800000, 0x000000064f800000, 0x000000064fc00000|  0%| F|  |TAMS 0x000000064f800000| PB 0x000000064f800000| Untracked |  0
| 319|0x000000064fc00000, 0x000000064fc00000, 0x0000000650000000|  0%| F|  |TAMS 0x000000064fc00000| PB 0x000000064fc00000| Untracked |  0
| 320|0x0000000650000000, 0x0000000650000000, 0x0000000650400000|  0%| F|  |TAMS 0x0000000650000000| PB 0x0000000650000000| Untracked |  0
| 321|0x0000000650400000, 0x0000000650400000, 0x0000000650800000|  0%| F|  |TAMS 0x0000000650400000| PB 0x0000000650400000| Untracked |  0
| 322|0x0000000650800000, 0x0000000650800000, 0x0000000650c00000|  0%| F|  |TAMS 0x0000000650800000| PB 0x0000000650800000| Untracked |  0
| 323|0x0000000650c00000, 0x0000000650c00000, 0x0000000651000000|  0%| F|  |TAMS 0x0000000650c00000| PB 0x0000000650c00000| Untracked |  0
| 324|0x0000000651000000, 0x0000000651000000, 0x0000000651400000|  0%| F|  |TAMS 0x0000000651000000| PB 0x0000000651000000| Untracked |  0
| 325|0x0000000651400000, 0x0000000651400000, 0x0000000651800000|  0%| F|  |TAMS 0x0000000651400000| PB 0x0000000651400000| Untracked |  0
| 326|0x0000000651800000, 0x0000000651800000, 0x0000000651c00000|  0%| F|  |TAMS 0x0000000651800000| PB 0x0000000651800000| Untracked |  0
| 327|0x0000000651c00000, 0x0000000651c00000, 0x0000000652000000|  0%| F|  |TAMS 0x0000000651c00000| PB 0x0000000651c00000| Untracked |  0
| 328|0x0000000652000000, 0x0000000652000000, 0x0000000652400000|  0%| F|  |TAMS 0x0000000652000000| PB 0x0000000652000000| Untracked |  0
| 329|0x0000000652400000, 0x0000000652400000, 0x0000000652800000|  0%| F|  |TAMS 0x0000000652400000| PB 0x0000000652400000| Untracked |  0
| 330|0x0000000652800000, 0x0000000652800000, 0x0000000652c00000|  0%| F|  |TAMS 0x0000000652800000| PB 0x0000000652800000| Untracked |  0
| 331|0x0000000652c00000, 0x0000000652c00000, 0x0000000653000000|  0%| F|  |TAMS 0x0000000652c00000| PB 0x0000000652c00000| Untracked |  0
| 332|0x0000000653000000, 0x0000000653000000, 0x0000000653400000|  0%| F|  |TAMS 0x0000000653000000| PB 0x0000000653000000| Untracked |  0
| 333|0x0000000653400000, 0x0000000653400000, 0x0000000653800000|  0%| F|  |TAMS 0x0000000653400000| PB 0x0000000653400000| Untracked |  0
| 334|0x0000000653800000, 0x0000000653800000, 0x0000000653c00000|  0%| F|  |TAMS 0x0000000653800000| PB 0x0000000653800000| Untracked |  0
| 335|0x0000000653c00000, 0x0000000653c00000, 0x0000000654000000|  0%| F|  |TAMS 0x0000000653c00000| PB 0x0000000653c00000| Untracked |  0
| 336|0x0000000654000000, 0x0000000654000000, 0x0000000654400000|  0%| F|  |TAMS 0x0000000654000000| PB 0x0000000654000000| Untracked |  0
| 337|0x0000000654400000, 0x0000000654400000, 0x0000000654800000|  0%| F|  |TAMS 0x0000000654400000| PB 0x0000000654400000| Untracked |  0
| 338|0x0000000654800000, 0x0000000654800000, 0x0000000654c00000|  0%| F|  |TAMS 0x0000000654800000| PB 0x0000000654800000| Untracked |  0
| 339|0x0000000654c00000, 0x0000000654c00000, 0x0000000655000000|  0%| F|  |TAMS 0x0000000654c00000| PB 0x0000000654c00000| Untracked |  0
| 340|0x0000000655000000, 0x0000000655000000, 0x0000000655400000|  0%| F|  |TAMS 0x0000000655000000| PB 0x0000000655000000| Untracked |  0
| 341|0x0000000655400000, 0x0000000655400000, 0x0000000655800000|  0%| F|  |TAMS 0x0000000655400000| PB 0x0000000655400000| Untracked |  0
| 342|0x0000000655800000, 0x0000000655800000, 0x0000000655c00000|  0%| F|  |TAMS 0x0000000655800000| PB 0x0000000655800000| Untracked |  0
| 343|0x0000000655c00000, 0x0000000655c00000, 0x0000000656000000|  0%| F|  |TAMS 0x0000000655c00000| PB 0x0000000655c00000| Untracked |  0
| 344|0x0000000656000000, 0x0000000656000000, 0x0000000656400000|  0%| F|  |TAMS 0x0000000656000000| PB 0x0000000656000000| Untracked |  0
| 345|0x0000000656400000, 0x0000000656400000, 0x0000000656800000|  0%| F|  |TAMS 0x0000000656400000| PB 0x0000000656400000| Untracked |  0
| 346|0x0000000656800000, 0x0000000656800000, 0x0000000656c00000|  0%| F|  |TAMS 0x0000000656800000| PB 0x0000000656800000| Untracked |  0
| 347|0x0000000656c00000, 0x0000000656c00000, 0x0000000657000000|  0%| F|  |TAMS 0x0000000656c00000| PB 0x0000000656c00000| Untracked |  0
| 348|0x0000000657000000, 0x0000000657000000, 0x0000000657400000|  0%| F|  |TAMS 0x0000000657000000| PB 0x0000000657000000| Untracked |  0
| 349|0x0000000657400000, 0x0000000657400000, 0x0000000657800000|  0%| F|  |TAMS 0x0000000657400000| PB 0x0000000657400000| Untracked |  0
| 350|0x0000000657800000, 0x0000000657800000, 0x0000000657c00000|  0%| F|  |TAMS 0x0000000657800000| PB 0x0000000657800000| Untracked |  0
| 351|0x0000000657c00000, 0x0000000657c00000, 0x0000000658000000|  0%| F|  |TAMS 0x0000000657c00000| PB 0x0000000657c00000| Untracked |  0
| 352|0x0000000658000000, 0x0000000658000000, 0x0000000658400000|  0%| F|  |TAMS 0x0000000658000000| PB 0x0000000658000000| Untracked |  0
| 353|0x0000000658400000, 0x0000000658400000, 0x0000000658800000|  0%| F|  |TAMS 0x0000000658400000| PB 0x0000000658400000| Untracked |  0
| 354|0x0000000658800000, 0x0000000658800000, 0x0000000658c00000|  0%| F|  |TAMS 0x0000000658800000| PB 0x0000000658800000| Untracked |  0
| 355|0x0000000658c00000, 0x0000000658c00000, 0x0000000659000000|  0%| F|  |TAMS 0x0000000658c00000| PB 0x0000000658c00000| Untracked |  0
| 356|0x0000000659000000, 0x0000000659000000, 0x0000000659400000|  0%| F|  |TAMS 0x0000000659000000| PB 0x0000000659000000| Untracked |  0
| 357|0x0000000659400000, 0x0000000659400000, 0x0000000659800000|  0%| F|  |TAMS 0x0000000659400000| PB 0x0000000659400000| Untracked |  0
| 358|0x0000000659800000, 0x0000000659800000, 0x0000000659c00000|  0%| F|  |TAMS 0x0000000659800000| PB 0x0000000659800000| Untracked |  0
| 359|0x0000000659c00000, 0x0000000659c00000, 0x000000065a000000|  0%| F|  |TAMS 0x0000000659c00000| PB 0x0000000659c00000| Untracked |  0
| 360|0x000000065a000000, 0x000000065a000000, 0x000000065a400000|  0%| F|  |TAMS 0x000000065a000000| PB 0x000000065a000000| Untracked |  0
| 361|0x000000065a400000, 0x000000065a400000, 0x000000065a800000|  0%| F|  |TAMS 0x000000065a400000| PB 0x000000065a400000| Untracked |  0
| 362|0x000000065a800000, 0x000000065a800000, 0x000000065ac00000|  0%| F|  |TAMS 0x000000065a800000| PB 0x000000065a800000| Untracked |  0
| 363|0x000000065ac00000, 0x000000065ac00000, 0x000000065b000000|  0%| F|  |TAMS 0x000000065ac00000| PB 0x000000065ac00000| Untracked |  0
| 364|0x000000065b000000, 0x000000065b000000, 0x000000065b400000|  0%| F|  |TAMS 0x000000065b000000| PB 0x000000065b000000| Untracked |  0
| 365|0x000000065b400000, 0x000000065b400000, 0x000000065b800000|  0%| F|  |TAMS 0x000000065b400000| PB 0x000000065b400000| Untracked |  0
| 366|0x000000065b800000, 0x000000065b800000, 0x000000065bc00000|  0%| F|  |TAMS 0x000000065b800000| PB 0x000000065b800000| Untracked |  0
| 367|0x000000065bc00000, 0x000000065bc00000, 0x000000065c000000|  0%| F|  |TAMS 0x000000065bc00000| PB 0x000000065bc00000| Untracked |  0
| 368|0x000000065c000000, 0x000000065c000000, 0x000000065c400000|  0%| F|  |TAMS 0x000000065c000000| PB 0x000000065c000000| Untracked |  0
| 369|0x000000065c400000, 0x000000065c400000, 0x000000065c800000|  0%| F|  |TAMS 0x000000065c400000| PB 0x000000065c400000| Untracked |  0
| 370|0x000000065c800000, 0x000000065c800000, 0x000000065cc00000|  0%| F|  |TAMS 0x000000065c800000| PB 0x000000065c800000| Untracked |  0
| 371|0x000000065cc00000, 0x000000065cc00000, 0x000000065d000000|  0%| F|  |TAMS 0x000000065cc00000| PB 0x000000065cc00000| Untracked |  0
| 372|0x000000065d000000, 0x000000065d000000, 0x000000065d400000|  0%| F|  |TAMS 0x000000065d000000| PB 0x000000065d000000| Untracked |  0
| 373|0x000000065d400000, 0x000000065d400000, 0x000000065d800000|  0%| F|  |TAMS 0x000000065d400000| PB 0x000000065d400000| Untracked |  0
| 374|0x000000065d800000, 0x000000065d800000, 0x000000065dc00000|  0%| F|  |TAMS 0x000000065d800000| PB 0x000000065d800000| Untracked |  0
| 375|0x000000065dc00000, 0x000000065dc00000, 0x000000065e000000|  0%| F|  |TAMS 0x000000065dc00000| PB 0x000000065dc00000| Untracked |  0
| 376|0x000000065e000000, 0x000000065e000000, 0x000000065e400000|  0%| F|  |TAMS 0x000000065e000000| PB 0x000000065e000000| Untracked |  0
| 377|0x000000065e400000, 0x000000065e400000, 0x000000065e800000|  0%| F|  |TAMS 0x000000065e400000| PB 0x000000065e400000| Untracked |  0
|1955|0x00000007e8c00000, 0x00000007e8c00000, 0x00000007e9000000|  0%| F|  |TAMS 0x00000007e8c00000| PB 0x00000007e8c00000| Untracked |  0
|1962|0x00000007ea800000, 0x00000007ea800000, 0x00000007eac00000|  0%| F|  |TAMS 0x00000007ea800000| PB 0x00000007ea800000| Untracked |  0
|1974|0x00000007ed800000, 0x00000007ed800000, 0x00000007edc00000|  0%| F|  |TAMS 0x00000007ed800000| PB 0x00000007ed800000| Untracked |  0
|1975|0x00000007edc00000, 0x00000007edc00000, 0x00000007ee000000|  0%| F|  |TAMS 0x00000007edc00000| PB 0x00000007edc00000| Untracked |  0
|1976|0x00000007ee000000, 0x00000007ee400000, 0x00000007ee400000|100%| O|  |TAMS 0x00000007ee400000| PB 0x00000007ee000000| Untracked |  0
|1981|0x00000007ef400000, 0x00000007ef400000, 0x00000007ef800000|  0%| F|  |TAMS 0x00000007ef400000| PB 0x00000007ef400000| Untracked |  0
|1982|0x00000007ef800000, 0x00000007ef800000, 0x00000007efc00000|  0%| F|  |TAMS 0x00000007ef800000| PB 0x00000007ef800000| Untracked |  0
|1983|0x00000007efc00000, 0x00000007efc00000, 0x00000007f0000000|  0%| F|  |TAMS 0x00000007efc00000| PB 0x00000007efc00000| Untracked |  0
|1984|0x00000007f0000000, 0x00000007f0000000, 0x00000007f0400000|  0%| F|  |TAMS 0x00000007f0000000| PB 0x00000007f0000000| Untracked |  0
|1985|0x00000007f0400000, 0x00000007f0400000, 0x00000007f0800000|  0%| F|  |TAMS 0x00000007f0400000| PB 0x00000007f0400000| Untracked |  0
|1986|0x00000007f0800000, 0x00000007f0800000, 0x00000007f0c00000|  0%| F|  |TAMS 0x00000007f0800000| PB 0x00000007f0800000| Untracked |  0
|1987|0x00000007f0c00000, 0x00000007f0c00000, 0x00000007f1000000|  0%| F|  |TAMS 0x00000007f0c00000| PB 0x00000007f0c00000| Untracked |  0
|1988|0x00000007f1000000, 0x00000007f1000000, 0x00000007f1400000|  0%| F|  |TAMS 0x00000007f1000000| PB 0x00000007f1000000| Untracked |  0
|1989|0x00000007f1400000, 0x00000007f1400000, 0x00000007f1800000|  0%| F|  |TAMS 0x00000007f1400000| PB 0x00000007f1400000| Untracked |  0
|1990|0x00000007f1800000, 0x00000007f1800000, 0x00000007f1c00000|  0%| F|  |TAMS 0x00000007f1800000| PB 0x00000007f1800000| Untracked |  0
|1991|0x00000007f1c00000, 0x00000007f1c00000, 0x00000007f2000000|  0%| F|  |TAMS 0x00000007f1c00000| PB 0x00000007f1c00000| Untracked |  0
|1992|0x00000007f2000000, 0x00000007f2000000, 0x00000007f2400000|  0%| F|  |TAMS 0x00000007f2000000| PB 0x00000007f2000000| Untracked |  0
|1993|0x00000007f2400000, 0x00000007f2400000, 0x00000007f2800000|  0%| F|  |TAMS 0x00000007f2400000| PB 0x00000007f2400000| Untracked |  0
|1994|0x00000007f2800000, 0x00000007f2800000, 0x00000007f2c00000|  0%| F|  |TAMS 0x00000007f2800000| PB 0x00000007f2800000| Untracked |  0
|1995|0x00000007f2c00000, 0x00000007f2c00000, 0x00000007f3000000|  0%| F|  |TAMS 0x00000007f2c00000| PB 0x00000007f2c00000| Untracked |  0
|1996|0x00000007f3000000, 0x00000007f3000000, 0x00000007f3400000|  0%| F|  |TAMS 0x00000007f3000000| PB 0x00000007f3000000| Untracked |  0
|1997|0x00000007f3400000, 0x00000007f3400000, 0x00000007f3800000|  0%| F|  |TAMS 0x00000007f3400000| PB 0x00000007f3400000| Untracked |  0
|1998|0x00000007f3800000, 0x00000007f3800000, 0x00000007f3c00000|  0%| F|  |TAMS 0x00000007f3800000| PB 0x00000007f3800000| Untracked |  0
|1999|0x00000007f3c00000, 0x00000007f3c00000, 0x00000007f4000000|  0%| F|  |TAMS 0x00000007f3c00000| PB 0x00000007f3c00000| Untracked |  0
|2000|0x00000007f4000000, 0x00000007f4000000, 0x00000007f4400000|  0%| F|  |TAMS 0x00000007f4000000| PB 0x00000007f4000000| Untracked |  0
|2001|0x00000007f4400000, 0x00000007f4400000, 0x00000007f4800000|  0%| F|  |TAMS 0x00000007f4400000| PB 0x00000007f4400000| Untracked |  0
|2002|0x00000007f4800000, 0x00000007f4800000, 0x00000007f4c00000|  0%| F|  |TAMS 0x00000007f4800000| PB 0x00000007f4800000| Untracked |  0
|2003|0x00000007f4c00000, 0x00000007f4c00000, 0x00000007f5000000|  0%| F|  |TAMS 0x00000007f4c00000| PB 0x00000007f4c00000| Untracked |  0
|2004|0x00000007f5000000, 0x00000007f5000000, 0x00000007f5400000|  0%| F|  |TAMS 0x00000007f5000000| PB 0x00000007f5000000| Untracked |  0
|2005|0x00000007f5400000, 0x00000007f5400000, 0x00000007f5800000|  0%| F|  |TAMS 0x00000007f5400000| PB 0x00000007f5400000| Untracked |  0
|2006|0x00000007f5800000, 0x00000007f5800000, 0x00000007f5c00000|  0%| F|  |TAMS 0x00000007f5800000| PB 0x00000007f5800000| Untracked |  0
|2007|0x00000007f5c00000, 0x00000007f5c00000, 0x00000007f6000000|  0%| F|  |TAMS 0x00000007f5c00000| PB 0x00000007f5c00000| Untracked |  0
|2008|0x00000007f6000000, 0x00000007f6000000, 0x00000007f6400000|  0%| F|  |TAMS 0x00000007f6000000| PB 0x00000007f6000000| Untracked |  0
|2009|0x00000007f6400000, 0x00000007f6400000, 0x00000007f6800000|  0%| F|  |TAMS 0x00000007f6400000| PB 0x00000007f6400000| Untracked |  0
|2010|0x00000007f6800000, 0x00000007f6800000, 0x00000007f6c00000|  0%| F|  |TAMS 0x00000007f6800000| PB 0x00000007f6800000| Untracked |  0
|2037|0x00000007fd400000, 0x00000007fd400000, 0x00000007fd800000|  0%| F|  |TAMS 0x00000007fd400000| PB 0x00000007fd400000| Untracked |  0
|2038|0x00000007fd800000, 0x00000007fd800000, 0x00000007fdc00000|  0%| F|  |TAMS 0x00000007fd800000| PB 0x00000007fd800000| Untracked |  0
|2039|0x00000007fdc00000, 0x00000007fdc00000, 0x00000007fe000000|  0%| F|  |TAMS 0x00000007fdc00000| PB 0x00000007fdc00000| Untracked |  0
|2040|0x00000007fe000000, 0x00000007fe000000, 0x00000007fe400000|  0%| F|  |TAMS 0x00000007fe000000| PB 0x00000007fe000000| Untracked |  0
|2041|0x00000007fe400000, 0x00000007fe400000, 0x00000007fe800000|  0%| F|  |TAMS 0x00000007fe400000| PB 0x00000007fe400000| Untracked |  0
|2042|0x00000007fe800000, 0x00000007fe800000, 0x00000007fec00000|  0%| F|  |TAMS 0x00000007fe800000| PB 0x00000007fe800000| Untracked |  0
|2043|0x00000007fec00000, 0x00000007fec00000, 0x00000007ff000000|  0%| F|  |TAMS 0x00000007fec00000| PB 0x00000007fec00000| Untracked |  0
|2044|0x00000007ff000000, 0x00000007ff000000, 0x00000007ff400000|  0%| F|  |TAMS 0x00000007ff000000| PB 0x00000007ff000000| Untracked |  0
|2045|0x00000007ff400000, 0x00000007ff400000, 0x00000007ff800000|  0%| F|  |TAMS 0x00000007ff400000| PB 0x00000007ff400000| Untracked |  0
|2046|0x00000007ff800000, 0x00000007ff800000, 0x00000007ffc00000|  0%| F|  |TAMS 0x00000007ff800000| PB 0x00000007ff800000| Untracked |  0
|2047|0x00000007ffc00000, 0x00000007ffc00000, 0x0000000800000000|  0%| F|  |TAMS 0x00000007ffc00000| PB 0x00000007ffc00000| Untracked |  0

Card table byte_map: [0x0000018b45230000,0x0000018b46230000] _byte_map_base: 0x0000018b42230000

Marking Bits: (CMBitMap*) 0x0000018b20016ad0
 Bits: [0x0000018b46230000, 0x0000018b4e230000)

Polling page: 0x0000018b1dba0000

Metaspace:
Metaspace        used 396923K, committed 399616K, reserved 1441792K
 class space     used 54134K, committed 55424K, reserved 1048576K

Usage:
  Non-class:    334.75 MB used.
      Class:     52.87 MB used.
       Both:    387.62 MB used.

Virtual space:
  Non-class space:      384.00 MB reserved,     336.12 MB ( 88%) committed,  6 nodes.
      Class space:        1.00 GB reserved,      54.12 MB (  5%) committed,  1 nodes.
             Both:        1.38 GB reserved,     390.25 MB ( 28%) committed. 

Chunk freelists:
   Non-Class:  15.89 MB
       Class:  9.91 MB
        Both:  25.80 MB

MaxMetaspaceSize: 4.00 GB
CompressedClassSpaceSize: 1.00 GB
Initial GC threshold: 21.00 MB
Current GC threshold: 650.31 MB
CDS: off
 - commit_granule_bytes: 65536.
 - commit_granule_words: 8192.
 - virtual_space_node_default_size: 8388608.
 - enlarge_chunks_in_place: 1.
UseCompressedClassPointers 1, UseCompactObjectHeaders 0
Narrow klass pointer bits 32, Max shift 3
Narrow klass base: 0x0000000000000000, Narrow klass shift: 0
Encoding Range: [0x0000000000000000 - 0x0000000100000000), (4294967296 bytes)
Klass Range:    [0x0000000088000000 - 0x00000000c8000000), (1073741824 bytes)
Klass ID Range:  [2281701376 - 3355443193) (1073741817)
No protection zone.


Internal statistics:

num_allocs_failed_limit: 9.
num_arena_births: 8222.
num_arena_deaths: 2922.
num_vsnodes_births: 7.
num_vsnodes_deaths: 0.
num_space_committed: 6258.
num_space_uncommitted: 17.
num_chunks_returned_to_freelist: 3528.
num_chunks_taken_from_freelist: 26210.
num_chunk_merges: 1229.
num_chunk_splits: 17368.
num_chunks_enlarged: 12283.
num_inconsistent_stats: 0.

CodeHeap 'non-profiled nmethods': size=258496Kb used=20041Kb max_used=42970Kb free=238454Kb
 bounds [0x0000018b337e0000, 0x0000018b361e0000, 0x0000018b43450000]
CodeHeap 'profiled nmethods': size=258368Kb used=18545Kb max_used=103637Kb free=239822Kb
 bounds [0x0000018b23450000, 0x0000018b29990000, 0x0000018b330a0000]
CodeHeap 'non-nmethods': size=7424Kb used=3764Kb max_used=4622Kb free=3659Kb
 bounds [0x0000018b330a0000, 0x0000018b33550000, 0x0000018b337e0000]
CodeCache: size=524288Kb, used=42350Kb, max_used=151229Kb, free=481935Kb
 total_blobs=19366, nmethods=17920, adapters=1342, full_count=0
Compilation: enabled, stopped_count=0, restarted_count=0

Compilation events (20 events):
Event: 22664.548 Thread 0x0000018b62cf7300 251420       3       org.gradle.internal.classpath.transforms.LambdaSerializationTransformer::getEstimatedArgumentHandlingCodeLength (21 bytes)
Event: 22664.548 Thread 0x0000018b62834310 251421       3       org.gradle.internal.classpath.transforms.LambdaSerializationTransformer::isPrimitiveArgument (56 bytes)
Event: 22664.548 Thread 0x0000018b62cf7300 nmethod 251420 0x0000018b234cc688 code [0x0000018b234cc780, 0x0000018b234cc8e0]
Event: 22664.548 Thread 0x0000018b62834310 nmethod 251421 0x0000018b23807608 code [0x0000018b23807700, 0x0000018b238079f8]
Event: 22664.549 Thread 0x0000018b517e0f40 251422       3       org.gradle.internal.classpath.transforms.LambdaSerializationTransformer::getEstimatedSingleLambdaHandlingCodeLength (48 bytes)
Event: 22664.549 Thread 0x0000018b517e0f40 nmethod 251422 0x0000018b238e2208 code [0x0000018b238e2300, 0x0000018b238e25c0]
Event: 22664.550 Thread 0x0000018b517e0f40 251423       3       org.gradle.api.internal.initialization.transform.ExternalDependencyInstrumentingArtifactTransform$Inject1::$gradleServices (13 bytes)
Event: 22664.551 Thread 0x0000018b517e0f40 nmethod 251423 0x0000018b23668d08 code [0x0000018b23668e00, 0x0000018b23668ff8]
Event: 22664.562 Thread 0x0000018b6a798b10 251424       4       java.util.zip.ZipUtils::getBufferOffset (11 bytes)
Event: 22664.563 Thread 0x0000018b6a798b10 nmethod 251424 0x0000018b33984308 code [0x0000018b33984400, 0x0000018b33984468]
Event: 22664.574 Thread 0x0000018b62834310 251425       3       org.gradle.model.internal.asm.MethodVisitorScope::_INVOKESPECIAL (9 bytes)
Event: 22664.575 Thread 0x0000018b62834310 nmethod 251425 0x0000018b23676588 code [0x0000018b23676680, 0x0000018b23676838]
Event: 22664.583 Thread 0x0000018b6c2269c0 251426 % !   4       java.util.jar.Attributes::read @ 214 (494 bytes)
Event: 22664.616 Thread 0x0000018b62834310 251427       3       org.objectweb.asm.tree.MethodNode::visitFieldInsn (20 bytes)
Event: 22664.616 Thread 0x0000018b62834310 nmethod 251427 0x0000018b2367d288 code [0x0000018b2367d380, 0x0000018b2367d798]
Event: 22664.650 Thread 0x0000018b6a798b10 251428       4       org.objectweb.asm.FieldWriter::visitAnnotation (40 bytes)
Event: 22664.661 Thread 0x0000018b6a798b10 nmethod 251428 0x0000018b3566a908 code [0x0000018b3566aa00, 0x0000018b3566ba00]
Event: 22664.664 Thread 0x0000018b62834310 251429       3       org.objectweb.asm.SymbolTable::addConstantFloat (10 bytes)
Event: 22664.665 Thread 0x0000018b62834310 nmethod 251429 0x0000018b23870b08 code [0x0000018b23870c00, 0x0000018b23870d58]
Event: 22664.681 Thread 0x0000018b6c2269c0 nmethod 251426% 0x0000018b33877e88 code [0x0000018b33877f80, 0x0000018b3387c898]

GC Heap Usage History (20 events):
Event: 22561.559 {heap After GC invocations=522 (full 0):
 garbage-first heap   total reserved 8388608K, committed 1736704K, used 498778K [0x0000000600000000, 0x0000000800000000)
  region size 4096K, 3 young (12288K), 3 survivors (12288K)
}
Event: 22642.178 {heap Before GC invocations=522 (full 0):
 garbage-first heap   total reserved 8388608K, committed 1736704K, used 1526874K [0x0000000600000000, 0x0000000800000000)
  region size 4096K, 254 young (1040384K), 3 survivors (12288K)
}
Event: 22642.187 {heap After GC invocations=523 (full 0):
 garbage-first heap   total reserved 8388608K, committed 1736704K, used 513477K [0x0000000600000000, 0x0000000800000000)
  region size 4096K, 7 young (28672K), 7 survivors (28672K)
}
Event: 22657.258 {heap Before GC invocations=524 (full 0):
 garbage-first heap   total reserved 8388608K, committed 1736704K, used 1521093K [0x0000000600000000, 0x0000000800000000)
  region size 4096K, 254 young (1040384K), 7 survivors (28672K)
}
Event: 22657.280 {heap After GC invocations=525 (full 0):
 garbage-first heap   total reserved 8388608K, committed 1736704K, used 554860K [0x0000000600000000, 0x0000000800000000)
  region size 4096K, 16 young (65536K), 16 survivors (65536K)
}
Event: 22660.542 {heap Before GC invocations=525 (full 0):
 garbage-first heap   total reserved 8388608K, committed 1736704K, used 1525612K [0x0000000600000000, 0x0000000800000000)
  region size 4096K, 254 young (1040384K), 16 survivors (65536K)
}
Event: 22660.566 {heap After GC invocations=526 (full 0):
 garbage-first heap   total reserved 8388608K, committed 1736704K, used 558156K [0x0000000600000000, 0x0000000800000000)
  region size 4096K, 18 young (73728K), 18 survivors (73728K)
}
Event: 22661.737 {heap Before GC invocations=526 (full 0):
 garbage-first heap   total reserved 8388608K, committed 1736704K, used 1520716K [0x0000000600000000, 0x0000000800000000)
  region size 4096K, 254 young (1040384K), 18 survivors (73728K)
}
Event: 22661.761 {heap After GC invocations=527 (full 0):
 garbage-first heap   total reserved 8388608K, committed 1736704K, used 569352K [0x0000000600000000, 0x0000000800000000)
  region size 4096K, 20 young (81920K), 20 survivors (81920K)
}
Event: 22662.696 {heap Before GC invocations=528 (full 0):
 garbage-first heap   total reserved 8388608K, committed 1736704K, used 1523720K [0x0000000600000000, 0x0000000800000000)
  region size 4096K, 254 young (1040384K), 20 survivors (81920K)
}
Event: 22662.723 {heap After GC invocations=529 (full 0):
 garbage-first heap   total reserved 8388608K, committed 1736704K, used 570260K [0x0000000600000000, 0x0000000800000000)
  region size 4096K, 16 young (65536K), 16 survivors (65536K)
}
Event: 22663.062 {heap Before GC invocations=529 (full 0):
 garbage-first heap   total reserved 8388608K, committed 1736704K, used 1541012K [0x0000000600000000, 0x0000000800000000)
  region size 4096K, 254 young (1040384K), 16 survivors (65536K)
}
Event: 22663.090 {heap After GC invocations=530 (full 0):
 garbage-first heap   total reserved 8388608K, committed 1736704K, used 571327K [0x0000000600000000, 0x0000000800000000)
  region size 4096K, 16 young (65536K), 16 survivors (65536K)
}
Event: 22663.421 {heap Before GC invocations=530 (full 0):
 garbage-first heap   total reserved 8388608K, committed 1736704K, used 1542079K [0x0000000600000000, 0x0000000800000000)
  region size 4096K, 254 young (1040384K), 16 survivors (65536K)
}
Event: 22663.441 {heap After GC invocations=531 (full 0):
 garbage-first heap   total reserved 8388608K, committed 1736704K, used 574933K [0x0000000600000000, 0x0000000800000000)
  region size 4096K, 17 young (69632K), 17 survivors (69632K)
}
Event: 22663.909 {heap Before GC invocations=532 (full 0):
 garbage-first heap   total reserved 8388608K, committed 1736704K, used 1521109K [0x0000000600000000, 0x0000000800000000)
  region size 4096K, 254 young (1040384K), 17 survivors (69632K)
}
Event: 22663.926 {heap After GC invocations=533 (full 0):
 garbage-first heap   total reserved 8388608K, committed 1736704K, used 558718K [0x0000000600000000, 0x0000000800000000)
  region size 4096K, 18 young (73728K), 18 survivors (73728K)
}
Event: 22664.301 {heap Before GC invocations=533 (full 0):
 garbage-first heap   total reserved 8388608K, committed 1736704K, used 1525374K [0x0000000600000000, 0x0000000800000000)
  region size 4096K, 254 young (1040384K), 18 survivors (73728K)
}
Event: 22664.324 {heap After GC invocations=534 (full 0):
 garbage-first heap   total reserved 8388608K, committed 1736704K, used 478524K [0x0000000600000000, 0x0000000800000000)
  region size 4096K, 9 young (36864K), 9 survivors (36864K)
}
Event: 22664.697 {heap Before GC invocations=534 (full 0):
 garbage-first heap   total reserved 8388608K, committed 1736704K, used 1477948K [0x0000000600000000, 0x0000000800000000)
  region size 4096K, 254 young (1040384K), 9 survivors (36864K)
}

Metaspace Usage History (20 events):
Event: 22561.559 {metaspace After GC invocations=522 (full 0):
 Metaspace       used 395590K, committed 398208K, reserved 1441792K
  class space    used 54011K, committed 55296K, reserved 1048576K
}
Event: 22642.178 {metaspace Before GC invocations=522 (full 0):
 Metaspace       used 395593K, committed 398208K, reserved 1441792K
  class space    used 54011K, committed 55296K, reserved 1048576K
}
Event: 22642.187 {metaspace After GC invocations=523 (full 0):
 Metaspace       used 395593K, committed 398208K, reserved 1441792K
  class space    used 54011K, committed 55296K, reserved 1048576K
}
Event: 22657.258 {metaspace Before GC invocations=524 (full 0):
 Metaspace       used 396813K, committed 399488K, reserved 1441792K
  class space    used 54127K, committed 55424K, reserved 1048576K
}
Event: 22657.280 {metaspace After GC invocations=525 (full 0):
 Metaspace       used 396813K, committed 399488K, reserved 1441792K
  class space    used 54127K, committed 55424K, reserved 1048576K
}
Event: 22660.542 {metaspace Before GC invocations=525 (full 0):
 Metaspace       used 396816K, committed 399488K, reserved 1441792K
  class space    used 54128K, committed 55424K, reserved 1048576K
}
Event: 22660.566 {metaspace After GC invocations=526 (full 0):
 Metaspace       used 396816K, committed 399488K, reserved 1441792K
  class space    used 54128K, committed 55424K, reserved 1048576K
}
Event: 22661.737 {metaspace Before GC invocations=526 (full 0):
 Metaspace       used 396868K, committed 399552K, reserved 1441792K
  class space    used 54130K, committed 55424K, reserved 1048576K
}
Event: 22661.761 {metaspace After GC invocations=527 (full 0):
 Metaspace       used 396868K, committed 399552K, reserved 1441792K
  class space    used 54130K, committed 55424K, reserved 1048576K
}
Event: 22662.696 {metaspace Before GC invocations=528 (full 0):
 Metaspace       used 396899K, committed 399616K, reserved 1441792K
  class space    used 54134K, committed 55424K, reserved 1048576K
}
Event: 22662.723 {metaspace After GC invocations=529 (full 0):
 Metaspace       used 396899K, committed 399616K, reserved 1441792K
  class space    used 54134K, committed 55424K, reserved 1048576K
}
Event: 22663.062 {metaspace Before GC invocations=529 (full 0):
 Metaspace       used 396908K, committed 399616K, reserved 1441792K
  class space    used 54134K, committed 55424K, reserved 1048576K
}
Event: 22663.090 {metaspace After GC invocations=530 (full 0):
 Metaspace       used 396908K, committed 399616K, reserved 1441792K
  class space    used 54134K, committed 55424K, reserved 1048576K
}
Event: 22663.421 {metaspace Before GC invocations=530 (full 0):
 Metaspace       used 396913K, committed 399616K, reserved 1441792K
  class space    used 54134K, committed 55424K, reserved 1048576K
}
Event: 22663.441 {metaspace After GC invocations=531 (full 0):
 Metaspace       used 396913K, committed 399616K, reserved 1441792K
  class space    used 54134K, committed 55424K, reserved 1048576K
}
Event: 22663.909 {metaspace Before GC invocations=532 (full 0):
 Metaspace       used 396920K, committed 399616K, reserved 1441792K
  class space    used 54134K, committed 55424K, reserved 1048576K
}
Event: 22663.926 {metaspace After GC invocations=533 (full 0):
 Metaspace       used 396920K, committed 399616K, reserved 1441792K
  class space    used 54134K, committed 55424K, reserved 1048576K
}
Event: 22664.301 {metaspace Before GC invocations=533 (full 0):
 Metaspace       used 396922K, committed 399616K, reserved 1441792K
  class space    used 54134K, committed 55424K, reserved 1048576K
}
Event: 22664.324 {metaspace After GC invocations=534 (full 0):
 Metaspace       used 396922K, committed 399616K, reserved 1441792K
  class space    used 54134K, committed 55424K, reserved 1048576K
}
Event: 22664.697 {metaspace Before GC invocations=534 (full 0):
 Metaspace       used 396923K, committed 399616K, reserved 1441792K
  class space    used 54134K, committed 55424K, reserved 1048576K
}

Dll operation events (3 events):
Event: 0.053 Loaded shared library D:\SoftWare\AndroidStudio\AS\jbr\bin\java.dll
Event: 0.058 Loaded shared library D:\SoftWare\AndroidStudio\AS\jbr\bin\zip.dll
Event: 0.769 Loaded shared library D:\SoftWare\AndroidStudio\AS\jbr\bin\verify.dll

Deoptimization events (20 events):
Event: 22664.658 Thread 0x0000018b61ebea60 DEOPT PACKING pc=0x0000018b25c60219 sp=0x0000001ca4bfb990
Event: 22664.658 Thread 0x0000018b61ebea60 DEOPT UNPACKING pc=0x0000018b330f1702 sp=0x0000001ca4bfb0a0 mode 0
Event: 22664.661 Thread 0x0000018b61ebea60 DEOPT PACKING pc=0x0000018b25c60219 sp=0x0000001ca4bfb990
Event: 22664.661 Thread 0x0000018b61ebea60 DEOPT UNPACKING pc=0x0000018b330f1702 sp=0x0000001ca4bfb0a0 mode 0
Event: 22664.663 Thread 0x0000018b7ff02b60 DEOPT PACKING pc=0x0000018b25c60219 sp=0x0000001c95cfb740
Event: 22664.663 Thread 0x0000018b7ff02b60 DEOPT UNPACKING pc=0x0000018b330f1702 sp=0x0000001c95cfae50 mode 0
Event: 22664.664 Thread 0x0000018b781a5430 DEOPT PACKING pc=0x0000018b25c60219 sp=0x0000001c952fbd00
Event: 22664.664 Thread 0x0000018b781a5430 DEOPT UNPACKING pc=0x0000018b330f1702 sp=0x0000001c952fb410 mode 0
Event: 22664.667 Thread 0x0000018b781a5430 DEOPT PACKING pc=0x0000018b25c60219 sp=0x0000001c952fbd00
Event: 22664.667 Thread 0x0000018b781a5430 DEOPT UNPACKING pc=0x0000018b330f1702 sp=0x0000001c952fb410 mode 0
Event: 22664.675 Thread 0x0000018b6ec66d60 DEOPT PACKING pc=0x0000018b25c60219 sp=0x0000001ca39fb8d0
Event: 22664.675 Thread 0x0000018b6ec66d60 DEOPT UNPACKING pc=0x0000018b330f1702 sp=0x0000001ca39fafe0 mode 0
Event: 22664.676 Thread 0x0000018b781a5430 DEOPT PACKING pc=0x0000018b25c60219 sp=0x0000001c952fbd00
Event: 22664.676 Thread 0x0000018b781a5430 DEOPT UNPACKING pc=0x0000018b330f1702 sp=0x0000001c952fb410 mode 0
Event: 22664.680 Thread 0x0000018b61ebc350 DEOPT PACKING pc=0x0000018b25c60219 sp=0x0000001ca48fb6b0
Event: 22664.680 Thread 0x0000018b61ebc350 DEOPT UNPACKING pc=0x0000018b330f1702 sp=0x0000001ca48fadc0 mode 0
Event: 22664.683 Thread 0x0000018b61ebc350 DEOPT PACKING pc=0x0000018b25c60219 sp=0x0000001ca48fb6b0
Event: 22664.683 Thread 0x0000018b61ebc350 DEOPT UNPACKING pc=0x0000018b330f1702 sp=0x0000001ca48fadc0 mode 0
Event: 22664.696 Thread 0x0000018b7ff02b60 DEOPT PACKING pc=0x0000018b25c60219 sp=0x0000001c95cfb740
Event: 22664.696 Thread 0x0000018b7ff02b60 DEOPT UNPACKING pc=0x0000018b330f1702 sp=0x0000001c95cfae50 mode 0

Classes loaded (20 events):
Event: 22646.338 Loading class com/sun/org/apache/xerces/internal/impl/dtd/XMLContentSpec
Event: 22646.339 Loading class com/sun/org/apache/xerces/internal/impl/dtd/XMLContentSpec done
Event: 22646.339 Loading class com/sun/org/apache/xerces/internal/impl/XMLDocumentScannerImpl$DTDDriver
Event: 22646.340 Loading class com/sun/org/apache/xerces/internal/impl/XMLDocumentScannerImpl$DTDDriver done
Event: 22646.340 Loading class com/sun/xml/internal/stream/StaxXMLInputSource
Event: 22646.341 Loading class com/sun/xml/internal/stream/StaxXMLInputSource done
Event: 22646.341 Loading class com/sun/xml/internal/stream/Entity$InternalEntity
Event: 22646.342 Loading class com/sun/xml/internal/stream/Entity$InternalEntity done
Event: 22646.357 Loading class com/sun/org/apache/xerces/internal/dom/DeferredDocumentTypeImpl
Event: 22646.357 Loading class com/sun/org/apache/xerces/internal/dom/DeferredDocumentTypeImpl done
Event: 22646.358 Loading class com/sun/org/apache/xerces/internal/dom/DeferredEntityImpl
Event: 22646.359 Loading class com/sun/org/apache/xerces/internal/dom/EntityImpl
Event: 22646.360 Loading class org/w3c/dom/Entity
Event: 22646.360 Loading class org/w3c/dom/Entity done
Event: 22646.360 Loading class com/sun/org/apache/xerces/internal/dom/EntityImpl done
Event: 22646.360 Loading class com/sun/org/apache/xerces/internal/dom/DeferredEntityImpl done
Event: 22647.554 Loading class jdk/internal/icu/impl/NormalizerImpl$ReorderingBuffer
Event: 22647.556 Loading class jdk/internal/icu/impl/NormalizerImpl$ReorderingBuffer done
Event: 22660.579 Loading class java/util/TreeMap$EntrySpliterator
Event: 22660.580 Loading class java/util/TreeMap$EntrySpliterator done

Classes unloaded (20 events):
Event: 18256.395 Thread 0x0000018b5176a6a0 Unloading class 0x000000008b471c00 'java/lang/invoke/LambdaForm$DMH+0x000000008b471c00'
Event: 18256.395 Thread 0x0000018b5176a6a0 Unloading class 0x000000008b470800 'java/lang/invoke/LambdaForm$DMH+0x000000008b470800'
Event: 18256.395 Thread 0x0000018b5176a6a0 Unloading class 0x000000008b471800 'java/lang/invoke/LambdaForm$DMH+0x000000008b471800'
Event: 18256.395 Thread 0x0000018b5176a6a0 Unloading class 0x000000008b471400 'java/lang/invoke/LambdaForm$DMH+0x000000008b471400'
Event: 18256.395 Thread 0x0000018b5176a6a0 Unloading class 0x000000008b45ac00 'java/lang/invoke/LambdaForm$DMH+0x000000008b45ac00'
Event: 18256.395 Thread 0x0000018b5176a6a0 Unloading class 0x000000008b45a800 'java/lang/invoke/LambdaForm$DMH+0x000000008b45a800'
Event: 18256.395 Thread 0x0000018b5176a6a0 Unloading class 0x000000008b45a400 'java/lang/invoke/LambdaForm$DMH+0x000000008b45a400'
Event: 18256.395 Thread 0x0000018b5176a6a0 Unloading class 0x000000008b45a000 'java/lang/invoke/LambdaForm$DMH+0x000000008b45a000'
Event: 18256.395 Thread 0x0000018b5176a6a0 Unloading class 0x000000008b459800 'java/lang/invoke/LambdaForm$DMH+0x000000008b459800'
Event: 18256.395 Thread 0x0000018b5176a6a0 Unloading class 0x000000008b459c00 'java/lang/invoke/LambdaForm$DMH+0x000000008b459c00'
Event: 18256.395 Thread 0x0000018b5176a6a0 Unloading class 0x000000008b459400 'java/lang/invoke/LambdaForm$DMH+0x000000008b459400'
Event: 18256.395 Thread 0x0000018b5176a6a0 Unloading class 0x000000008b459000 'java/lang/invoke/LambdaForm$DMH+0x000000008b459000'
Event: 18256.395 Thread 0x0000018b5176a6a0 Unloading class 0x000000008b458c00 'java/lang/invoke/LambdaForm$DMH+0x000000008b458c00'
Event: 18256.395 Thread 0x0000018b5176a6a0 Unloading class 0x000000008b458000 'java/lang/invoke/LambdaForm$DMH+0x000000008b458000'
Event: 18256.395 Thread 0x0000018b5176a6a0 Unloading class 0x000000008b458400 'java/lang/invoke/LambdaForm$DMH+0x000000008b458400'
Event: 18256.395 Thread 0x0000018b5176a6a0 Unloading class 0x000000008b3e4c00 'java/lang/invoke/LambdaForm$DMH+0x000000008b3e4c00'
Event: 18256.395 Thread 0x0000018b5176a6a0 Unloading class 0x000000008b3e5000 'java/lang/invoke/LambdaForm$DMH+0x000000008b3e5000'
Event: 18256.395 Thread 0x0000018b5176a6a0 Unloading class 0x000000008b3e4800 'java/lang/invoke/LambdaForm$DMH+0x000000008b3e4800'
Event: 18256.395 Thread 0x0000018b5176a6a0 Unloading class 0x000000008b3e4400 'java/lang/invoke/LambdaForm$DMH+0x000000008b3e4400'
Event: 22662.120 Thread 0x0000018b5176a6a0 Unloading class 0x0000000089359800 'java/lang/invoke/LambdaForm$MH+0x0000000089359800'

Classes redefined (0 events):
No events

Internal exceptions (20 events):
Event: 22664.633 Thread 0x0000018b61ebcb20 Exception <a 'sun/nio/fs/WindowsException'{0x00000006324fc478}> (0x00000006324fc478) 
thrown [s\src\hotspot\share\prims\jni.cpp, line 535]
Event: 22664.633 Thread 0x0000018b61ebcb20 Exception <a 'sun/nio/fs/WindowsException'{0x00000006324fd7b8}> (0x00000006324fd7b8) 
thrown [s\src\hotspot\share\prims\jni.cpp, line 535]
Event: 22664.643 Thread 0x0000018b65aa38d0 Exception <a 'sun/nio/fs/WindowsException'{0x0000000636dd8c80}> (0x0000000636dd8c80) 
thrown [s\src\hotspot\share\prims\jni.cpp, line 535]
Event: 22664.643 Thread 0x0000018b61ebcb20 Exception <a 'sun/nio/fs/WindowsException'{0x0000000632270c48}> (0x0000000632270c48) 
thrown [s\src\hotspot\share\prims\jni.cpp, line 535]
Event: 22664.644 Thread 0x0000018b65aa38d0 Exception <a 'sun/nio/fs/WindowsException'{0x0000000636ddf0a0}> (0x0000000636ddf0a0) 
thrown [s\src\hotspot\share\prims\jni.cpp, line 535]
Event: 22664.669 Thread 0x0000018b60312fe0 Exception <a 'sun/nio/fs/WindowsException'{0x00000006328f9d10}> (0x00000006328f9d10) 
thrown [s\src\hotspot\share\prims\jni.cpp, line 535]
Event: 22664.670 Thread 0x0000018b65aa38d0 Exception <a 'sun/nio/fs/WindowsException'{0x000000062ed87f90}> (0x000000062ed87f90) 
thrown [s\src\hotspot\share\prims\jni.cpp, line 535]
Event: 22664.670 Thread 0x0000018b60312fe0 Exception <a 'sun/nio/fs/WindowsException'{0x00000006328ff0e8}> (0x00000006328ff0e8) 
thrown [s\src\hotspot\share\prims\jni.cpp, line 535]
Event: 22664.672 Thread 0x0000018b65aa38d0 Exception <a 'sun/nio/fs/WindowsException'{0x000000062ed9b8f0}> (0x000000062ed9b8f0) 
thrown [s\src\hotspot\share\prims\jni.cpp, line 535]
Event: 22664.673 Thread 0x0000018b65aa38d0 Exception <a 'sun/nio/fs/WindowsException'{0x000000062ed9d778}> (0x000000062ed9d778) 
thrown [s\src\hotspot\share\prims\jni.cpp, line 535]
Event: 22664.673 Thread 0x0000018b65aa38d0 Exception <a 'sun/nio/fs/WindowsException'{0x000000062ed9f828}> (0x000000062ed9f828) 
thrown [s\src\hotspot\share\prims\jni.cpp, line 535]
Event: 22664.673 Thread 0x0000018b65aa38d0 Exception <a 'sun/nio/fs/WindowsException'{0x000000062eda1b88}> (0x000000062eda1b88) 
thrown [s\src\hotspot\share\prims\jni.cpp, line 535]
Event: 22664.673 Thread 0x0000018b781a7370 Exception <a 'sun/nio/fs/WindowsException'{0x0000000633568d58}> (0x0000000633568d58) 
thrown [s\src\hotspot\share\prims\jni.cpp, line 535]
Event: 22664.674 Thread 0x0000018b781a7370 Exception <a 'sun/nio/fs/WindowsException'{0x000000063356e0f8}> (0x000000063356e0f8) 
thrown [s\src\hotspot\share\prims\jni.cpp, line 535]
Event: 22664.680 Thread 0x0000018b65aa38d0 Exception <a 'sun/nio/fs/WindowsException'{0x000000062edd18d0}> (0x000000062edd18d0) 
thrown [s\src\hotspot\share\prims\jni.cpp, line 535]
Event: 22664.694 Thread 0x0000018b64d697e0 Exception <a 'sun/nio/fs/WindowsException'{0x000000062e6c2e00}> (0x000000062e6c2e00) 
thrown [s\src\hotspot\share\prims\jni.cpp, line 535]
Event: 22664.695 Thread 0x0000018b64d697e0 Exception <a 'sun/nio/fs/WindowsException'{0x000000062e6c81f8}> (0x000000062e6c81f8) 
thrown [s\src\hotspot\share\prims\jni.cpp, line 535]
Event: 22664.695 Thread 0x0000018b781a4490 Exception <a 'sun/nio/fs/WindowsException'{0x0000000630fc0388}> (0x0000000630fc0388) 
thrown [s\src\hotspot\share\prims\jni.cpp, line 535]
Event: 22664.696 Thread 0x0000018b781a5c00 Exception <a 'sun/nio/fs/WindowsException'{0x00000006307fd718}> (0x00000006307fd718) 
thrown [s\src\hotspot\share\prims\jni.cpp, line 535]
Event: 22664.696 Thread 0x0000018b781a4490 Exception <a 'sun/nio/fs/WindowsException'{0x0000000630fc5710}> (0x0000000630fc5710) 
thrown [s\src\hotspot\share\prims\jni.cpp, line 535]

VM Operations (20 events):
Event: 22661.761 Executing safepoint VM operation: G1CollectForAllocation (G1 Evacuation Pause) done
Event: 22662.115 Executing safepoint VM operation: G1PauseRemark
Event: 22662.311 Executing safepoint VM operation: G1PauseRemark done
Event: 22662.430 Executing safepoint VM operation: G1PauseCleanup
Event: 22662.433 Executing safepoint VM operation: G1PauseCleanup done
Event: 22662.696 Executing safepoint VM operation: G1CollectForAllocation (G1 Evacuation Pause)
Event: 22662.723 Executing safepoint VM operation: G1CollectForAllocation (G1 Evacuation Pause) done
Event: 22663.062 Executing safepoint VM operation: G1CollectForAllocation (G1 Evacuation Pause)
Event: 22663.090 Executing safepoint VM operation: G1CollectForAllocation (G1 Evacuation Pause) done
Event: 22663.421 Executing safepoint VM operation: G1CollectForAllocation (G1 Evacuation Pause)
Event: 22663.441 Executing safepoint VM operation: G1CollectForAllocation (G1 Evacuation Pause) done
Event: 22663.659 Executing safepoint VM operation: G1PauseRemark
Event: 22663.671 Executing safepoint VM operation: G1PauseRemark done
Event: 22663.733 Executing safepoint VM operation: G1PauseCleanup
Event: 22663.733 Executing safepoint VM operation: G1PauseCleanup done
Event: 22663.906 Executing safepoint VM operation: G1CollectForAllocation (G1 Evacuation Pause)
Event: 22663.927 Executing safepoint VM operation: G1CollectForAllocation (G1 Evacuation Pause) done
Event: 22664.301 Executing safepoint VM operation: G1CollectForAllocation (G1 Evacuation Pause)
Event: 22664.325 Executing safepoint VM operation: G1CollectForAllocation (G1 Evacuation Pause) done
Event: 22664.697 Executing safepoint VM operation: G1CollectForAllocation (G1 Evacuation Pause)

Memory protections (0 events):
No events

Nmethod flushes (20 events):
Event: 22663.668 Thread 0x0000018b5176a6a0 flushing  nmethod 0x0000018b26e02908
Event: 22663.668 Thread 0x0000018b5176a6a0 flushing  nmethod 0x0000018b26e5f388
Event: 22663.668 Thread 0x0000018b5176a6a0 flushing  nmethod 0x0000018b2707ce88
Event: 22663.668 Thread 0x0000018b5176a6a0 flushing  nmethod 0x0000018b2707d688
Event: 22663.668 Thread 0x0000018b5176a6a0 flushing  nmethod 0x0000018b2707e288
Event: 22663.668 Thread 0x0000018b5176a6a0 flushing  nmethod 0x0000018b2707ef08
Event: 22663.668 Thread 0x0000018b5176a6a0 flushing  nmethod 0x0000018b272c7108
Event: 22663.668 Thread 0x0000018b5176a6a0 flushing  nmethod 0x0000018b27441408
Event: 22663.668 Thread 0x0000018b5176a6a0 flushing  nmethod 0x0000018b27443188
Event: 22663.668 Thread 0x0000018b5176a6a0 flushing  nmethod 0x0000018b2753d888
Event: 22663.668 Thread 0x0000018b5176a6a0 flushing  nmethod 0x0000018b27541688
Event: 22663.668 Thread 0x0000018b5176a6a0 flushing  nmethod 0x0000018b2769dc88
Event: 22663.668 Thread 0x0000018b5176a6a0 flushing  nmethod 0x0000018b2769fa88
Event: 22663.668 Thread 0x0000018b5176a6a0 flushing  nmethod 0x0000018b277ec808
Event: 22663.668 Thread 0x0000018b5176a6a0 flushing  nmethod 0x0000018b277eec08
Event: 22663.668 Thread 0x0000018b5176a6a0 flushing  nmethod 0x0000018b279d0688
Event: 22663.668 Thread 0x0000018b5176a6a0 flushing  nmethod 0x0000018b279d0f88
Event: 22663.668 Thread 0x0000018b5176a6a0 flushing osr nmethod 0x0000018b279d1988
Event: 22663.668 Thread 0x0000018b5176a6a0 flushing  nmethod 0x0000018b27bcaa08
Event: 22663.668 Thread 0x0000018b5176a6a0 flushing  nmethod 0x0000018b27bcae88

Events (20 events):
Event: 22659.554 Thread 0x0000018b6a5e90b0 Thread exited: 0x0000018b6a5e90b0
Event: 22659.768 Thread 0x0000018b652770e0 Thread exited: 0x0000018b652770e0
Event: 22659.775 Thread 0x0000018b62834310 Thread added: 0x0000018b6a5ea8e0
Event: 22660.106 Thread 0x0000018b6a5ea8e0 Thread exited: 0x0000018b6a5ea8e0
Event: 22660.519 Thread 0x0000018b62834310 Thread added: 0x0000018b6c2269c0
Event: 22660.525 Thread 0x0000018b517d1d80 Thread added: 0x0000018b6a798b10
Event: 22660.530 Thread 0x0000018b517e0f40 Thread added: 0x0000018b63c3ffc0
Event: 22660.573 Thread 0x0000018b517e0f40 Thread added: 0x0000018b635fbdb0
Event: 22661.093 Thread 0x0000018b635fbdb0 Thread exited: 0x0000018b635fbdb0
Event: 22661.276 Thread 0x0000018b62834310 Thread added: 0x0000018b6c22aa40
Event: 22661.395 Thread 0x0000018b517d1d80 Thread added: 0x0000018b62cf7300
Event: 22661.396 Thread 0x0000018b62834310 Thread added: 0x0000018b6de21620
Event: 22661.396 Thread 0x0000018b62cf7300 Thread added: 0x0000018b62cf42a0
Event: 22661.399 Thread 0x0000018b517e0f40 Thread added: 0x0000018b635fddf0
Event: 22661.402 Thread 0x0000018b517e0f40 Thread added: 0x0000018b6c863d40
Event: 22662.691 Thread 0x0000018b6c863d40 Thread exited: 0x0000018b6c863d40
Event: 22663.048 Thread 0x0000018b635fddf0 Thread exited: 0x0000018b635fddf0
Event: 22663.160 Thread 0x0000018b62cf42a0 Thread exited: 0x0000018b62cf42a0
Event: 22664.125 Thread 0x0000018b6de21620 Thread exited: 0x0000018b6de21620
Event: 22664.451 Thread 0x0000018b6c22aa40 Thread exited: 0x0000018b6c22aa40


Dynamic libraries:
0x00007ff784590000 - 0x00007ff78459a000 	D:\SoftWare\AndroidStudio\AS\jbr\bin\java.exe
0x00007fff92240000 - 0x00007fff924a6000 	C:\Windows\SYSTEM32\ntdll.dll
0x00007fff90e30000 - 0x00007fff90ef9000 	C:\Windows\System32\KERNEL32.DLL
0x00007fff8faa0000 - 0x00007fff8fe9e000 	C:\Windows\System32\KERNELBASE.dll
0x00007fff8f940000 - 0x00007fff8fa8c000 	C:\Windows\System32\ucrtbase.dll
0x00007fff89cb0000 - 0x00007fff89cc6000 	D:\SoftWare\AndroidStudio\AS\jbr\bin\jli.dll
0x00007fff89d20000 - 0x00007fff89d3b000 	D:\SoftWare\AndroidStudio\AS\jbr\bin\VCRUNTIME140.dll
0x00007fff918c0000 - 0x00007fff91a87000 	C:\Windows\System32\USER32.dll
0x00007fff6c180000 - 0x00007fff6c412000 	C:\Windows\WinSxS\amd64_microsoft.windows.common-controls_6595b64144ccf1df_6.0.26100.8875_none_3e0d5d42e32fe9dd\COMCTL32.dll
0x00007fff90f70000 - 0x00007fff91019000 	C:\Windows\System32\msvcrt.dll
0x00007fff8f460000 - 0x00007fff8f487000 	C:\Windows\System32\win32u.dll
0x00007fff920b0000 - 0x00007fff920db000 	C:\Windows\System32\GDI32.dll
0x00007fff8f490000 - 0x00007fff8f5ba000 	C:\Windows\System32\gdi32full.dll
0x00007fff8f890000 - 0x00007fff8f933000 	C:\Windows\System32\msvcp_win.dll
0x00007fff90440000 - 0x00007fff90472000 	C:\Windows\System32\IMM32.DLL
0x00007fff8af00000 - 0x00007fff8af0c000 	D:\SoftWare\AndroidStudio\AS\jbr\bin\vcruntime140_1.dll
0x00007fff5cde0000 - 0x00007fff5ce6d000 	D:\SoftWare\AndroidStudio\AS\jbr\bin\msvcp140.dll
0x00007ffed6170000 - 0x00007ffed704a000 	D:\SoftWare\AndroidStudio\AS\jbr\bin\server\jvm.dll
0x00007fff910e0000 - 0x00007fff91197000 	C:\Windows\System32\ADVAPI32.dll
0x00007fff91780000 - 0x00007fff9182a000 	C:\Windows\System32\sechost.dll
0x00007fff90210000 - 0x00007fff90328000 	C:\Windows\System32\RPCRT4.dll
0x00007fff90180000 - 0x00007fff90200000 	C:\Windows\System32\WS2_32.dll
0x00007fff78ee0000 - 0x00007fff78f16000 	C:\Windows\SYSTEM32\WINMM.dll
0x00007fff79650000 - 0x00007fff7965b000 	C:\Windows\SYSTEM32\VERSION.dll
0x00007fff8f2c0000 - 0x00007fff8f31e000 	C:\Windows\SYSTEM32\POWRPROF.dll
0x00007fff8f2a0000 - 0x00007fff8f2b4000 	C:\Windows\SYSTEM32\UMPDC.dll
0x00007fff8e140000 - 0x00007fff8e15b000 	C:\Windows\SYSTEM32\kernel.appcore.dll
0x00007fff89d10000 - 0x00007fff89d1a000 	D:\SoftWare\AndroidStudio\AS\jbr\bin\jimage.dll
0x00007fff8c250000 - 0x00007fff8c492000 	C:\Windows\SYSTEM32\DBGHELP.DLL
0x00007fff911a0000 - 0x00007fff91523000 	C:\Windows\System32\combase.dll
0x00007fff916a0000 - 0x00007fff91779000 	C:\Windows\System32\OLEAUT32.dll
0x00007fff73f00000 - 0x00007fff73f3b000 	C:\Windows\SYSTEM32\dbgcore.DLL
0x00007fff8feb0000 - 0x00007fff8ff5c000 	C:\Windows\System32\bcryptPrimitives.dll
0x00007fff7c0d0000 - 0x00007fff7c0de000 	D:\SoftWare\AndroidStudio\AS\jbr\bin\instrument.dll
0x00007fff89c90000 - 0x00007fff89caf000 	D:\SoftWare\AndroidStudio\AS\jbr\bin\java.dll
0x00007fff8ff70000 - 0x00007fff90109000 	C:\Windows\System32\ole32.dll
0x00007fff90690000 - 0x00007fff90e22000 	C:\Windows\System32\SHELL32.dll
0x00007fff7c340000 - 0x00007fff7c357000 	D:\SoftWare\AndroidStudio\AS\jbr\bin\zip.dll
0x00007fff8ced0000 - 0x00007fff8d762000 	C:\Windows\SYSTEM32\windows.storage.dll
0x00007fff920e0000 - 0x00007fff921d7000 	C:\Windows\System32\SHCORE.dll
0x00007fff90f00000 - 0x00007fff90f67000 	C:\Windows\System32\shlwapi.dll
0x00007fff8f380000 - 0x00007fff8f3a9000 	C:\Windows\SYSTEM32\profapi.dll
0x00007fff89c80000 - 0x00007fff89c90000 	D:\SoftWare\AndroidStudio\AS\jbr\bin\net.dll
0x00007fff8e6f0000 - 0x00007fff8e75c000 	C:\Windows\system32\mswsock.dll
0x00007fff7c1e0000 - 0x00007fff7c1f6000 	D:\SoftWare\AndroidStudio\AS\jbr\bin\nio.dll
0x00007fff89be0000 - 0x00007fff89bf0000 	D:\SoftWare\AndroidStudio\AS\jbr\bin\verify.dll
0x00007fff7c0e0000 - 0x00007fff7c107000 	D:\SoftOfClass\Gradle\.gradle\native\1def1411415f61bf3af743bc5b6707747c0891f09f0c88961ee8f79bc544acac\windows-amd64\native-platform.dll
0x00007fff5cd60000 - 0x00007fff5cdd7000 	D:\SoftOfClass\Gradle\.gradle\native\0.2.8\x86_64-windows-gnu\gradle-fileevents.dll
0x00007fff89b80000 - 0x00007fff89b89000 	D:\SoftWare\AndroidStudio\AS\jbr\bin\management.dll
0x00007fff87720000 - 0x00007fff8772b000 	D:\SoftWare\AndroidStudio\AS\jbr\bin\management_ext.dll
0x00007fff90430000 - 0x00007fff90438000 	C:\Windows\System32\PSAPI.DLL
0x00007fff8db80000 - 0x00007fff8dbb3000 	C:\Windows\SYSTEM32\IPHLPAPI.DLL
0x00007fff90110000 - 0x00007fff9011a000 	C:\Windows\System32\NSI.dll
0x00007fff7c4e0000 - 0x00007fff7c4e9000 	D:\SoftWare\AndroidStudio\AS\jbr\bin\extnet.dll
0x00007fff8e9f0000 - 0x00007fff8ea0b000 	C:\Windows\SYSTEM32\CRYPTSP.dll
0x00007fff8e0a0000 - 0x00007fff8e0d9000 	C:\Windows\system32\rsaenh.dll
0x00007fff8e7b0000 - 0x00007fff8e7e2000 	C:\Windows\SYSTEM32\USERENV.dll
0x00007fff8f350000 - 0x00007fff8f37a000 	C:\Windows\SYSTEM32\bcrypt.dll
0x00007fff8ea10000 - 0x00007fff8ea1c000 	C:\Windows\SYSTEM32\CRYPTBASE.dll
0x00007fff35470000 - 0x00007fff35478000 	C:\Windows\system32\wshunix.dll
0x00007fff8dbc0000 - 0x00007fff8dd16000 	C:\Windows\SYSTEM32\DNSAPI.dll
0x00007fff8e4d0000 - 0x00007fff8e4dd000 	C:\Windows\SYSTEM32\DSPARSE.dll
0x00007fff84810000 - 0x00007fff8481b000 	C:\Windows\System32\rasadhlp.dll
0x00007fff87790000 - 0x00007fff87816000 	C:\Windows\System32\fwpuclnt.dll
0x00007fff7c580000 - 0x00007fff7c587000 	D:\SoftWare\AndroidStudio\AS\jbr\bin\rmi.dll
0x00007fff8e270000 - 0x00007fff8e2a6000 	C:\Windows\SYSTEM32\ntmarta.dll
0x00007fff8bf90000 - 0x00007fff8c030000 	C:\Windows\system32\apphelp.dll
0x00007ffee7510000 - 0x00007ffee769a000 	D:\SoftWare\AndroidStudio\AS\jbr\bin\awt.dll
0x00007fff461c0000 - 0x00007fff46233000 	C:\Windows\SYSTEM32\OLEACC.dll
0x00007fff8c780000 - 0x00007fff8c7af000 	C:\Windows\SYSTEM32\dwmapi.dll
0x00007fff74030000 - 0x00007fff74073000 	D:\SoftWare\AndroidStudio\AS\jbr\bin\nvdaControllerClient.dll
0x00007fff8c4c0000 - 0x00007fff8c569000 	C:\Windows\system32\uxtheme.dll
0x00007fff91530000 - 0x00007fff9168d000 	C:\Windows\System32\MSCTF.dll

JVMTI agents:
D:\SoftOfClass\Gradle\.gradle\wrapper\dists\gradle-9.1.0-all\7wzd0jkjit61aq2p43wpjgij9\gradle-9.1.0\lib\agents\gradle-instrumentation-agent-9.1.0.jar path:D:\SoftWare\AndroidStudio\AS\jbr\bin\instrument.dll, loaded, initialized, instrumentlib options:none

dbghelp: loaded successfully - version: 4.0.5 - missing functions: none
symbol engine: initialized successfully - sym options: 0x614 - pdb path: .;D:\SoftWare\AndroidStudio\AS\jbr\bin;C:\Windows\SYSTEM32;C:\Windows\WinSxS\amd64_microsoft.windows.common-controls_6595b64144ccf1df_6.0.26100.8875_none_3e0d5d42e32fe9dd;D:\SoftWare\AndroidStudio\AS\jbr\bin\server;D:\SoftOfClass\Gradle\.gradle\native\1def1411415f61bf3af743bc5b6707747c0891f09f0c88961ee8f79bc544acac\windows-amd64;D:\SoftOfClass\Gradle\.gradle\native\0.2.8\x86_64-windows-gnu

VM Arguments:
jvm_args: --add-opens=java.base/java.lang=ALL-UNNAMED --add-opens=java.base/java.lang.invoke=ALL-UNNAMED --add-opens=java.base/java.util=ALL-UNNAMED --add-opens=java.prefs/java.util.prefs=ALL-UNNAMED --add-exports=jdk.compiler/com.sun.tools.javac.api=ALL-UNNAMED --add-exports=jdk.compiler/com.sun.tools.javac.util=ALL-UNNAMED --add-opens=java.base/java.util=ALL-UNNAMED --add-opens=java.prefs/java.util.prefs=ALL-UNNAMED --add-opens=java.base/java.nio.charset=ALL-UNNAMED --add-opens=java.base/java.net=ALL-UNNAMED --add-opens=java.base/java.util.concurrent=ALL-UNNAMED --add-opens=java.base/java.util.concurrent.atomic=ALL-UNNAMED --add-opens=java.xml/javax.xml.namespace=ALL-UNNAMED --add-opens=java.base/java.time=ALL-UNNAMED --enable-native-access=ALL-UNNAMED -XX:MaxMetaspaceSize=4G -XX:ReservedCodeCacheSize=512m -XX:+HeapDumpOnOutOfMemoryError -Xmx8G -Dfile.encoding=UTF-8 -Duser.country=CN -Duser.language=zh -Duser.variant -javaagent:D:\SoftOfClass\Gradle\.gradle\wrapper\dists\gradle-9.1.0-all\7wzd0jkjit61aq2p43wpjgij9\gradle-9.1.0\lib\agents\gradle-instrumentation-agent-9.1.0.jar 
java_command: org.gradle.launcher.daemon.bootstrap.GradleDaemon 9.1.0
java_class_path (initial): D:\SoftOfClass\Gradle\.gradle\wrapper\dists\gradle-9.1.0-all\7wzd0jkjit61aq2p43wpjgij9\gradle-9.1.0\lib\gradle-daemon-main-9.1.0.jar
Launcher Type: SUN_STANDARD

[Global flags]
     intx CICompilerCount                          = 12                                        {product} {ergonomic}
     uint ConcGCThreads                            = 4                                         {product} {ergonomic}
     uint G1ConcRefinementThreads                  = 16                                        {product} {ergonomic}
   size_t G1HeapRegionSize                         = 4194304                                   {product} {ergonomic}
     bool HeapDumpOnOutOfMemoryError               = true                                   {manageable} {command line}
   size_t InitialHeapSize                          = 528482304                                 {product} {ergonomic}
   size_t MarkStackSize                            = 4194304                                   {product} {ergonomic}
   size_t MarkStackSizeMax                         = 536870912                                 {product} {ergonomic}
   size_t MaxHeapSize                              = 8589934592                                {product} {command line}
   size_t MaxMetaspaceSize                         = 4294967296                                {product} {command line}
   size_t MaxNewSize                               = 5150605312                                {product} {ergonomic}
   size_t MinHeapDeltaBytes                        = 4194304                                   {product} {ergonomic}
   size_t MinHeapSize                              = 8388608                                   {product} {ergonomic}
    uintx NonNMethodCodeHeapSize                   = 7602176                                {pd product} {ergonomic}
    uintx NonProfiledCodeHeapSize                  = 264699904                              {pd product} {ergonomic}
    uintx ProfiledCodeHeapSize                     = 264568832                              {pd product} {ergonomic}
    uintx ReservedCodeCacheSize                    = 536870912                              {pd product} {command line, ergonomic}
     bool SegmentedCodeCache                       = true                                      {product} {ergonomic}
   size_t SoftMaxHeapSize                          = 8589934592                             {manageable} {ergonomic}
     bool UseCompressedOops                        = true                           {product lp64_product} {ergonomic}
     bool UseG1GC                                  = true                                      {product} {ergonomic}
     bool UseLargePagesIndividualAllocation        = false                                  {pd product} {ergonomic}

Logging:
Log output configuration:
 #0: stdout all=warning uptime,level,tags foldmultilines=false
 #1: stderr all=off uptime,level,tags foldmultilines=false

Release file:
JAVA_VERSION="25.0.2" 
MODULES="java.base java.compiler java.datatransfer java.xml java.prefs java.desktop java.instrument java.logging java.management java.security.sasl java.naming java.rmi java.management.rmi java.net.http java.scripting java.security.jgss java.transaction.xa java.sql java.sql.rowset java.xml.crypto java.se java.smartcardio jdk.accessibility jdk.internal.jvmstat jdk.attach jdk.charsets jdk.internal.opt jdk.zipfs jdk.compiler jdk.crypto.cryptoki jdk.crypto.ec jdk.dynalink jdk.hotspot.agent jdk.httpserver jdk.internal.ed jdk.internal.le jdk.internal.md jdk.internal.vm.ci jdk.jartool jdk.javadoc jdk.jcmd jdk.jdeps jdk.jdwp.agent jdk.jdi jdk.jfr jdk.jlink jdk.localedata jdk.management jdk.management.agent jdk.management.jfr jdk.naming.dns jdk.naming.rmi jdk.net jdk.sctp jdk.security.auth jdk.security.jgss jdk.unsupported jdk.unsupported.desktop jdk.xml.dom" 
IMPLEMENTOR="JetBrains s.r.o." 
JAVA_RUNTIME_VERSION="25.0.2+-15348964-b329.117" 
LIBC="default" 
OS_ARCH="x86_64" 
OS_NAME="Windows" 
SOURCE=".:git:3cf398e84a39" 

Environment Variables:
JAVA_HOME=D:\SoftWare\AndroidStudio\AS\jbr
CLASSPATH=D:\CSstudy\Software\TODO\TODOAPP\android\\gradle\wrapper\gradle-wrapper.jar
PATH=D:\SoftWare\AndroidStudio\AS\jbr\bin;D:\Software\flutter\bin\;D:\CSsoft\bin\;C:\Windows\system32;C:\Windows;C:\Windows\System32\Wbem;C:\Windows\System32\WindowsPowerShell\v1.0\;C:\Windows\System32\OpenSSH\;D:\CSsoft\Git\cmd;D:\SoftOfClass\Node\;C:\ProgramData\chocolatey\bin;D:\CSstudy\Software\lab\apache-maven-3.9.9-bin\apache-maven-3.9.9\bin;D:\CSsoft\javaJDK\bin;C:\Program Files\PostgreSQL\15\bin;D:\SoftOfClass\python31010;D:\SoftOfClass\cmake402\bin;D:\SoftOfClass\winLibs_GCC+MinGW\mingw64\bin;D:\SoftOfClass\winLibs_GCC+MinGW\mingw64\bin\mingw32-make.exe;D:\SoftOfClass\winLibs_GCC+MinGW\curl\curl-8.13.0_4-win64-mingw\bin;C:\Users\ÏÄº¬\.fly\bin;C:\Program Files\dotnet\;C:\Users\ÏÄº¬\AppData\Local\Programs\Ollama;D:\EdgeDownload\mysql\bin;C:\Program Files\MySQL\MySQL Shell 8.0\bin\;D:\SoftOfClass\python3810\Scripts\;D:\SoftOfClass\python3810\;D:\SoftOfClass\python3913\Scripts\;D:\SoftOfClass\python3913\;D:\SoftOfClass\python390\Scripts\;D:\SoftOfClass\python390\;D:\SoftOfClass\python\Scripts\;D:\SoftOfClass\python\;D:\SoftOfClass\anaconda;D:\SoftOfClass\anaconda\Library\mingw-w64\bin;D:\SoftOfClass\anaconda\Library\usr\bin;D:\SoftOfClass\anaconda\Library\bin;D:\SoftOfClass\anaconda\Scripts;C:\Users\ÏÄº¬\AppData\Local\Microsoft\WindowsApps;D:\SoftOfClass\IDEA\IntelliJ IDEA 2024.3.2.2\bin;D:\EdgeDownload\Pycharm\PyCharm 2024.3.2\bin;D:\EdgeDownload\Microsoft VS Code\bin;C:\Users\ÏÄº¬\AppData\Roaming\npm;D:\CursorTheAI\cursor\resources\app\bin;D:\SoftOfClass\Datagrip\DataGrip 2024.3.5\bin;D:\CSsoft\javaJDK\bin;C:\Windows\System32;C:\Users\ÏÄº¬\AppData\Local\GitHubDesktop\bin;C:\Users\ÏÄº¬\.fly\bin;C:\Users\ÏÄº¬\AppData\Local\Programs\Ollama;D:\SoftWare\flutter\bin;D:\SoftWare\AndroidStudio\SDK\platform-tools;D:\SoftWare\AndroidStudio\SDK\cmdline-tools\latest\bin;D:\CSstudy\Software\flutter\flutter\bin;
USERNAME=ÏÄº¬
LANG=en_US.UTF-8
OS=Windows_NT
PROCESSOR_IDENTIFIER=Intel64 Family 6 Model 170 Stepping 4, GenuineIntel
TMP=C:\Users\ÏÄº¬\AppData\Local\Temp
TEMP=C:\Users\ÏÄº¬\AppData\Local\Temp




Compilation memory statistics disabled.

Periodic native trim disabled

JNI global refs:
JNI global refs: 48, weak refs: 0

JNI global refs memory usage: 835, weak refs: 1281

Process memory usage:
Resident Set Size: 2463968K (7% of 32994680K total physical memory with 3903040K free physical memory)

OOME stack traces (most recent first):
Classloader memory used:
Loader java.net.URLClassLoader                                                         : 130 M
Loader org.gradle.internal.classloader.VisitableURLClassLoader$InstrumentingVisitableURLClassLoader: 127 M
Loader org.gradle.internal.classloader.VisitableURLClassLoader                         : 61651 K
Loader bootstrap                                                                       : 42837 K
Loader org.gradle.initialization.MixInLegacyTypesClassLoader                           : 15828 K
Loader jdk.internal.loader.ClassLoaders$AppClassLoader                                 : 10125 K
Loader org.gradle.groovy.scripts.internal.DefaultScriptCompilationHandler$ScriptClassLoader: 764 K
Loader jdk.internal.loader.ClassLoaders$PlatformClassLoader                            : 703 K
Loader org.gradle.internal.classloader.VisitableURLClassLoader                         : 387 K
Loader com.intellij.util.lang.UrlClassLoader                                           : 222 K
Loader groovy.lang.GroovyClassLoader$InnerLoader                                       : 14104 B
Loader sun.reflect.misc.MethodUtil                                                     : 2968 B

Classes loaded by more than one classloader:
Class Program                                                                         : loaded 15 times (x 74B)
Class Build_gradle                                                                    : loaded 8 times (x 128B)
Class org.jetbrains.kotlin.util.capitalizeDecapitalize.CapitalizeDecapitalizeKt       : loaded 5 times (x 73B)
Class Build_gradle$2                                                                  : loaded 5 times (x 76B)
Class org.jetbrains.kotlin.cli.common.arguments.CommonCompilerArguments               : loaded 5 times (x 76B)
Class org.jetbrains.kotlin.cli.common.arguments.Freezable                             : loaded 5 times (x 74B)
Class org.jetbrains.kotlin.cli.common.arguments.K2JVMCompilerArguments                : loaded 5 times (x 77B)
Class org.jetbrains.kotlin.cli.common.arguments.CommonToolArguments                   : loaded 5 times (x 75B)
Class kotlin.reflect.jvm.internal.impl.builtins.StandardNames                         : loaded 4 times (x 73B)
Class kotlin.reflect.jvm.internal.ReflectProperties$LazySoftVal                       : loaded 4 times (x 80B)
Class [Lkotlin.reflect.KAnnotatedElement;                                             : loaded 4 times (x 71B)
Class kotlin.Function                                                                 : loaded 4 times (x 72B)
Class kotlin.collections.SetsKt__SetsJVMKt                                            : loaded 4 times (x 73B)
Class kotlin.reflect.jvm.internal.KotlinReflectionInternalError                       : loaded 4 times (x 84B)
Class kotlin.reflect.jvm.internal.impl.builtins.jvm.JavaToKotlinClassMap              : loaded 4 times (x 73B)
Class kotlin.jvm.JvmClassMappingKt                                                    : loaded 4 times (x 73B)
Class kotlin.jvm.KotlinReflectionNotSupportedError                                    : loaded 4 times (x 84B)
Class kotlin.ranges.IntProgression                                                    : loaded 4 times (x 83B)
Class kotlin.reflect.jvm.internal.KPropertyImpl                                       : loaded 4 times (x 117B)
Class kotlin.jvm.internal.Reflection                                                  : loaded 4 times (x 73B)
Class kotlin.reflect.KProperty                                                        : loaded 4 times (x 72B)
Class org.jetbrains.kotlin.cli.common.messages.MessageCollector                       : loaded 4 times (x 72B)
Class kotlin.ranges.ClosedRange                                                       : loaded 4 times (x 72B)
Class kotlin.collections.IntIterator                                                  : loaded 4 times (x 84B)
Class kotlin.io.TextStreamsKt                                                         : loaded 4 times (x 73B)
Class kotlin.sequences.DropTakeSequence                                               : loaded 4 times (x 72B)
Class kotlin.reflect.jvm.internal.impl.resolve.jvm.JvmPrimitiveType                   : loaded 4 times (x 81B)
Class kotlin.text.MatchGroupCollection                                                : loaded 4 times (x 72B)
Class kotlin.text.MatcherMatchResult                                                  : loaded 4 times (x 82B)
Class kotlin.sequences.FlatteningSequence                                             : loaded 4 times (x 77B)
Class kotlin.text.StringsKt__StringsJVMKt                                             : loaded 4 times (x 73B)
Class kotlin.text.StringsKt__StringsKt                                                : loaded 4 times (x 73B)
Class kotlin.NotImplementedError                                                      : loaded 4 times (x 84B)
Class org.jetbrains.kotlin.cli.common.arguments.K2JVMCompilerArgumentsConfigurator    : loaded 4 times (x 76B)
Class kotlin.collections.ArraysKt__ArraysKt                                           : loaded 4 times (x 73B)
Class kotlin.collections.SetsKt                                                       : loaded 4 times (x 73B)
Class kotlin.text.StringsKt__IndentKt                                                 : loaded 4 times (x 73B)
Class kotlin.collections.IndexingIterable                                             : loaded 4 times (x 81B)
Class [Lkotlin.reflect.jvm.internal.impl.builtins.PrimitiveType;                      : loaded 4 times (x 71B)
Class kotlin.sequences.SequencesKt__SequencesKt$asSequence$$inlined$Sequence$1        : loaded 4 times (x 77B)
Class [Lkotlin.reflect.jvm.internal.impl.name.FqName;                                 : loaded 4 times (x 71B)
Class kotlin.reflect.KFunction                                                        : loaded 4 times (x 72B)
Class org.jetbrains.kotlin.build.report.metrics.BuildMetricsReporter                  : loaded 4 times (x 72B)
Class [Lkotlin.reflect.KDeclarationContainer;                                         : loaded 4 times (x 71B)
Class kotlin.collections.MapsKt__MapsKt                                               : loaded 4 times (x 73B)
Class kotlin.jvm.internal.Lambda                                                      : loaded 4 times (x 77B)
Class org.jetbrains.kotlin.daemon.common.MultiModuleICSettings                        : loaded 4 times (x 74B)
Class kotlin.jvm.internal.markers.KMutableMap$Entry                                   : loaded 4 times (x 72B)
Class kotlin.properties.Delegates                                                     : loaded 4 times (x 73B)
Class kotlin.collections.builders.ListBuilderKt                                       : loaded 4 times (x 73B)
Class kotlin.Metadata                                                                 : loaded 4 times (x 72B)
Class kotlin.collections.AbstractMutableSet                                           : loaded 4 times (x 144B)
Class kotlin.reflect.jvm.internal.impl.builtins.StandardNames$FqNames                 : loaded 4 times (x 73B)
Class kotlin.UninitializedPropertyAccessException                                     : loaded 4 times (x 84B)
Class kotlin.reflect.KProperty$Getter                                                 : loaded 4 times (x 72B)
Class kotlin.collections.ArraysKt___ArraysKt$asSequence$$inlined$Sequence$1           : loaded 4 times (x 77B)
Class kotlin.collections.EmptyList                                                    : loaded 4 times (x 176B)
Class kotlin.collections.MapsKt__MapsJVMKt                                            : loaded 4 times (x 73B)
Class kotlin.reflect.jvm.internal.ReflectionFactoryImpl                               : loaded 4 times (x 93B)
Class kotlin.reflect.jvm.internal.ReflectProperties                                   : loaded 4 times (x 73B)
Class kotlin.SafePublicationLazyImpl                                                  : loaded 4 times (x 78B)
Class org.jetbrains.kotlin.cli.jvm.compiler.KotlinCoreEnvironment                     : loaded 4 times (x 74B)
Class kotlin.reflect.jvm.internal.KDeclarationContainerImpl                           : loaded 4 times (x 86B)
Class kotlin.reflect.jvm.internal.RuntimeTypeMapper                                   : loaded 4 times (x 73B)
Class kotlin.ranges.IntProgressionIterator                                            : loaded 4 times (x 84B)
Class kotlin.text.RegexKt                                                             : loaded 4 times (x 73B)
Class kotlin.io.FilesKt__UtilsKt                                                      : loaded 4 times (x 73B)
Class kotlin.collections.CollectionsKt__CollectionsJVMKt                              : loaded 4 times (x 73B)
Class kotlin.collections.IndexedValue                                                 : loaded 4 times (x 74B)
Class kotlin.collections.builders.MapBuilder$Itr                                      : loaded 4 times (x 74B)
Class kotlin.KotlinVersionCurrentValue                                                : loaded 4 times (x 73B)
Class kotlin.collections.builders.MapBuilder$EntriesItr                               : loaded 4 times (x 83B)
Class kotlin.reflect.jvm.internal.impl.builtins.CompanionObjectMapping                : loaded 4 times (x 73B)
Class kotlin.jvm.internal.MutablePropertyReference0                                   : loaded 4 times (x 139B)
Class kotlin.reflect.jvm.internal.impl.name.SpecialNames                              : loaded 4 times (x 73B)
Class kotlin.collections.CollectionsKt__IteratorsKt                                   : loaded 4 times (x 73B)
Class kotlin.jvm.internal.CollectionToArray                                           : loaded 4 times (x 73B)
Class kotlin.io.FilesKt__FileTreeWalkKt                                               : loaded 4 times (x 73B)
Class kotlin.sequences.FilteringSequence$iterator$1                                   : loaded 4 times (x 81B)
Class kotlin.collections.CollectionsKt__ReversedViewsKt                               : loaded 4 times (x 73B)
Class kotlin.sequences.SequencesKt__SequenceBuilderKt                                 : loaded 4 times (x 73B)
Class kotlin.sequences.SequencesKt                                                    : loaded 4 times (x 73B)
Class kotlin.jvm.internal.markers.KMutableSet                                         : loaded 4 times (x 72B)
Class kotlin.text.StringsKt                                                           : loaded 4 times (x 73B)
Class kotlin.reflect.jvm.internal.KMutableProperty1Impl                               : loaded 4 times (x 137B)
Class kotlin.LazyKt__LazyJVMKt                                                        : loaded 4 times (x 73B)
Class kotlin.jvm.internal.markers.KMutableList                                        : loaded 4 times (x 72B)
Class [Lkotlin.Pair;                                                                  : loaded 4 times (x 71B)
Class kotlin.io.FilesKt__FileReadWriteKt                                              : loaded 4 times (x 73B)
Class kotlin.text.MatchNamedGroupCollection                                           : loaded 4 times (x 72B)
Class kotlin.text.StringsKt__StringNumberConversionsKt                                : loaded 4 times (x 73B)
Class kotlin.jvm.internal.MutablePropertyReference1Impl                               : loaded 4 times (x 139B)
Class org.jetbrains.kotlin.cli.common.CompilerSystemProperties$value$2                : loaded 4 times (x 127B)
Class [Lkotlin.sequences.Sequence;                                                    : loaded 4 times (x 71B)
Class kotlin.text.CharsKt                                                             : loaded 4 times (x 73B)
Class kotlin.io.LinesSequence$iterator$1                                              : loaded 4 times (x 81B)
Class kotlin.collections.AbstractIterator                                             : loaded 4 times (x 85B)
Class org.jetbrains.kotlin.cli.common.arguments.ArgumentParseErrors                   : loaded 4 times (x 74B)
Class kotlin.reflect.jvm.internal.impl.builtins.PrimitiveType                         : loaded 4 times (x 81B)
Class [Lorg.jetbrains.kotlin.build.report.metrics.ValueType;                          : loaded 4 times (x 71B)
Class kotlin.collections.AbstractList$IteratorImpl                                    : loaded 4 times (x 84B)
Class org.jetbrains.kotlin.build.report.metrics.ValueType                             : loaded 4 times (x 81B)
Class kotlin.reflect.KCallable                                                        : loaded 4 times (x 72B)
Class kotlin.io.FilesKt__FilePathComponentsKt                                         : loaded 4 times (x 73B)
Class kotlin.jvm.internal.CallableReference                                           : loaded 4 times (x 108B)
Class kotlin.reflect.jvm.internal.impl.utils.CollectionsKt                            : loaded 4 times (x 73B)
Class kotlin.properties.ReadOnlyProperty                                              : loaded 4 times (x 72B)
Class kotlin.reflect.jvm.internal.impl.descriptors.runtime.structure.ReflectClassUtilKt: loaded 4 times (x 73B)
Class kotlin.collections.CollectionsKt                                                : loaded 4 times (x 73B)
Class kotlin.jvm.internal.markers.KMutableMap                                         : loaded 4 times (x 72B)
Class kotlin.reflect.KMutableProperty2                                                : loaded 4 times (x 72B)
Class kotlin.ranges.IntRange                                                          : loaded 4 times (x 95B)
Class kotlin.enums.EnumEntries                                                        : loaded 4 times (x 72B)
Class kotlin.collections.CollectionsKt__MutableCollectionsKt                          : loaded 4 times (x 73B)
Class kotlin.io.CloseableKt                                                           : loaded 4 times (x 73B)
Class kotlin.reflect.KProperty2                                                       : loaded 4 times (x 72B)
Class kotlin.sequences.GeneratorSequence$iterator$1                                   : loaded 4 times (x 81B)
Class [Lorg.jetbrains.kotlin.cli.common.CompilerSystemProperties;                     : loaded 4 times (x 71B)
Class kotlin.reflect.jvm.internal.KDeclarationContainerImpl$Companion                 : loaded 4 times (x 73B)
Class [Lkotlin.Function;                                                              : loaded 4 times (x 71B)
Class kotlin.sequences.TransformingSequence$iterator$1                                : loaded 4 times (x 81B)
Class kotlin.Pair                                                                     : loaded 4 times (x 74B)
Class kotlin.reflect.KClass                                                           : loaded 4 times (x 72B)
Class kotlin.reflect.KProperty1                                                       : loaded 4 times (x 72B)
Class org.jetbrains.kotlin.cli.common.arguments.ParseCommandLineArgumentsKt           : loaded 4 times (x 73B)
Class kotlin.collections.IndexingIterator                                             : loaded 4 times (x 81B)
Class kotlin.sequences.EmptySequence                                                  : loaded 4 times (x 80B)
Class kotlin.reflect.KMutableProperty1                                                : loaded 4 times (x 72B)
Class kotlin.reflect.KProperty0                                                       : loaded 4 times (x 72B)
Class kotlin.jvm.internal.DefaultConstructorMarker                                    : loaded 4 times (x 73B)
Class kotlin.reflect.full.IllegalCallableAccessException                              : loaded 4 times (x 84B)
Class kotlin.jvm.internal.PropertyReference1                                          : loaded 4 times (x 129B)
Class org.jetbrains.kotlin.cli.common.arguments.PreprocessCommandLineArgumentsKt      : loaded 4 times (x 73B)
Class kotlin.jvm.internal.MutablePropertyReference                                    : loaded 4 times (x 121B)
Class kotlin.jvm.internal.PropertyReference2                                          : loaded 4 times (x 129B)
Class kotlin.UnsafeLazyImpl                                                           : loaded 4 times (x 78B)
Class kotlin.LazyKt__LazyJVMKt$WhenMappings                                           : loaded 4 times (x 73B)
Class kotlin.jvm.internal.PropertyReference1Impl                                      : loaded 4 times (x 129B)
Class kotlin.SafePublicationLazyImpl$Companion                                        : loaded 4 times (x 73B)
Class kotlin.jvm.internal.MutablePropertyReference1                                   : loaded 4 times (x 139B)
Class [Lkotlin.reflect.jvm.internal.impl.builtins.jvm.JavaToKotlinClassMap$PlatformMutabilityMapping;: loaded 4 times (x 71B)
Class kotlin.reflect.full.IllegalPropertyDelegateAccessException                      : loaded 4 times (x 84B)
Class kotlin.LazyThreadSafetyMode                                                     : loaded 4 times (x 81B)
Class kotlin.jvm.internal.ArrayIterator                                               : loaded 4 times (x 81B)
Class org.jetbrains.kotlin.build.report.metrics.BuildPerformanceMetric                : loaded 4 times (x 74B)
Class kotlin.comparisons.ComparisonsKt___ComparisonsJvmKt                             : loaded 4 times (x 73B)
Class kotlin.collections.CollectionsKt__IteratorsJVMKt                                : loaded 4 times (x 73B)
Class kotlin.reflect.jvm.internal.impl.name.FqNamesUtilKt                             : loaded 4 times (x 73B)
Class kotlin.jvm.internal.SpreadBuilder                                               : loaded 4 times (x 78B)
Class kotlin.collections.EmptyIterator                                                : loaded 4 times (x 91B)
Class kotlin.SynchronizedLazyImpl                                                     : loaded 4 times (x 78B)
Class kotlin.collections.builders.AbstractMapBuilderEntrySet                          : loaded 4 times (x 146B)
Class kotlin.text.StringsKt__RegexExtensionsKt                                        : loaded 4 times (x 73B)
Class Build_gradle$1                                                                  : loaded 4 times (x 76B)
Class kotlin.sequences.SequencesKt__SequencesJVMKt                                    : loaded 4 times (x 73B)
Class kotlin.collections.AbstractList                                                 : loaded 4 times (x 199B)
Class kotlin.collections.AbstractCollection                                           : loaded 4 times (x 119B)
Class kotlin.enums.EnumEntriesList                                                    : loaded 4 times (x 225B)
Class kotlin.jvm.internal.FunctionBase                                                : loaded 4 times (x 72B)
Class kotlin.jvm.internal.FunctionReference                                           : loaded 4 times (x 124B)
Class kotlin.jvm.internal.PropertyReference                                           : loaded 4 times (x 117B)
Class kotlin.reflect.KClassifier                                                      : loaded 4 times (x 72B)
Class kotlin.reflect.KMutableProperty0                                                : loaded 4 times (x 72B)
Class kotlin.Triple                                                                   : loaded 4 times (x 74B)
Class kotlin.LazyKt__LazyKt                                                           : loaded 4 times (x 73B)
Class kotlin.text.Regex                                                               : loaded 4 times (x 74B)
Class kotlin.KotlinVersion                                                            : loaded 4 times (x 76B)
Class kotlin.text.StringsKt__StringBuilderJVMKt                                       : loaded 4 times (x 73B)
Class kotlin.jvm.internal.ReflectionFactory                                           : loaded 4 times (x 93B)
Class kotlin.UNINITIALIZED_VALUE                                                      : loaded 4 times (x 73B)
Class kotlin.sequences.SequencesKt__SequencesKt$sequenceOf$1$1                        : loaded 4 times (x 81B)
Class [Lkotlin.reflect.jvm.internal.impl.resolve.jvm.JvmPrimitiveType;                : loaded 4 times (x 71B)
Class kotlin.jvm.internal.ClassBasedDeclarationContainer                              : loaded 4 times (x 72B)
Class kotlin.ranges.RangesKt__RangesKt                                                : loaded 4 times (x 73B)
Class kotlin.collections.SetsKt___SetsKt                                              : loaded 4 times (x 73B)
Class kotlin.sequences.SequencesKt__SequencesKt                                       : loaded 4 times (x 73B)
Class kotlin.comparisons.ComparisonsKt__ComparisonsKt                                 : loaded 4 times (x 73B)
Class kotlin.text.Regex$Companion                                                     : loaded 4 times (x 73B)
Class kotlin._Assertions                                                              : loaded 4 times (x 73B)
Class kotlin.text.MatchGroup                                                          : loaded 4 times (x 74B)
Class kotlin.sequences.FilteringSequence                                              : loaded 4 times (x 77B)
Class kotlin.text.CharsKt__CharJVMKt                                                  : loaded 4 times (x 73B)
Class org.jetbrains.kotlin.cli.common.arguments.ArgumentField                         : loaded 4 times (x 74B)
Class kotlin.comparisons.ComparisonsKt                                                : loaded 4 times (x 73B)
Class kotlin.comparisons.ComparisonsKt___ComparisonsKt                                : loaded 4 times (x 73B)
Class kotlin.internal.ProgressionUtilKt                                               : loaded 4 times (x 73B)
Class kotlin.reflect.jvm.internal.ReflectProperties$Val$1                             : loaded 4 times (x 73B)
Class kotlin.collections.CollectionsKt___CollectionsJvmKt                             : loaded 4 times (x 73B)
Class kotlin.text.StringsKt__RegexExtensionsJVMKt                                     : loaded 4 times (x 73B)
Class kotlin.collections.ArraysKt___ArraysJvmKt                                       : loaded 4 times (x 73B)
Class kotlin.collections.CollectionsKt__CollectionsKt                                 : loaded 4 times (x 73B)
Class kotlin.jvm.internal.FunctionReferenceImpl                                       : loaded 4 times (x 124B)
Class kotlin.reflect.KTypeParameter                                                   : loaded 4 times (x 72B)
Class kotlin.jvm.internal.markers.KMutableIterable                                    : loaded 4 times (x 72B)
Class kotlin.reflect.jvm.internal.ReflectProperties$Val                               : loaded 4 times (x 76B)
Class kotlin.jvm.internal.MutablePropertyReference2                                   : loaded 4 times (x 139B)
Class kotlin.collections.builders.MapBuilder                                          : loaded 4 times (x 114B)
Class kotlin.ranges.IntProgression$Companion                                          : loaded 4 times (x 73B)
Class kotlin.TuplesKt                                                                 : loaded 4 times (x 73B)
Class kotlin.Unit                                                                     : loaded 4 times (x 73B)
Class kotlin.sequences.SequencesKt___SequencesJvmKt                                   : loaded 4 times (x 73B)
Class kotlin.ranges.RangesKt                                                          : loaded 4 times (x 73B)
Class kotlin.sequences.GeneratorSequence                                              : loaded 4 times (x 77B)
Class kotlin.reflect.jvm.internal.KClassifierImpl                                     : loaded 4 times (x 72B)
Class kotlin.reflect.jvm.internal.KClassImpl                                          : loaded 4 times (x 117B)
Class kotlin.collections.ArraysUtilJVM                                                : loaded 4 times (x 73B)
Class kotlin.jvm.functions.Function0                                                  : loaded 4 times (x 72B)
Class kotlin.sequences.FlatteningSequence$iterator$1                                  : loaded 4 times (x 81B)
Class kotlin.jvm.functions.Function22                                                 : loaded 4 times (x 72B)
Class kotlin.properties.ReadWriteProperty                                             : loaded 4 times (x 72B)
Class kotlin.collections.AbstractMutableList                                          : loaded 4 times (x 208B)
Class kotlin.reflect.jvm.internal.impl.load.java.JvmAnnotationNames                   : loaded 4 times (x 73B)
Class kotlin.jvm.functions.Function1                                                  : loaded 4 times (x 72B)
Class kotlin.collections.builders.MapBuilderEntries                                   : loaded 4 times (x 147B)
Class kotlin.jvm.internal.markers.KMutableIterator                                    : loaded 4 times (x 72B)
Class kotlin.jvm.functions.Function2                                                  : loaded 4 times (x 72B)
Class org.jetbrains.kotlin.incremental.IncrementalCompilationFeatures                 : loaded 4 times (x 73B)
Class kotlin.reflect.jvm.internal.impl.name.ClassId                                   : loaded 4 times (x 74B)
Class kotlin.jvm.functions.Function21                                                 : loaded 4 times (x 72B)
Class kotlin.reflect.jvm.internal.KDeclarationContainerImpl$Data                      : loaded 4 times (x 74B)
Class kotlin.jvm.functions.Function3                                                  : loaded 4 times (x 72B)
Class kotlin.collections.MapsKt___MapsJvmKt                                           : loaded 4 times (x 73B)
Class kotlin.reflect.KMutableProperty                                                 : loaded 4 times (x 72B)
Class kotlin.annotation.Target                                                        : loaded 4 times (x 72B)
Class kotlin.reflect.jvm.internal.impl.builtins.PrimitiveType$Companion               : loaded 4 times (x 73B)
Class kotlin.jvm.functions.Function4                                                  : loaded 4 times (x 72B)
Class kotlin.jvm.internal.markers.KMappedMarker                                       : loaded 4 times (x 72B)
Class [Lkotlin.reflect.KProperty;                                                     : loaded 4 times (x 71B)
Class kotlin.reflect.jvm.internal.KClassImpl$Data                                     : loaded 4 times (x 74B)
Class kotlin.collections.EmptySet                                                     : loaded 4 times (x 124B)
Class kotlin.collections.CollectionsKt___CollectionsKt                                : loaded 4 times (x 73B)
Class org.jetbrains.kotlin.build.report.metrics.GradleBuildPerformanceMetric          : loaded 4 times (x 74B)
Class kotlin.collections.CollectionsKt___CollectionsKt$asSequence$$inlined$Sequence$1 : loaded 4 times (x 77B)
Class org.jetbrains.kotlin.cli.common.CompilerSystemProperties                        : loaded 4 times (x 81B)
Class kotlin.jvm.functions.Function20                                                 : loaded 4 times (x 72B)
Class kotlin.annotation.Retention                                                     : loaded 4 times (x 72B)
Class kotlin.jvm.functions.Function5                                                  : loaded 4 times (x 72B)
Class kotlin.reflect.KDeclarationContainer                                            : loaded 4 times (x 72B)
Class kotlin.sequences.ConstrainedOnceSequence                                        : loaded 4 times (x 77B)
Class kotlin.text.StringsKt___StringsJvmKt                                            : loaded 4 times (x 73B)
Class org.jetbrains.kotlin.cli.common.arguments.Argument                              : loaded 4 times (x 72B)
Class kotlin.jvm.functions.Function6                                                  : loaded 4 times (x 72B)
Class kotlin.reflect.jvm.internal.KTypeParameterOwnerImpl                             : loaded 4 times (x 72B)
Class kotlin.io.FilesKt                                                               : loaded 4 times (x 73B)
Class kotlin.collections.MapsKt___MapsKt                                              : loaded 4 times (x 73B)
Class kotlin.collections.ArraysKt___ArraysKt                                          : loaded 4 times (x 73B)
Class kotlin.text.StringsKt__StringNumberConversionsJVMKt                             : loaded 4 times (x 73B)
Class kotlin.sequences.Sequence                                                       : loaded 4 times (x 72B)
Class kotlin.sequences.TransformingSequence                                           : loaded 4 times (x 77B)
Class kotlin.text.MatchResult                                                         : loaded 4 times (x 72B)
Class kotlin.jvm.internal.PropertyReference0                                          : loaded 4 times (x 129B)
Class kotlin.jvm.functions.Function7                                                  : loaded 4 times (x 72B)
Class kotlin.reflect.jvm.internal.impl.builtins.jvm.JavaToKotlinClassMap$PlatformMutabilityMapping: loaded 4 times (x 74B)
Class kotlin.reflect.jvm.internal.impl.name.Name                                      : loaded 4 times (x 77B)
Class kotlin.sequences.SequencesKt__SequencesKt$sequenceOf$$inlined$Sequence$1        : loaded 4 times (x 77B)
Class kotlin.reflect.jvm.internal.KPropertyImpl$Companion                             : loaded 4 times (x 73B)
Class kotlin.collections.MapsKt__MapWithDefaultKt                                     : loaded 4 times (x 73B)
Class kotlin.collections.builders.MapBuilder$EntryRef                                 : loaded 4 times (x 83B)
Class org.jetbrains.kotlin.cli.common.arguments.CommonCompilerArgumentsConfigurator   : loaded 4 times (x 76B)
Class kotlin.jvm.functions.Function8                                                  : loaded 4 times (x 72B)
Class kotlin.reflect.jvm.internal.impl.name.FqNameUnsafe                              : loaded 4 times (x 74B)
Class kotlin.collections.builders.MapBuilder$Companion                                : loaded 4 times (x 73B)
Class kotlin.collections.CollectionsKt__MutableCollectionsJVMKt                       : loaded 4 times (x 73B)
Class kotlin.text.StringsKt___StringsKt                                               : loaded 4 times (x 73B)
Class kotlin.enums.EnumEntriesKt                                                      : loaded 4 times (x 73B)
Class org.jetbrains.kotlin.incremental.ClasspathChanges                               : loaded 4 times (x 73B)
Class kotlin.jvm.functions.Function10                                                 : loaded 4 times (x 72B)
Class kotlin.jvm.functions.Function9                                                  : loaded 4 times (x 72B)
Class [Lkotlin.reflect.KClassifier;                                                   : loaded 4 times (x 71B)
Class kotlin.jvm.internal.ArrayIteratorKt                                             : loaded 4 times (x 73B)
Class kotlin.reflect.jvm.internal.EmptyContainerForLocal                              : loaded 4 times (x 86B)
Class kotlin.reflect.KProperty$Accessor                                               : loaded 4 times (x 72B)
Class [Lkotlin.reflect.KCallable;                                                     : loaded 4 times (x 71B)
Class kotlin.reflect.jvm.internal.KCallableImpl                                       : loaded 4 times (x 107B)
Class [Lkotlin.LazyThreadSafetyMode;                                                  : loaded 4 times (x 71B)
Class kotlin.jvm.functions.Function11                                                 : loaded 4 times (x 72B)
Class kotlin.jvm.internal.markers.KMutableCollection                                  : loaded 4 times (x 72B)
Class kotlin.ranges.IntRange$Companion                                                : loaded 4 times (x 73B)
Class kotlin.collections.EmptyMap                                                     : loaded 4 times (x 110B)
Class kotlin.text.MatcherMatchResult$groups$1                                         : loaded 4 times (x 153B)
Class kotlin.reflect.KAnnotatedElement                                                : loaded 4 times (x 72B)
Class [Lkotlin.jvm.functions.Function1;                                               : loaded 4 times (x 71B)
Class org.jetbrains.kotlin.cli.common.messages.MessageRenderer                        : loaded 4 times (x 72B)
Class kotlin.jvm.internal.Intrinsics                                                  : loaded 4 times (x 73B)
Class kotlin.jvm.functions.Function12                                                 : loaded 4 times (x 72B)
Class kotlin.collections.MapsKt                                                       : loaded 4 times (x 73B)
Class kotlin.collections.CollectionsKt__IterablesKt                                   : loaded 4 times (x 73B)
Class kotlin.text.StringsKt__AppendableKt                                             : loaded 4 times (x 73B)
Class kotlin.jvm.functions.Function13                                                 : loaded 4 times (x 72B)
Class org.jetbrains.kotlin.cli.common.CompilerSystemProperties$Companion              : loaded 4 times (x 73B)
Class kotlin.ranges.OpenEndRange                                                      : loaded 4 times (x 72B)
Class kotlin.text.Charsets                                                            : loaded 4 times (x 73B)
Class kotlin.KotlinNullPointerException                                               : loaded 4 times (x 84B)
Class kotlin.jvm.functions.Function14                                                 : loaded 4 times (x 72B)
Class kotlin.ranges.RangesKt___RangesKt                                               : loaded 4 times (x 73B)
Class kotlin.reflect.KType                                                            : loaded 4 times (x 72B)
Class kotlin.reflect.jvm.internal.KProperty1Impl                                      : loaded 4 times (x 130B)
Class kotlin.jvm.functions.Function15                                                 : loaded 4 times (x 72B)
Class kotlin.text.CharsKt__CharKt                                                     : loaded 4 times (x 73B)
Class kotlin.collections.ArraysKt                                                     : loaded 4 times (x 73B)
Class kotlin.jvm.functions.Function16                                                 : loaded 4 times (x 72B)
Class kotlin.LazyKt                                                                   : loaded 4 times (x 73B)
Class kotlin.collections.SetsKt__SetsKt                                               : loaded 4 times (x 73B)
Class kotlin.collections.AbstractList$Companion                                       : loaded 4 times (x 73B)
Class kotlin.NoWhenBranchMatchedException                                             : loaded 4 times (x 84B)
Class kotlin.Lazy                                                                     : loaded 4 times (x 72B)
Class kotlin.sequences.SequencesKt___SequencesKt                                      : loaded 4 times (x 73B)
Class kotlin.reflect.jvm.internal.impl.resolve.jvm.JvmClassName                       : loaded 4 times (x 77B)
Class kotlin.jvm.functions.Function19                                                 : loaded 4 times (x 72B)
Class kotlin.reflect.KMutableProperty$Setter                                          : loaded 4 times (x 72B)
Class org.jetbrains.kotlin.cli.jvm.compiler.KotlinCoreEnvironment$Companion           : loaded 4 times (x 73B)
Class kotlin.KotlinVersion$Companion                                                  : loaded 4 times (x 73B)
Class kotlin.InitializedLazyImpl                                                      : loaded 4 times (x 78B)
Class kotlin.jvm.functions.Function17                                                 : loaded 4 times (x 72B)
Class kotlin.reflect.jvm.internal.impl.name.FqName                                    : loaded 4 times (x 74B)
Class [Lkotlin.reflect.KClass;                                                        : loaded 4 times (x 71B)
Class kotlin.collections.ArraysKt__ArraysJVMKt                                        : loaded 4 times (x 73B)
Class kotlin.jvm.functions.Function18                                                 : loaded 4 times (x 72B)
Class kotlin.io.LinesSequence                                                         : loaded 4 times (x 77B)
Class kotlin.jvm.internal.CallableReference$NoReceiver                                : loaded 4 times (x 73B)
Class kotlin.text.StringsKt__StringBuilderKt                                          : loaded 4 times (x 73B)
Class kotlin.reflect.jvm.internal.impl.metadata.deserialization.NameResolverImpl$WhenMappings: loaded 3 times (x 73B)
Class kotlin.reflect.jvm.internal.impl.descriptors.runtime.structure.ReflectJavaClass$methods$2: loaded 3 times (x 131B)
Class kotlin.reflect.jvm.internal.impl.descriptors.TypeParameterDescriptor            : loaded 3 times (x 72B)
Class kotlin.reflect.jvm.internal.impl.serialization.deserialization.DeserializedPackageFragment: loaded 3 times (x 110B)
Class kotlin.reflect.jvm.internal.impl.resolve.OverridingUtil$8                       : loaded 3 times (x 73B)
Class kotlin.reflect.jvm.internal.impl.resolve.OverridingUtilTypeSystemContext        : loaded 3 times (x 171B)
Class kotlin.reflect.jvm.internal.impl.load.java.lazy.descriptors.LazyJavaPackageFragment: loaded 3 times (x 107B)
Class kotlin.reflect.jvm.internal.impl.load.kotlin.KotlinClassFinder$Result           : loaded 3 times (x 73B)
Class kotlin.reflect.jvm.internal.impl.builtins.jvm.JvmBuiltInsPackageFragmentProvider: loaded 3 times (x 87B)
Class kotlin.reflect.jvm.internal.impl.metadata.ProtoBuf$PropertyOrBuilder            : loaded 3 times (x 72B)
Class kotlin.reflect.jvm.internal.impl.metadata.ProtoBuf$Contract$1                   : loaded 3 times (x 89B)
Class kotlin.reflect.jvm.internal.impl.protobuf.LiteralByteString                     : loaded 3 times (x 104B)
Class kotlin.reflect.jvm.internal.impl.descriptors.impl.AbstractClassDescriptor       : loaded 3 times (x 176B)
Class kotlin.reflect.jvm.internal.impl.serialization.deserialization.FlexibleTypeDeserializer: loaded 3 times (x 72B)
Class kotlin.reflect.jvm.internal.impl.metadata.ProtoBuf$ContractOrBuilder            : loaded 3 times (x 72B)
Class org.jetbrains.kotlin.metadata.jvm.JvmProtoBuf$JvmPropertySignature$1            : loaded 3 times (x 146B)
Class org.jetbrains.org.objectweb.asm.MethodWriter                                    : loaded 3 times (x 107B)
Class org.jetbrains.kotlin.descriptors.ValidateableDescriptor                         : loaded 3 times (x 72B)
Class kotlin.reflect.jvm.internal.impl.types.model.KotlinTypeMarker                   : loaded 3 times (x 72B)
Class kotlin.reflect.jvm.internal.impl.descriptors.impl.ModuleDescriptorImpl          : loaded 3 times (x 98B)
Class kotlin.reflect.jvm.internal.impl.load.kotlin.DeserializedDescriptorResolver     : loaded 3 times (x 74B)
Class kotlin.reflect.jvm.internal.impl.descriptors.DescriptorVisibilities$2           : loaded 3 times (x 78B)
Class kotlin.reflect.jvm.internal.impl.descriptors.Visibilities$Internal              : loaded 3 times (x 77B)
Class kotlin.reflect.jvm.internal.impl.serialization.deserialization.AbstractDeserializedPackageFragmentProvider: loaded 3 times (x 87B)
Class kotlin.reflect.jvm.internal.impl.load.java.lazy.descriptors.JvmPackageScope     : loaded 3 times (x 87B)
Class kotlin.reflect.jvm.internal.impl.metadata.ProtoBuf$Type$Argument$Projection$1   : loaded 3 times (x 76B)
Class kotlin.reflect.jvm.internal.impl.load.java.descriptors.JavaClassDescriptor      : loaded 3 times (x 72B)
Class org.jetbrains.kotlin.incremental.ClasspathChanges$ClasspathSnapshotEnabled      : loaded 3 times (x 74B)
Class com.google.common.base.CharMatcher$1                                            : loaded 3 times (x 115B)
Class com.google.common.base.CharMatcher$NamedFastMatcher                             : loaded 3 times (x 114B)
Class kotlin.reflect.jvm.internal.impl.protobuf.GeneratedMessageLite$ExtendableMessageOrBuilder: loaded 3 times (x 72B)
Class com.google.common.io.ByteSource$ConcatenatedByteSource                          : loaded 3 times (x 87B)
Class org.jetbrains.kotlin.config.MavenComparableVersion$Item                         : loaded 3 times (x 72B)
Class org.jetbrains.kotlin.metadata.jvm.deserialization.JvmNameResolver               : loaded 3 times (x 82B)
Class kotlin.reflect.jvm.internal.impl.descriptors.DescriptorVisibilities$3           : loaded 3 times (x 78B)
Class org.jetbrains.kotlin.cli.common.messages.MessageCollector$Companion$NONE$1      : loaded 3 times (x 78B)
Class [Lorg.jetbrains.kotlin.metadata.ProtoBuf$Type$Argument$Projection;              : loaded 3 times (x 71B)
Class org.objectweb.asm.MethodVisitor                                                 : loaded 3 times (x 107B)
Class com.google.common.collect.MapMakerInternalMap$InternalEntryHelper               : loaded 3 times (x 72B)
Class [Lkotlin.reflect.jvm.internal.impl.renderer.RenderingFormat;                    : loaded 3 times (x 71B)
Class com.google.common.collect.RangeGwtSerializationDependencies                     : loaded 3 times (x 73B)
Class kotlin.reflect.jvm.internal.impl.storage.LockBasedStorageManager$1              : loaded 3 times (x 97B)
Class org.jetbrains.org.objectweb.asm.ClassVisitor                                    : loaded 3 times (x 90B)
Class com.google.common.base.Joiner$2                                                 : loaded 3 times (x 81B)
Class com.google.common.io.ByteSource$AsCharSource                                    : loaded 3 times (x 88B)
Class com.google.common.collect.Maps$IteratorBasedAbstractMap                         : loaded 3 times (x 127B)
Class com.google.common.collect.ImmutableMapEntrySet$RegularEntrySet                  : loaded 3 times (x 154B)
Class com.google.common.collect.Table                                                 : loaded 3 times (x 72B)
Class com.google.common.collect.MapMakerInternalMap$Strength                          : loaded 3 times (x 82B)
Class kotlin.reflect.jvm.internal.impl.utils.WrappedValues$WrappedProcessCanceledException: loaded 3 times (x 84B)
Class com.google.common.base.CharMatcher$None                                         : loaded 3 times (x 114B)
Class com.google.common.collect.Maps$BiMapConverter                                   : loaded 3 times (x 92B)
Class kotlin.reflect.jvm.internal.impl.name.CallableId                                : loaded 3 times (x 74B)
Class kotlin.reflect.jvm.internal.impl.descriptors.runtime.structure.Java16SealedRecordLoader: loaded 3 times (x 73B)
Class kotlin.reflect.jvm.internal.impl.descriptors.impl.DeclarationDescriptorNonRootImpl: loaded 3 times (x 98B)
Class [Lkotlin.reflect.jvm.internal.impl.descriptors.annotations.Annotated;           : loaded 3 times (x 71B)
Class kotlin.reflect.jvm.internal.impl.types.TypeProjection                           : loaded 3 times (x 72B)
Class kotlin.reflect.jvm.internal.impl.types.TypeUtils                                : loaded 3 times (x 73B)
Class [Lkotlin.reflect.jvm.internal.impl.renderer.DescriptorRendererModifier;         : loaded 3 times (x 71B)
Class kotlin.reflect.jvm.internal.impl.types.TypeSubstitution$Companion$EMPTY$1       : loaded 3 times (x 79B)
Class kotlin.reflect.jvm.internal.impl.types.checker.KotlinTypeChecker$TypeConstructorEquality: loaded 3 times (x 72B)
Class kotlin.reflect.jvm.internal.impl.descriptors.DescriptorVisibilities$1           : loaded 3 times (x 78B)
Class kotlin.reflect.jvm.internal.impl.builtins.jvm.JvmBuiltIns$Kind                  : loaded 3 times (x 81B)
Class kotlin.reflect.jvm.internal.impl.metadata.jvm.JvmProtoBuf$JvmMethodSignature    : loaded 3 times (x 98B)
Class kotlin.reflect.jvm.internal.impl.metadata.ProtoBuf$Annotation$Argument$Value$Type$1: loaded 3 times (x 76B)
Class kotlin.reflect.jvm.internal.impl.metadata.ProtoBuf$Type$Argument$Projection     : loaded 3 times (x 84B)
Class [Lkotlin.reflect.jvm.internal.impl.types.Variance;                              : loaded 3 times (x 71B)
Class kotlin.reflect.jvm.internal.impl.serialization.deserialization.ProtoContainer$Class: loaded 3 times (x 75B)
Class [Lkotlin.reflect.jvm.internal.impl.descriptors.ClassifierDescriptor;            : loaded 3 times (x 71B)
Class kotlin.reflect.jvm.internal.impl.load.java.BuiltinSpecialPropertiesKt           : loaded 3 times (x 73B)
Class com.google.common.base.CharMatcher                                              : loaded 3 times (x 113B)
Class org.jetbrains.kotlin.build.report.metrics.BuildTimeMetric                       : loaded 3 times (x 74B)
Class org.jetbrains.kotlin.incremental.ClasspathSnapshotFiles                         : loaded 3 times (x 74B)
Class kotlin.reflect.jvm.internal.UtilKt                                              : loaded 3 times (x 73B)
Class org.objectweb.asm.Label                                                         : loaded 3 times (x 75B)
Class com.google.gson.stream.JsonReader                                               : loaded 3 times (x 99B)
Class com.google.common.base.Joiner$1                                                 : loaded 3 times (x 82B)
Class com.google.common.io.CharSink                                                   : loaded 3 times (x 81B)
Class com.google.common.collect.PeekingIterator                                       : loaded 3 times (x 72B)
Class kotlin.reflect.jvm.internal.impl.descriptors.impl.PackageViewDescriptorFactory$Default: loaded 3 times (x 76B)
Class kotlin.reflect.jvm.internal.impl.descriptors.FunctionDescriptor                 : loaded 3 times (x 72B)
Class kotlin.reflect.jvm.internal.impl.renderer.ParameterNameRenderingPolicy          : loaded 3 times (x 81B)
Class kotlin.reflect.jvm.internal.impl.renderer.RenderingUtilsKt                      : loaded 3 times (x 73B)
Class kotlin.reflect.jvm.internal.impl.types.AbstractTypeConstructor                  : loaded 3 times (x 98B)
Class kotlin.reflect.jvm.internal.impl.protobuf.WireFormat$JavaType                   : loaded 3 times (x 81B)
Class [Lkotlin.reflect.jvm.internal.impl.resolve.scopes.ResolutionScope;              : loaded 3 times (x 71B)
Class kotlin.reflect.jvm.internal.impl.serialization.deserialization.descriptors.DeserializedMemberDescriptor: loaded 3 times (x 72B)
Class kotlin.reflect.jvm.internal.impl.metadata.jvm.deserialization.JvmMemberSignature$Method: loaded 3 times (x 77B)
Class kotlin.reflect.jvm.internal.JvmFunctionSignature                                : loaded 3 times (x 74B)
Class org.jetbrains.kotlin.metadata.jvm.JvmProtoBuf$StringTableTypesOrBuilder         : loaded 3 times (x 72B)
Class kotlin.reflect.jvm.internal.impl.serialization.deserialization.descriptors.DeserializedClassConstructorDescriptor: loaded 3 times (x 230B)
Class org.jetbrains.kotlin.com.intellij.openapi.diagnostic.Attachment                 : loaded 3 times (x 74B)
Class com.google.common.base.Preconditions                                            : loaded 3 times (x 73B)
Class kotlin.reflect.jvm.internal.impl.load.java.BuiltinMethodsWithSpecialGenericSignature: loaded 3 times (x 73B)
Class kotlin.reflect.jvm.internal.impl.serialization.deserialization.descriptors.DeserializedSimpleFunctionDescriptor: loaded 3 times (x 213B)
Class com.google.common.collect.Hashing                                               : loaded 3 times (x 73B)
Class kotlin.concurrent.atomics.AtomicsKt                                             : loaded 3 times (x 73B)
Class com.google.common.base.Platform$JdkPatternCompiler                              : loaded 3 times (x 77B)
Class org.jetbrains.kotlin.descriptors.SourceElement$1                                : loaded 3 times (x 76B)
Class org.jetbrains.org.objectweb.asm.ClassReader                                     : loaded 3 times (x 95B)
Class [Lcom.google.common.collect.ImmutableMapEntry;                                  : loaded 3 times (x 71B)
Class org.jetbrains.kotlin.metadata.deserialization.Flags$EnumLiteFlagField           : loaded 3 times (x 78B)
Class org.jetbrains.kotlin.metadata.ProtoBuf$Type$Argument$1                          : loaded 3 times (x 146B)
Class kotlin.reflect.jvm.internal.impl.descriptors.impl.AbstractTypeParameterDescriptor$1: loaded 3 times (x 79B)
Class org.jetbrains.kotlin.descriptors.annotations.Annotated                          : loaded 3 times (x 72B)
Class com.google.common.base.Equivalence$Equals                                       : loaded 3 times (x 84B)
Class kotlin.reflect.jvm.internal.impl.serialization.deserialization.builtins.BuiltInsPackageFragmentImpl$Companion: loaded 3 times (x 73B)
Class com.google.common.base.PatternCompiler                                          : loaded 3 times (x 72B)
Class com.google.common.hash.PrimitiveSink                                            : loaded 3 times (x 72B)
Class kotlin.io.FileTreeWalk$FileTreeWalkIterator                                     : loaded 3 times (x 85B)
Class kotlin.reflect.full.KClasses                                                    : loaded 3 times (x 73B)
Class [Lkotlin.reflect.jvm.internal.impl.types.model.TypeParameterMarker;             : loaded 3 times (x 71B)
Class kotlin.reflect.jvm.internal.impl.storage.SimpleLock                             : loaded 3 times (x 72B)
Class kotlin.reflect.jvm.internal.impl.descriptors.runtime.structure.ReflectJavaElement: loaded 3 times (x 73B)
Class kotlin.reflect.jvm.internal.impl.load.kotlin.header.ReadKotlinClassHeaderAnnotationVisitor$KotlinMetadataArgumentVisitor$1: loaded 3 times (x 87B)
Class kotlin.reflect.jvm.internal.impl.descriptors.impl.DeclarationDescriptorVisitorEmptyBodies: loaded 3 times (x 103B)
Class kotlin.reflect.jvm.internal.impl.load.java.structure.JavaElement                : loaded 3 times (x 72B)
Class kotlin.reflect.jvm.internal.impl.metadata.ProtoBuf$EnumEntry                    : loaded 3 times (x 103B)
Class kotlin.reflect.jvm.internal.impl.metadata.ProtoBuf$Function$1                   : loaded 3 times (x 89B)
Class [Lkotlin.reflect.jvm.internal.impl.protobuf.WireFormat$FieldType;               : loaded 3 times (x 71B)
Class kotlin.reflect.jvm.internal.impl.load.kotlin.JavaFlexibleTypeDeserializer       : loaded 3 times (x 76B)
Class kotlin.reflect.jvm.internal.impl.types.TypeConstructorSubstitution              : loaded 3 times (x 80B)
Class com.google.common.base.CharMatcher$Is                                           : loaded 3 times (x 113B)
Class com.google.common.base.CharMatcher$Negated                                      : loaded 3 times (x 115B)
Class kotlin.reflect.jvm.internal.impl.metadata.deserialization.VersionRequirementTable$Companion: loaded 3 times (x 73B)
Class kotlin.reflect.jvm.internal.impl.protobuf.SmallSortedMap$Entry                  : loaded 3 times (x 90B)
Class com.google.common.collect.RegularImmutableBiMap                                 : loaded 3 times (x 150B)
Class kotlin.reflect.jvm.internal.impl.load.java.lazy.TypeParameterResolver           : loaded 3 times (x 72B)
Class kotlin.reflect.jvm.internal.impl.serialization.deserialization.ClassDataFinder  : loaded 3 times (x 72B)
Class kotlin.reflect.jvm.internal.impl.resolve.scopes.ResolutionScope                 : loaded 3 times (x 72B)
Class kotlin.reflect.jvm.internal.impl.storage.LockBasedStorageManager$LockBasedNotNullLazyValueWithPostCompute: loaded 3 times (x 87B)
Class kotlin.reflect.jvm.internal.impl.protobuf.ExtensionRegistryLite                 : loaded 3 times (x 75B)
Class kotlin.reflect.jvm.internal.impl.metadata.ProtoBuf$TypeParameterOrBuilder       : loaded 3 times (x 72B)
Class [Lkotlin.reflect.jvm.internal.impl.descriptors.ModuleDescriptor;                : loaded 3 times (x 71B)
Class kotlin.reflect.jvm.internal.impl.protobuf.WireFormat                            : loaded 3 times (x 73B)
Class kotlin.reflect.jvm.internal.impl.metadata.ProtoBuf$Modality                     : loaded 3 times (x 84B)
Class kotlin.reflect.jvm.internal.impl.load.java.typeEnhancement.NullabilityQualifier : loaded 3 times (x 81B)
Class com.google.common.collect.ListMultimap                                          : loaded 3 times (x 72B)
Class kotlin.reflect.jvm.internal.impl.types.TypeProjectionBase                       : loaded 3 times (x 83B)
Class kotlin.reflect.jvm.internal.impl.load.java.PropertiesConventionUtilKt           : loaded 3 times (x 73B)
Class kotlin.reflect.jvm.ReflectJvmMapping                                            : loaded 3 times (x 73B)
Class org.jetbrains.kotlin.build.report.metrics.COMPILE_ITERATION                     : loaded 3 times (x 74B)
Class kotlin.reflect.jvm.internal.impl.metadata.ProtoBuf$Package$1                    : loaded 3 times (x 89B)
Class kotlin.reflect.jvm.internal.impl.descriptors.DescriptorVisibilities$4           : loaded 3 times (x 78B)
Class [Lkotlin.reflect.jvm.internal.impl.descriptors.CallableMemberDescriptor$Kind;   : loaded 3 times (x 71B)
Class kotlin.reflect.jvm.internal.impl.types.checker.KotlinTypeRefinerKt              : loaded 3 times (x 73B)
Class kotlin.reflect.jvm.internal.impl.descriptors.ClassDescriptor                    : loaded 3 times (x 72B)
Class org.jetbrains.kotlin.metadata.ProtoBuf$Modality$1                               : loaded 3 times (x 76B)
Class org.jetbrains.kotlin.resolve.scopes.receivers.Receiver                          : loaded 3 times (x 72B)
Class org.gradle.kotlin.dsl.ImplementationConfigurationAccessorsKt                    : loaded 3 times (x 73B)
Class kotlin.reflect.jvm.internal.impl.renderer.DescriptorRendererImpl$RenderDeclarationDescriptorVisitor: loaded 3 times (x 89B)
Class kotlin.reflect.jvm.internal.impl.metadata.ProtoBuf$Annotation$Argument$Value$1  : loaded 3 times (x 89B)
Class kotlin.reflect.jvm.internal.impl.load.java.lazy.ContextKt                       : loaded 3 times (x 73B)
Class kotlin.reflect.jvm.internal.impl.load.java.structure.JavaClassifier             : loaded 3 times (x 72B)
Class kotlin.reflect.jvm.internal.impl.types.DefinitelyNotNullType                    : loaded 3 times (x 100B)
Class [Lorg.jetbrains.kotlin.config.LanguageOrApiVersion;                             : loaded 3 times (x 71B)
Class kotlin.reflect.jvm.internal.impl.load.kotlin.PackagePartProvider                : loaded 3 times (x 72B)
Class com.google.common.collect.ImmutableEnumMap                                      : loaded 3 times (x 128B)
Class kotlin.reflect.jvm.internal.impl.types.DescriptorSubstitutor                    : loaded 3 times (x 73B)
Class kotlin.io.FileTreeWalk$FileTreeWalkIterator$TopDownDirectoryState               : loaded 3 times (x 75B)
Class kotlin.TypeCastException                                                        : loaded 3 times (x 84B)
Class com.google.common.collect.ImmutableSet$Builder                                  : loaded 3 times (x 87B)
Class kotlin.reflect.jvm.internal.impl.load.java.typeEnhancement.TypeComponentPosition: loaded 3 times (x 81B)
Class kotlin.reflect.jvm.internal.impl.metadata.jvm.JvmProtoBuf$StringTableTypes$Record$Operation: loaded 3 times (x 84B)
Class kotlin.reflect.jvm.internal.impl.load.kotlin.header.ReadKotlinClassHeaderAnnotationVisitor$KotlinMetadataArgumentVisitor$2: loaded 3 times (x 87B)
Class com.google.common.collect.SetMultimap                                           : loaded 3 times (x 72B)
Class kotlin.reflect.jvm.internal.impl.builtins.jvm.JvmBuiltInClassDescriptorFactory$Companion: loaded 3 times (x 73B)
Class kotlin.reflect.jvm.internal.impl.metadata.jvm.JvmProtoBuf$JvmFieldSignature$1   : loaded 3 times (x 89B)
Class kotlin.reflect.jvm.internal.impl.descriptors.Visibility                         : loaded 3 times (x 77B)
Class org.jetbrains.kotlin.metadata.ProtoBuf$Type$Argument                            : loaded 3 times (x 112B)
Class kotlin.reflect.jvm.internal.impl.serialization.deserialization.ContractDeserializer$Companion$DEFAULT$1: loaded 3 times (x 76B)
Class kotlin.reflect.jvm.internal.impl.load.java.typeEnhancement.JavaTypeEnhancement  : loaded 3 times (x 74B)
Class com.google.common.collect.RegularImmutableMap$BucketOverflowException           : loaded 3 times (x 84B)
Class org.objectweb.asm.MethodWriter                                                  : loaded 3 times (x 107B)
Class org.jetbrains.kotlin.load.kotlin.FileBasedKotlinClass$InnerClassesInfo          : loaded 3 times (x 76B)
Class com.google.common.io.ByteStreams$LimitedInputStream                             : loaded 3 times (x 94B)
Class kotlin.reflect.jvm.internal.impl.types.checker.KotlinTypeRefiner$Default        : loaded 3 times (x 81B)
Class kotlin.reflect.jvm.internal.impl.resolve.constants.UShortValue                  : loaded 3 times (x 76B)
Class kotlin.reflect.jvm.internal.impl.resolve.scopes.MemberScopeImpl                 : loaded 3 times (x 94B)
Class kotlin.reflect.jvm.internal.impl.descriptors.impl.ClassConstructorDescriptorImpl: loaded 3 times (x 217B)
Class kotlin.reflect.jvm.internal.impl.load.java.lazy.descriptors.LazyJavaClassDescriptor$Companion: loaded 3 times (x 73B)
Class kotlin.reflect.jvm.internal.impl.types.DisjointKeysUnionTypeSubstitution$Companion: loaded 3 times (x 73B)
Class org.jetbrains.kotlin.compilerRunner.ArgumentsToStrings                          : loaded 3 times (x 73B)
Class com.google.common.collect.Iterators$EmptyModifiableIterator                     : loaded 3 times (x 88B)
Class org.jetbrains.kotlin.cli.common.ExitCode                                        : loaded 3 times (x 81B)
Class org.jetbrains.kotlin.build.report.metrics.SNAPSHOT_CLASSES                      : loaded 3 times (x 74B)
Class org.jetbrains.kotlin.build.report.metrics.SNAPSHOT_KOTLIN_CLASSES               : loaded 3 times (x 74B)
Class org.jetbrains.org.objectweb.asm.RecordComponentVisitor                          : loaded 3 times (x 79B)
Class com.google.common.base.CharMatcher$InRange                                      : loaded 3 times (x 113B)
Class kotlin.reflect.jvm.internal.calls.CallerImpl                                    : loaded 3 times (x 83B)
Class org.jetbrains.kotlin.cli.common.arguments.ManualLanguageFeatureSetting          : loaded 3 times (x 74B)
Class kotlin.reflect.jvm.internal.impl.descriptors.impl.AbstractTypeParameterDescriptor$2: loaded 3 times (x 79B)
Class kotlin.reflect.jvm.internal.impl.serialization.deserialization.descriptors.DeserializedTypeParameterDescriptor: loaded 3 times (x 126B)
Class kotlin.reflect.jvm.internal.impl.types.FlexibleType                             : loaded 3 times (x 91B)
Class kotlin.reflect.jvm.internal.impl.descriptors.annotations.Annotations$Companion  : loaded 3 times (x 73B)
Class kotlin.reflect.jvm.internal.impl.load.kotlin.DeserializationComponentsForJavaKt$makeLazyJavaPackageFragmentProvider$javaResolverComponents$1: loaded 3 times (x 76B)
Class kotlin.reflect.jvm.internal.impl.descriptors.SourceElement$1                    : loaded 3 times (x 76B)
Class kotlin.reflect.jvm.internal.impl.renderer.DescriptorRendererModifier$Companion  : loaded 3 times (x 73B)
Class kotlin.reflect.jvm.internal.impl.descriptors.DescriptorVisibilities$12          : loaded 3 times (x 76B)
Class kotlin.reflect.jvm.internal.impl.resolve.scopes.LazyScopeAdapter                : loaded 3 times (x 96B)
Class kotlin.reflect.jvm.internal.impl.load.java.lazy.descriptors.LazyJavaPackageScope$FindClassRequest: loaded 3 times (x 74B)
Class kotlin.reflect.jvm.internal.impl.metadata.builtins.BuiltInsBinaryVersion$Companion: loaded 3 times (x 73B)
Class kotlin.reflect.jvm.internal.impl.descriptors.java.JavaVisibilities$PackageVisibility: loaded 3 times (x 77B)
Class org.jetbrains.kotlin.build.report.metrics.LOAD_CONTENTS_OF_CLASSES              : loaded 3 times (x 74B)
Class org.objectweb.asm.AnnotationVisitor                                             : loaded 3 times (x 80B)
Class org.jetbrains.kotlin.protobuf.CodedOutputStream$ByteBufferOutputStream          : loaded 3 times (x 88B)
Class [Lkotlin.reflect.jvm.internal.impl.metadata.ProtoBuf$QualifiedNameTable$QualifiedName$Kind;: loaded 3 times (x 71B)
Class com.google.common.collect.ImmutableSet$RegularSetBuilderImpl                    : loaded 3 times (x 78B)
Class kotlin.reflect.jvm.internal.impl.serialization.deserialization.descriptors.DeserializedMemberScope: loaded 3 times (x 104B)
Class [Lkotlin.reflect.jvm.internal.impl.metadata.ProtoBuf$Class$Kind;                : loaded 3 times (x 71B)
Class kotlin.reflect.jvm.internal.impl.resolve.scopes.AbstractScopeAdapter            : loaded 3 times (x 95B)
Class kotlin.reflect.jvm.internal.impl.metadata.builtins.BuiltInsProtoBuf             : loaded 3 times (x 73B)
Class kotlin.reflect.jvm.internal.impl.storage.CacheWithNullableValues                : loaded 3 times (x 72B)
Class com.google.common.base.Splitter                                                 : loaded 3 times (x 74B)
Class com.google.common.collect.Sets$1                                                : loaded 3 times (x 141B)
Class kotlin.reflect.jvm.internal.impl.storage.SimpleLock$Companion                   : loaded 3 times (x 73B)
Class kotlin.reflect.jvm.internal.impl.builtins.ReflectionTypes                       : loaded 3 times (x 74B)
Class kotlin.reflect.jvm.internal.impl.resolve.constants.ByteValue                    : loaded 3 times (x 76B)
Class kotlin.reflect.jvm.internal.impl.resolve.constants.LongValue                    : loaded 3 times (x 76B)
Class org.jetbrains.kotlin.protobuf.WireFormat                                        : loaded 3 times (x 73B)
Class kotlin.reflect.jvm.internal.impl.protobuf.ExtensionRegistryLite$ObjectIntPair   : loaded 3 times (x 74B)
Class kotlin.reflect.jvm.internal.impl.metadata.ProtoBuf$TypeParameter$Variance$1     : loaded 3 times (x 76B)
Class kotlin.reflect.jvm.internal.impl.descriptors.impl.ModuleAwareClassDescriptor$Companion: loaded 3 times (x 73B)
Class kotlin.reflect.jvm.internal.impl.renderer.DescriptorRenderer                    : loaded 3 times (x 80B)
Class kotlin.reflect.jvm.internal.impl.resolve.ExternalOverridabilityCondition        : loaded 3 times (x 72B)
Class org.jetbrains.org.objectweb.asm.Attribute                                       : loaded 3 times (x 79B)
Class kotlin.reflect.jvm.internal.impl.types.UnwrappedType                            : loaded 3 times (x 86B)
Class org.jetbrains.org.objectweb.asm.Label                                           : loaded 3 times (x 75B)
Class org.jetbrains.kotlin.metadata.jvm.deserialization.BitEncoding                   : loaded 3 times (x 73B)
Class org.jetbrains.kotlin.metadata.jvm.deserialization.JvmNameResolverBase$WhenMappings: loaded 3 times (x 73B)
Class org.jetbrains.kotlin.descriptors.Visibilities$Local                             : loaded 3 times (x 81B)
Class com.google.common.collect.ImmutableMapKeySet                                    : loaded 3 times (x 154B)
Class kotlin.reflect.jvm.internal.impl.storage.LockBasedStorageManager                : loaded 3 times (x 97B)
Class kotlin.reflect.jvm.internal.impl.descriptors.DeclarationDescriptor              : loaded 3 times (x 72B)
Class kotlin.reflect.jvm.internal.impl.load.java.AnnotationTypeQualifierResolver      : loaded 3 times (x 74B)
Class kotlin.reflect.jvm.internal.impl.storage.LockBasedStorageManager$CacheWithNullableValuesBasedOnMemoizedFunction$1: loaded 3 times (x 78B)
Class kotlin.reflect.jvm.internal.impl.descriptors.DescriptorVisibilities$11          : loaded 3 times (x 76B)
Class kotlin.reflect.jvm.internal.impl.types.TypeSubstitution$replaceWithNonApproximating$1: loaded 3 times (x 80B)
Class [Lkotlin.reflect.jvm.internal.impl.load.java.SpecialGenericSignatures$TypeSafeBarrierDescription;: loaded 3 times (x 71B)
Class kotlin.reflect.jvm.internal.impl.descriptors.ClassOrPackageFragmentDescriptor   : loaded 3 times (x 72B)
Class kotlin.reflect.jvm.internal.impl.util.ModuleVisibilityHelper                    : loaded 3 times (x 72B)
Class kotlin.reflect.jvm.internal.impl.protobuf.AbstractParser                        : loaded 3 times (x 89B)
Class kotlin.reflect.jvm.internal.impl.serialization.deserialization.ProtoEnumFlagsUtilsKt$WhenMappings: loaded 3 times (x 73B)
Class kotlin.reflect.jvm.internal.impl.descriptors.ScopesHolderForClass               : loaded 3 times (x 74B)
Class kotlin.reflect.jvm.internal.impl.load.java.typeEnhancement.TypeEnhancementUtilsKt: loaded 3 times (x 73B)
Class com.google.common.io.CharSource$ConcatenatedCharSource                          : loaded 3 times (x 88B)
Class org.jetbrains.kotlin.metadata.ProtoBuf$VersionRequirementTable$1                : loaded 3 times (x 146B)
Class org.jetbrains.kotlin.metadata.ProtoBuf$Contract                                 : loaded 3 times (x 109B)
Class kotlin.reflect.jvm.internal.impl.descriptors.impl.AbstractTypeParameterDescriptor: loaded 3 times (x 125B)
Class kotlin.reflect.jvm.internal.impl.descriptors.DescriptorVisibilities$10          : loaded 3 times (x 76B)
Class [Lorg.jetbrains.kotlin.cli.common.arguments.Enables;                            : loaded 3 times (x 71B)
Class kotlin.reflect.jvm.internal.impl.resolve.scopes.SubstitutingScope               : loaded 3 times (x 87B)
Class kotlin.reflect.jvm.internal.impl.metadata.ProtoBuf$TypeTableOrBuilder           : loaded 3 times (x 72B)
Class kotlin.reflect.jvm.internal.impl.resolve.jvm.JavaDescriptorResolver             : loaded 3 times (x 74B)
Class kotlin.reflect.jvm.internal.impl.load.java.lazy.descriptors.ClassDeclaredMemberIndex: loaded 3 times (x 88B)
Class kotlin.reflect.jvm.internal.FunctionWithAllInvokes                              : loaded 3 times (x 72B)
Class kotlin.reflect.jvm.internal.impl.resolve.OverridingUtil$7                       : loaded 3 times (x 77B)
Class com.google.common.collect.MapMakerInternalMap$Strength$1                        : loaded 3 times (x 82B)
Class kotlin.reflect.jvm.internal.KProperty1Impl$Getter                               : loaded 3 times (x 132B)
Class kotlin.reflect.jvm.internal.impl.metadata.jvm.JvmProtoBuf$JvmPropertySignature  : loaded 3 times (x 98B)
Class org.jetbrains.kotlin.metadata.ProtoBuf$Modality                                 : loaded 3 times (x 84B)
Class org.jetbrains.kotlin.metadata.jvm.JvmProtoBuf$JvmFieldSignature                 : loaded 3 times (x 110B)
Class org.jetbrains.kotlin.protobuf.ExtensionRegistryLite                             : loaded 3 times (x 76B)
Class kotlin.reflect.jvm.internal.impl.metadata.ProtoBuf$FunctionOrBuilder            : loaded 3 times (x 72B)
Class kotlin.reflect.jvm.internal.impl.descriptors.DescriptorVisibilities$5           : loaded 3 times (x 78B)
Class kotlin.reflect.jvm.internal.impl.descriptors.Visibilities$PrivateToThis         : loaded 3 times (x 77B)
Class com.google.common.io.Files                                                      : loaded 3 times (x 73B)
Class kotlin.reflect.jvm.internal.impl.builtins.ReflectionTypes$ClassLookup           : loaded 3 times (x 73B)
Class org.jetbrains.kotlin.metadata.jvm.JvmProtoBuf$JvmPropertySignature$Builder      : loaded 3 times (x 142B)
Class kotlin.reflect.jvm.internal.impl.descriptors.SupertypeLoopChecker               : loaded 3 times (x 72B)
Class kotlin.reflect.jvm.internal.impl.resolve.sam.SamConversionResolverImpl          : loaded 3 times (x 74B)
Class com.google.common.io.ByteStreams$1                                              : loaded 3 times (x 87B)
Class com.google.common.collect.Sets$2                                                : loaded 3 times (x 141B)
Class kotlin.reflect.jvm.internal.impl.storage.NullableLazyValue                      : loaded 3 times (x 72B)
Class kotlin.reflect.jvm.internal.impl.types.model.TypeArgumentListMarker             : loaded 3 times (x 72B)
Class kotlin.reflect.jvm.internal.impl.load.java.JavaNullabilityAnnotationsStatus$Companion: loaded 3 times (x 73B)
Class kotlin.reflect.jvm.internal.impl.renderer.ClassifierNamePolicy                  : loaded 3 times (x 72B)
Class kotlin.reflect.jvm.internal.impl.descriptors.impl.ModuleAwareClassDescriptorKt  : loaded 3 times (x 73B)
Class kotlin.reflect.jvm.internal.impl.types.IntersectionTypeConstructor              : loaded 3 times (x 84B)
Class [Lkotlin.reflect.jvm.internal.impl.load.java.typeEnhancement.MutabilityQualifier;: loaded 3 times (x 71B)
Class kotlin.reflect.jvm.internal.impl.descriptors.Visibilities$Private               : loaded 3 times (x 77B)
Class kotlin.reflect.jvm.internal.impl.protobuf.ByteString$Output                     : loaded 3 times (x 88B)
Class kotlin.reflect.jvm.internal.impl.serialization.deserialization.descriptors.DeserializedClassDescriptor$memberScopeHolder$1: loaded 3 times (x 131B)
Class kotlin.reflect.jvm.internal.impl.descriptors.DeserializedDescriptor             : loaded 3 times (x 72B)
Class kotlin.reflect.jvm.internal.impl.resolve.ResolutionAnchorProviderKt             : loaded 3 times (x 73B)
Class kotlin.reflect.jvm.internal.impl.metadata.ProtoBuf$VersionRequirementTable$1    : loaded 3 times (x 89B)
Class kotlin.reflect.jvm.internal.impl.protobuf.FieldSet$FieldDescriptorLite          : loaded 3 times (x 72B)
Class kotlin.reflect.jvm.internal.impl.load.java.lazy.types.JavaTypeAttributes        : loaded 3 times (x 74B)
Class kotlin.reflect.jvm.internal.impl.types.checker.KotlinTypePreparator$Default     : loaded 3 times (x 75B)
Class kotlin.reflect.jvm.internal.impl.load.java.lazy.LazyJavaAnnotationsKt           : loaded 3 times (x 73B)
Class kotlin.reflect.jvm.internal.impl.metadata.ProtoBuf$Type$Argument                : loaded 3 times (x 98B)
Class kotlin.reflect.jvm.internal.impl.serialization.deserialization.DeserializationContext: loaded 3 times (x 74B)
Class kotlin.reflect.jvm.internal.impl.load.java.lazy.descriptors.LazyJavaClassDescriptor: loaded 3 times (x 179B)
Class kotlin.reflect.jvm.internal.impl.metadata.ProtoBuf$StringTableOrBuilder         : loaded 3 times (x 72B)
Class kotlin.reflect.jvm.internal.impl.descriptors.runtime.structure.ReflectJavaAnnotationOwnerKt: loaded 3 times (x 73B)
Class [Lkotlin.reflect.jvm.internal.impl.load.java.typeEnhancement.NullabilityQualifier;: loaded 3 times (x 71B)
Class kotlin.reflect.jvm.internal.impl.types.TypeSubstitutor$SubstitutionException    : loaded 3 times (x 84B)
Class kotlin.reflect.jvm.internal.impl.descriptors.impl.PropertyDescriptorImpl$CopyConfiguration: loaded 3 times (x 84B)
Class com.google.common.collect.SortedMapDifference                                   : loaded 3 times (x 72B)
Class org.jetbrains.kotlin.descriptors.Visibility                                     : loaded 3 times (x 81B)
Class org.jetbrains.kotlin.protobuf.ByteString$Output                                 : loaded 3 times (x 88B)
Class org.objectweb.asm.ClassVisitor                                                  : loaded 3 times (x 90B)
Class com.google.common.collect.UnmodifiableListIterator                              : loaded 3 times (x 97B)
Class org.jetbrains.org.objectweb.asm.Context                                         : loaded 3 times (x 74B)
Class org.jetbrains.kotlin.metadata.ProtoBuf$Type$Argument$Projection                 : loaded 3 times (x 84B)
Class [Lcom.google.common.collect.MapMakerInternalMap$Strength;                       : loaded 3 times (x 71B)
Class [Lcom.google.common.io.FileWriteMode;                                           : loaded 3 times (x 71B)
Class kotlin.reflect.jvm.internal.impl.descriptors.DeclarationDescriptorWithSource    : loaded 3 times (x 72B)
Class kotlin.reflect.jvm.internal.impl.types.checker.KotlinTypeRefiner                : loaded 3 times (x 81B)
Class org.jetbrains.kotlin.metadata.jvm.deserialization.JvmNameResolverBase$Companion : loaded 3 times (x 73B)
Class org.jetbrains.kotlin.load.java.JvmAnnotationNames                               : loaded 3 times (x 73B)
Class [Lkotlin.reflect.jvm.internal.impl.metadata.ProtoBuf$TypeParameter$Variance;    : loaded 3 times (x 71B)
Class org.jetbrains.kotlin.protobuf.RopeByteString$RopeInputStream                    : loaded 3 times (x 94B)
Class kotlin.reflect.jvm.internal.impl.descriptors.ScopesHolderForClass$Companion     : loaded 3 times (x 73B)
Class kotlin.reflect.jvm.internal.impl.load.java.structure.JavaNamedElement           : loaded 3 times (x 72B)
Class kotlin.reflect.jvm.internal.impl.metadata.ProtoBuf$PackageFragmentOrBuilder     : loaded 3 times (x 72B)
Class kotlin.reflect.jvm.internal.impl.metadata.ProtoBuf$Annotation$Builder           : loaded 3 times (x 93B)
Class kotlin.reflect.jvm.internal.impl.types.TypeConstructorSubstitution$Companion    : loaded 3 times (x 73B)
Class org.jetbrains.kotlin.protobuf.CodedInputStream                                  : loaded 3 times (x 74B)
Class kotlin.reflect.jvm.internal.impl.resolve.InlineClassesUtilsKt                   : loaded 3 times (x 73B)
Class com.google.common.collect.CollectPreconditions                                  : loaded 3 times (x 73B)
Class com.google.common.collect.MapMakerInternalMap$Strength$2                        : loaded 3 times (x 82B)
Class kotlin.reflect.jvm.internal.impl.protobuf.UnmodifiableLazyStringList            : loaded 3 times (x 260B)
Class kotlin.reflect.jvm.internal.impl.storage.LockBasedStorageManager$4              : loaded 3 times (x 86B)
Class org.jetbrains.kotlin.metadata.deserialization.BinaryVersion                     : loaded 3 times (x 76B)
Class com.google.common.io.CharSource$EmptyCharSource                                 : loaded 3 times (x 88B)
Class org.jetbrains.kotlin.metadata.ProtoBuf$MemberKind                               : loaded 3 times (x 84B)
Class kotlin.reflect.jvm.internal.impl.descriptors.DescriptorVisibilities$6           : loaded 3 times (x 78B)
Class kotlin.reflect.jvm.internal.impl.storage.EmptySimpleLock                        : loaded 3 times (x 77B)
Class kotlin.reflect.jvm.internal.impl.descriptors.DeclarationDescriptorWithVisibility: loaded 3 times (x 72B)
Class kotlin.reflect.jvm.internal.impl.renderer.RenderingFormat$HTML                  : loaded 3 times (x 82B)
Class org.jetbrains.kotlin.config.LanguageVersion$Companion                           : loaded 3 times (x 73B)
Class kotlin.reflect.jvm.internal.impl.descriptors.DeclarationDescriptorVisitor       : loaded 3 times (x 72B)
Class kotlin.reflect.jvm.internal.impl.renderer.DescriptorRenderer$ValueParametersHandler$DEFAULT: loaded 3 times (x 79B)
Class com.google.common.base.AbstractIterator$State                                   : loaded 3 times (x 81B)
Class com.google.common.collect.Sets$3                                                : loaded 3 times (x 141B)
Class kotlin.reflect.jvm.internal.impl.types.model.TypeArgumentMarker                 : loaded 3 times (x 72B)
Class kotlin.reflect.jvm.internal.impl.load.java.components.JavaResolverCache$1       : loaded 3 times (x 80B)
Class [Lkotlin.reflect.jvm.internal.impl.protobuf.WireFormat$JavaType;                : loaded 3 times (x 71B)
Class kotlin.reflect.jvm.internal.impl.load.java.SpecialGenericSignatures$TypeSafeBarrierDescription: loaded 3 times (x 81B)
Class kotlin.reflect.jvm.internal.impl.types.model.TypeSystemCommonSuperTypesContext  : loaded 3 times (x 72B)
Class kotlin.reflect.jvm.internal.impl.load.java.structure.LightClassOriginKind       : loaded 3 times (x 81B)
Class kotlin.reflect.jvm.internal.impl.serialization.SerializerExtensionProtocol      : loaded 3 times (x 74B)
Class kotlin.reflect.jvm.internal.impl.load.java.structure.JavaAnnotationOwner        : loaded 3 times (x 72B)
Class kotlin.reflect.jvm.internal.impl.builtins.KotlinBuiltIns                        : loaded 3 times (x 115B)
Class kotlin.reflect.jvm.internal.impl.descriptors.runtime.components.ReflectJavaClassFinder: loaded 3 times (x 79B)
Class kotlin.reflect.jvm.internal.impl.load.kotlin.KotlinJvmBinaryClass$AnnotationArrayArgumentVisitor: loaded 3 times (x 72B)
Class kotlin.reflect.jvm.internal.impl.serialization.deserialization.descriptors.DeserializedClassDescriptor: loaded 3 times (x 178B)
Class kotlin.reflect.jvm.internal.impl.descriptors.runtime.structure.ReflectJavaClassifierType: loaded 3 times (x 94B)
Class kotlin.reflect.jvm.internal.impl.storage.CacheWithNotNullValues                 : loaded 3 times (x 72B)
Class org.jetbrains.kotlin.mpp.DeclarationSymbolMarker                                : loaded 3 times (x 72B)
Class org.jetbrains.kotlin.config.LanguageVersion                                     : loaded 3 times (x 92B)
Class org.jetbrains.kotlin.protobuf.MessageLite$Builder                               : loaded 3 times (x 72B)
Class kotlin.reflect.jvm.internal.impl.types.TypeSystemCommonBackendContext           : loaded 3 times (x 72B)
Class kotlin.reflect.jvm.internal.impl.load.java.typeEnhancement.MutabilityQualifier  : loaded 3 times (x 81B)
Class kotlin.reflect.jvm.internal.impl.descriptors.runtime.structure.ReflectJavaAnnotationOwner: loaded 3 times (x 72B)
Class org.jetbrains.kotlin.protobuf.RopeByteString                                    : loaded 3 times (x 112B)
Class com.google.common.collect.ImmutableEntry                                        : loaded 3 times (x 84B)
Class [Lcom.google.common.collect.AbstractMapEntry;                                   : loaded 3 times (x 71B)
Class kotlin.reflect.jvm.internal.impl.protobuf.UninitializedMessageException         : loaded 3 times (x 85B)
Class org.jetbrains.kotlin.metadata.jvm.deserialization.JvmNameResolverBase           : loaded 3 times (x 82B)
Class com.google.common.collect.ArrayListMultimap                                     : loaded 3 times (x 173B)
Class kotlin.reflect.jvm.internal.impl.renderer.DescriptorRendererOptionsImpl$property$$inlined$vetoable$1: loaded 3 times (x 85B)
Class kotlin.reflect.jvm.internal.impl.descriptors.ValueDescriptor                    : loaded 3 times (x 72B)
Class kotlin.reflect.jvm.internal.impl.metadata.jvm.JvmProtoBuf$JvmPropertySignatureOrBuilder: loaded 3 times (x 72B)
Class kotlin.reflect.jvm.internal.JvmFunctionSignature$KotlinConstructor              : loaded 3 times (x 75B)
Class com.google.common.io.ByteArrayDataInput                                         : loaded 3 times (x 72B)
Class kotlin.io.FileTreeWalk$WalkState                                                : loaded 3 times (x 75B)
Class com.google.common.base.CharMatcher$NegatedFastMatcher                           : loaded 3 times (x 115B)
Class kotlin.reflect.jvm.internal.impl.serialization.deserialization.builtins.BuiltInSerializerProtocol: loaded 3 times (x 74B)
Class kotlin.reflect.jvm.internal.impl.metadata.ProtoBuf$TypeOrBuilder                : loaded 3 times (x 72B)
Class com.google.common.collect.MapMakerInternalMap$StrongValueEntry                  : loaded 3 times (x 72B)
Class kotlin.reflect.jvm.internal.impl.descriptors.Visibilities$InvisibleFake         : loaded 3 times (x 77B)
Class [Lorg.jetbrains.org.objectweb.asm.Attribute;                                    : loaded 3 times (x 71B)
Class [Lorg.jetbrains.kotlin.protobuf.WireFormat$JavaType;                            : loaded 3 times (x 71B)
Class org.jetbrains.kotlin.protobuf.Internal$EnumLite                                 : loaded 3 times (x 72B)
Class kotlin.reflect.jvm.internal.impl.descriptors.DescriptorVisibilities$7           : loaded 3 times (x 78B)
Class kotlin.reflect.jvm.internal.impl.storage.LockBasedStorageManager$5              : loaded 3 times (x 87B)
Class com.google.common.collect.MapMakerInternalMap$WeakValueReference                : loaded 3 times (x 72B)
Class com.google.common.collect.Sets$4                                                : loaded 3 times (x 141B)
Class org.jetbrains.kotlin.serialization.deserialization.ProtoEnumFlags               : loaded 3 times (x 73B)
Class kotlin.reflect.jvm.internal.impl.load.kotlin.BinaryClassAnnotationAndConstantLoaderImpl: loaded 3 times (x 101B)
Class kotlin.reflect.jvm.internal.calls.CallerImpl$Constructor                        : loaded 3 times (x 83B)
Class kotlin.reflect.jvm.internal.impl.descriptors.impl.FunctionDescriptorImpl$CopyConfiguration: loaded 3 times (x 139B)
Class kotlin.reflect.jvm.internal.impl.load.java.descriptors.JavaMethodDescriptor     : loaded 3 times (x 208B)
Class kotlin.reflect.jvm.internal.impl.serialization.deserialization.ProtoBasedClassDataFinder: loaded 3 times (x 77B)
Class kotlin.reflect.jvm.internal.impl.metadata.ProtoBuf$Annotation$ArgumentOrBuilder : loaded 3 times (x 72B)
Class kotlin.reflect.jvm.internal.impl.resolve.scopes.DescriptorKindFilter            : loaded 3 times (x 74B)
Class [Lkotlin.reflect.jvm.internal.impl.metadata.jvm.JvmProtoBuf$StringTableTypes$Record$Operation;: loaded 3 times (x 71B)
Class kotlin.reflect.jvm.internal.impl.load.java.lazy.descriptors.LazyJavaPackageScope: loaded 3 times (x 106B)
Class kotlin.reflect.jvm.internal.impl.load.java.lazy.descriptors.LazyJavaStaticScope : loaded 3 times (x 106B)
Class [Lkotlin.reflect.jvm.internal.impl.descriptors.deserialization.ClassDescriptorFactory;: loaded 3 times (x 71B)
Class [Lkotlin.reflect.jvm.internal.impl.descriptors.ClassKind;                       : loaded 3 times (x 71B)
Class kotlin.reflect.jvm.internal.impl.descriptors.PackageViewDescriptor              : loaded 3 times (x 72B)
Class kotlin.reflect.jvm.internal.impl.types.TypeSubstitution$Companion               : loaded 3 times (x 73B)
Class kotlin.reflect.jvm.internal.impl.load.java.lazy.TypeParameterResolver$EMPTY     : loaded 3 times (x 76B)
Class kotlin.reflect.jvm.internal.impl.types.KotlinType                               : loaded 3 times (x 83B)
Class kotlin.reflect.jvm.internal.impl.resolve.constants.UByteValue                   : loaded 3 times (x 76B)
Class kotlin.reflect.jvm.internal.impl.resolve.constants.ULongValue                   : loaded 3 times (x 76B)
Class kotlin.reflect.jvm.internal.impl.descriptors.VariableDescriptorWithAccessors    : loaded 3 times (x 72B)
Class kotlin.reflect.jvm.internal.impl.load.java.lazy.descriptors.LazyJavaPackageScope$KotlinClassLookupResult$SyntheticClass: loaded 3 times (x 73B)
Class kotlin.reflect.jvm.internal.impl.types.KotlinTypeKt                             : loaded 3 times (x 73B)
Class kotlin.reflect.jvm.internal.impl.load.java.JavaDescriptorVisibilities           : loaded 3 times (x 73B)
Class kotlin.reflect.jvm.internal.KPropertyImpl$Getter                                : loaded 3 times (x 127B)
Class kotlin.reflect.jvm.internal.impl.builtins.jvm.JavaToKotlinClassMapper           : loaded 3 times (x 73B)
Class kotlin.reflect.jvm.internal.impl.load.java.components.JavaPropertyInitializerEvaluator: loaded 3 times (x 72B)
Class com.google.common.collect.ImmutableMap                                          : loaded 3 times (x 122B)
Class com.google.common.base.Predicate                                                : loaded 3 times (x 72B)
Class kotlin.reflect.jvm.internal.impl.load.java.JavaNullabilityAnnotationSettingsKt  : loaded 3 times (x 73B)
Class [Lorg.jetbrains.kotlin.load.kotlin.header.KotlinClassHeader$Kind;               : loaded 3 times (x 71B)
Class [Lorg.jetbrains.kotlin.metadata.jvm.JvmProtoBuf$StringTableTypes$Record$Operation;: loaded 3 times (x 71B)
Class kotlin.reflect.jvm.internal.impl.renderer.ClassifierNamePolicy$FULLY_QUALIFIED  : loaded 3 times (x 76B)
Class kotlin.reflect.jvm.internal.impl.resolve.descriptorUtil.DescriptorUtilsKt       : loaded 3 times (x 73B)
Class kotlin.reflect.jvm.internal.impl.protobuf.SmallSortedMap$1                      : loaded 3 times (x 130B)
Class [Lkotlin.reflect.jvm.internal.impl.serialization.deserialization.descriptors.DeserializedContainerAbiStability;: loaded 3 times (x 71B)
Class kotlin.reflect.jvm.internal.impl.metadata.ProtoBuf$MemberKind                   : loaded 3 times (x 84B)
Class kotlin.reflect.jvm.internal.impl.load.java.lazy.descriptors.LazyJavaPackageScope$KotlinClassLookupResult$Found: loaded 3 times (x 74B)
Class kotlin.reflect.jvm.internal.impl.load.java.lazy.descriptors.LazyJavaStaticClassScope: loaded 3 times (x 106B)
Class kotlin.reflect.jvm.internal.impl.metadata.builtins.BuiltInsBinaryVersion        : loaded 3 times (x 74B)
Class kotlin.reflect.jvm.internal.impl.protobuf.Utf8                                  : loaded 3 times (x 73B)
Class com.google.common.collect.Sets                                                  : loaded 3 times (x 73B)
Class kotlin.reflect.jvm.internal.impl.load.java.lazy.SingleModuleClassResolver       : loaded 3 times (x 77B)
Class com.google.common.base.CharMatcher$FastMatcher                                  : loaded 3 times (x 113B)
Class kotlin.reflect.jvm.internal.impl.serialization.deserialization.KotlinMetadataFinder: loaded 3 times (x 72B)
Class kotlin.reflect.jvm.internal.impl.protobuf.InvalidProtocolBufferException        : loaded 3 times (x 86B)
Class [Lkotlin.reflect.jvm.internal.impl.descriptors.impl.ModuleDescriptorImpl;       : loaded 3 times (x 71B)
Class org.jetbrains.kotlin.metadata.ProtoBuf$Annotation                               : loaded 3 times (x 111B)
Class org.jetbrains.kotlin.protobuf.CodedOutputStream                                 : loaded 3 times (x 74B)
Class com.google.common.collect.MapMakerInternalMap                                   : loaded 3 times (x 162B)
Class [Lkotlin.reflect.jvm.internal.impl.incremental.components.LookupLocation;       : loaded 3 times (x 71B)
Class com.google.common.base.Strings                                                  : loaded 3 times (x 73B)
Class com.google.common.collect.HashBiMap                                             : loaded 3 times (x 144B)
Class Settings_gradle                                                                 : loaded 3 times (x 126B)
Class org.jetbrains.kotlin.metadata.jvm.JvmProtoBuf$JvmPropertySignatureOrBuilder     : loaded 3 times (x 72B)
Class org.jetbrains.kotlin.protobuf.GeneratedMessageLite$ExtendableMessage            : loaded 3 times (x 115B)
Class kotlin.reflect.jvm.internal.impl.load.kotlin.DeserializationComponentsForJava   : loaded 3 times (x 74B)
Class kotlin.reflect.jvm.internal.impl.descriptors.runtime.components.ReflectKotlinClassKt: loaded 3 times (x 73B)
Class kotlin.reflect.jvm.internal.impl.protobuf.GeneratedMessageLite$GeneratedExtension: loaded 3 times (x 80B)
Class kotlin.reflect.jvm.internal.impl.metadata.ProtoBuf$AnnotationOrBuilder          : loaded 3 times (x 72B)
Class kotlin.reflect.jvm.internal.impl.builtins.functions.BuiltInFictitiousFunctionClassFactory: loaded 3 times (x 79B)
Class kotlin.reflect.jvm.internal.impl.metadata.ProtoBuf$Type$ArgumentOrBuilder       : loaded 3 times (x 72B)
Class kotlin.reflect.jvm.internal.impl.resolve.scopes.ResolutionScope$DefaultImpls    : loaded 3 times (x 73B)
Class [Lkotlin.reflect.jvm.internal.impl.serialization.deserialization.AnnotatedCallableKind;: loaded 3 times (x 71B)
Class kotlin.reflect.jvm.internal.impl.protobuf.BoundedByteString                     : loaded 3 times (x 104B)
Class org.jetbrains.kotlin.cli.common.messages.CompilerMessageSeverity                : loaded 3 times (x 81B)
Class kotlin.reflect.jvm.internal.impl.resolve.OverridingUtil$6                       : loaded 3 times (x 76B)
Class kotlin.reflect.jvm.internal.impl.descriptors.impl.PackageViewDescriptorFactory$Companion: loaded 3 times (x 73B)
Class kotlin.reflect.jvm.internal.calls.CallerImpl$Method                             : loaded 3 times (x 83B)
Class kotlin.reflect.jvm.internal.impl.types.RawType                                  : loaded 3 times (x 72B)
Class com.google.common.io.ByteSource$SlicedByteSource                                : loaded 3 times (x 87B)
Class kotlin.reflect.jvm.internal.impl.metadata.jvm.deserialization.BitEncoding       : loaded 3 times (x 73B)
Class com.google.common.io.CharSource$AsByteSource                                    : loaded 3 times (x 87B)
Class kotlin.reflect.jvm.internal.impl.serialization.deserialization.ErrorReporter$1  : loaded 3 times (x 77B)
Class kotlin.reflect.jvm.internal.impl.protobuf.Internal$EnumLiteMap                  : loaded 3 times (x 72B)
Class kotlin.reflect.jvm.internal.impl.metadata.ProtoBuf$Constructor$1                : loaded 3 times (x 89B)
Class kotlin.reflect.jvm.internal.impl.protobuf.GeneratedMessageLite                  : loaded 3 times (x 95B)
Class kotlin.reflect.jvm.internal.impl.load.java.components.JavaResolverCache         : loaded 3 times (x 72B)
Class kotlin.reflect.jvm.internal.impl.renderer.ExcludedTypeAnnotations               : loaded 3 times (x 73B)
Class kotlin.reflect.jvm.internal.impl.serialization.deserialization.DeserializationConfiguration$Default: loaded 3 times (x 81B)
Class kotlin.reflect.jvm.internal.impl.load.kotlin.JavaClassDataFinder                : loaded 3 times (x 77B)
Class kotlin.reflect.jvm.internal.impl.load.java.JavaTypeEnhancementState             : loaded 3 times (x 74B)
Class kotlin.reflect.jvm.internal.impl.descriptors.impl.DeclarationDescriptorImpl     : loaded 3 times (x 90B)
Class [Lkotlin.reflect.jvm.internal.impl.storage.LockBasedStorageManager$NotValue;    : loaded 3 times (x 71B)
Class kotlin.reflect.jvm.internal.impl.descriptors.ModuleDescriptor                   : loaded 3 times (x 72B)
Class kotlin.reflect.jvm.internal.impl.resolve.jvm.CompositeSyntheticJavaPartsProvider: loaded 3 times (x 81B)
Class kotlin.reflect.jvm.internal.impl.descriptors.PackageFragmentProviderOptimized   : loaded 3 times (x 72B)
Class kotlin.reflect.jvm.internal.impl.types.KotlinTypeFactory                        : loaded 3 times (x 73B)
Class kotlin.reflect.jvm.internal.impl.protobuf.MessageLite                           : loaded 3 times (x 72B)
Class kotlin.reflect.jvm.internal.impl.protobuf.Parser                                : loaded 3 times (x 72B)
Class kotlin.reflect.jvm.internal.impl.descriptors.impl.ValueParameterDescriptorImpl$WithDestructuringDeclaration: loaded 3 times (x 167B)
Class kotlin.io.FileTreeWalk$DirectoryState                                           : loaded 3 times (x 75B)
Class org.jetbrains.kotlin.build.report.metrics.GRADLE_TASK_ACTION                    : loaded 3 times (x 74B)
Class org.jetbrains.kotlin.build.report.metrics.SNAPSHOT_JAVA_CLASSES                 : loaded 3 times (x 74B)
Class com.google.common.collect.ImmutableSet$EmptySetBuilderImpl                      : loaded 3 times (x 78B)
Class [Lorg.jetbrains.kotlin.utils.DescriptionAware;                                  : loaded 3 times (x 71B)
Class org.objectweb.asm.Attribute                                                     : loaded 3 times (x 79B)
Class com.google.common.base.Supplier                                                 : loaded 3 times (x 72B)
Class [Lkotlin.reflect.jvm.internal.impl.renderer.OverrideRenderingPolicy;            : loaded 3 times (x 71B)
Class kotlin.reflect.jvm.internal.impl.utils.WrappedValues$ThrowableWrapper           : loaded 3 times (x 74B)
Class kotlin.reflect.jvm.internal.impl.metadata.deserialization.VersionRequirementTable: loaded 3 times (x 74B)
Class kotlin.reflect.jvm.internal.impl.load.java.BuiltinSpecialProperties             : loaded 3 times (x 73B)
Class com.google.common.base.CharMatcher$Or                                           : loaded 3 times (x 114B)
Class org.objectweb.asm.ClassReader                                                   : loaded 3 times (x 96B)
Class com.google.common.collect.TransformedIterator                                   : loaded 3 times (x 82B)
Class com.google.common.io.Closer$Suppressor                                          : loaded 3 times (x 72B)
Class org.jetbrains.kotlin.protobuf.FieldSet$1                                        : loaded 3 times (x 73B)
Class com.google.common.collect.ImmutableList                                         : loaded 3 times (x 208B)
Class org.jetbrains.kotlin.config.MavenComparableVersion$ListItem                     : loaded 3 times (x 220B)
Class org.jetbrains.kotlin.protobuf.GeneratedMessageLite$ExtendableMessageOrBuilder   : loaded 3 times (x 72B)
Class com.google.common.io.ByteStreams                                                : loaded 3 times (x 73B)
Class com.google.common.io.LineProcessor                                              : loaded 3 times (x 72B)
Class org.jetbrains.kotlin.protobuf.MessageLite                                       : loaded 3 times (x 72B)
Class org.jetbrains.kotlin.protobuf.SmallSortedMap$EmptySet                           : loaded 3 times (x 73B)
Class org.jetbrains.kotlin.load.kotlin.header.KotlinClassHeader$Kind$Companion        : loaded 3 times (x 73B)
Class kotlin.reflect.jvm.internal.impl.descriptors.impl.PackageViewDescriptorFactory  : loaded 3 times (x 72B)
Class kotlin.reflect.jvm.internal.impl.load.java.NullabilityAnnotationStates          : loaded 3 times (x 72B)
Class kotlin.reflect.jvm.internal.impl.types.checker.NewKotlinTypeChecker             : loaded 3 times (x 72B)
Class kotlin.reflect.jvm.internal.impl.load.java.FieldOverridabilityCondition         : loaded 3 times (x 77B)
Class kotlin.reflect.jvm.internal.impl.metadata.ProtoBuf$EnumEntry$1                  : loaded 3 times (x 89B)
Class kotlin.reflect.jvm.internal.impl.descriptors.runtime.structure.Java16SealedRecordLoader$Cache: loaded 3 times (x 74B)
Class org.jetbrains.kotlin.protobuf.CodedOutputStream$OutOfSpaceException             : loaded 3 times (x 84B)
Class org.jetbrains.kotlin.metadata.ProtoBuf$Annotation$Argument$Value                : loaded 3 times (x 129B)
Class org.jetbrains.kotlin.metadata.ProtoBuf$FunctionOrBuilder                        : loaded 3 times (x 72B)
Class kotlin.reflect.jvm.internal.impl.serialization.deserialization.DeserializedPackageFragmentImpl: loaded 3 times (x 111B)
Class [Lkotlin.reflect.jvm.internal.impl.load.java.AnnotationQualifierApplicabilityType;: loaded 3 times (x 71B)
Class org.jetbrains.kotlin.protobuf.GeneratedMessageLite$1                            : loaded 3 times (x 73B)
Class com.google.common.collect.ImmutableMap$MapViewOfValuesAsSingletonSets           : loaded 3 times (x 128B)
Class com.google.common.collect.RegularImmutableMap                                   : loaded 3 times (x 122B)
Class com.google.common.base.Splitter$1                                               : loaded 3 times (x 79B)
Class org.jetbrains.kotlin.cli.common.messages.CompilerMessageSeverity$Companion      : loaded 3 times (x 73B)
Class com.google.common.collect.MapDifference                                         : loaded 3 times (x 72B)
Class [Lkotlin.io.FileWalkDirection;                                                  : loaded 3 times (x 71B)
Class kotlin.reflect.jvm.internal.impl.resolve.jvm.InlineClassManglingRulesKt         : loaded 3 times (x 73B)
Class org.jetbrains.kotlin.protobuf.SmallSortedMap                                    : loaded 3 times (x 131B)
Class kotlin.reflect.jvm.internal.impl.metadata.jvm.deserialization.JvmMemberSignature$Field: loaded 3 times (x 77B)
Class kotlin.reflect.jvm.internal.calls.Caller                                        : loaded 3 times (x 72B)
Class kotlin.reflect.jvm.internal.impl.load.java.JavaDescriptorVisibilities$1         : loaded 3 times (x 78B)
Class kotlin.reflect.jvm.internal.impl.resolve.scopes.receivers.ThisClassReceiver     : loaded 3 times (x 72B)
Class [Lkotlin.reflect.jvm.internal.impl.load.java.typeEnhancement.TypeComponentPosition;: loaded 3 times (x 71B)
Class org.jetbrains.kotlin.descriptors.DeclarationDescriptorWithVisibility            : loaded 3 times (x 72B)
Class kotlin.reflect.jvm.internal.impl.load.java.components.JavaAnnotationMapper      : loaded 3 times (x 73B)
Class kotlin.reflect.jvm.internal.impl.serialization.deserialization.MemberDeserializer: loaded 3 times (x 74B)
Class com.google.common.io.ByteSource$EmptyByteSource                                 : loaded 3 times (x 87B)
Class kotlin.reflect.jvm.internal.impl.serialization.deserialization.ClassDeserializer: loaded 3 times (x 74B)
Class kotlin.reflect.jvm.internal.impl.types.KotlinTypeFactory$EMPTY_REFINED_TYPE_FACTORY$1: loaded 3 times (x 80B)
Class kotlin.reflect.jvm.internal.impl.utils.WrappedValues                            : loaded 3 times (x 73B)
Class kotlin.reflect.jvm.internal.impl.descriptors.ModuleCapability                   : loaded 3 times (x 74B)
Class kotlin.reflect.jvm.internal.impl.storage.LockBasedStorageManager$ExceptionHandlingStrategy: loaded 3 times (x 72B)
Class kotlin.reflect.jvm.internal.impl.incremental.components.LookupLocation          : loaded 3 times (x 72B)
Class kotlin.reflect.jvm.internal.impl.storage.LockBasedStorageManager$CacheWithNotNullValuesBasedOnMemoizedFunction: loaded 3 times (x 88B)
Class kotlin.reflect.jvm.internal.impl.builtins.jvm.JvmBuiltInsCustomizer$createMockJavaIoSerializableType$mockJavaIoPackageFragment$1: loaded 3 times (x 107B)
Class kotlin.reflect.jvm.internal.impl.metadata.ProtoBuf$Class$Kind$1                 : loaded 3 times (x 76B)
Class kotlin.reflect.jvm.internal.impl.load.java.JavaClassFinder$Request              : loaded 3 times (x 74B)
Class kotlin.reflect.jvm.internal.impl.protobuf.LazyStringArrayList                   : loaded 3 times (x 263B)
Class [Lkotlin.reflect.jvm.internal.impl.resolve.ExternalOverridabilityCondition$Contract;: loaded 3 times (x 71B)
Class com.google.common.collect.ImmutableSet                                          : loaded 3 times (x 147B)
Class com.google.common.base.CharMatcher$BitSetMatcher                                : loaded 3 times (x 114B)
Class com.google.common.io.Closer                                                     : loaded 3 times (x 80B)
Class org.jetbrains.kotlin.config.ApiVersion$Companion                                : loaded 3 times (x 73B)
Class kotlin.reflect.jvm.internal.impl.load.java.typeEnhancement.JavaTypeEnhancement$Result: loaded 3 times (x 74B)
Class org.jetbrains.kotlin.metadata.ProtoBuf$ConstructorOrBuilder                     : loaded 3 times (x 72B)
Class org.jetbrains.kotlin.metadata.jvm.JvmProtoBuf                                   : loaded 3 times (x 73B)
Class org.jetbrains.kotlin.metadata.ProtoBuf$Visibility                               : loaded 3 times (x 84B)
Class com.google.common.collect.RegularImmutableMap$Values                            : loaded 3 times (x 209B)
Class kotlin.annotation.Repeatable                                                    : loaded 3 times (x 72B)
Class [Lcom.google.gson.Strictness;                                                   : loaded 3 times (x 71B)
Class org.jetbrains.kotlin.metadata.jvm.deserialization.JvmMemberSignature$Field      : loaded 3 times (x 77B)
Class kotlin.reflect.jvm.internal.impl.descriptors.runtime.components.RuntimeModuleData: loaded 3 times (x 74B)
Class kotlin.reflect.jvm.internal.impl.descriptors.annotations.Annotations$Companion$EMPTY$1: loaded 3 times (x 86B)
Class kotlin.reflect.jvm.internal.impl.load.kotlin.PackagePartProvider$Empty          : loaded 3 times (x 76B)
Class kotlin.reflect.jvm.internal.impl.renderer.AnnotationArgumentsRenderingPolicy    : loaded 3 times (x 81B)
Class kotlin.reflect.jvm.internal.impl.load.kotlin.KotlinJvmBinaryClass$AnnotationArgumentVisitor: loaded 3 times (x 72B)
Class kotlin.reflect.jvm.internal.impl.protobuf.RopeByteString$RopeInputStream        : loaded 3 times (x 94B)
Class kotlin.reflect.jvm.internal.impl.descriptors.runtime.structure.ReflectJavaModifierListOwner: loaded 3 times (x 72B)
Class kotlin.reflect.jvm.internal.impl.protobuf.LazyStringList                        : loaded 3 times (x 72B)
Class kotlin.reflect.jvm.internal.impl.types.TypeProjectionImpl                       : loaded 3 times (x 84B)
Class kotlin.reflect.jvm.internal.impl.types.checker.NewTypeVariableConstructor       : loaded 3 times (x 72B)
Class com.google.common.base.AbstractIterator                                         : loaded 3 times (x 82B)
Class [Lkotlin.reflect.jvm.internal.impl.load.java.structure.LightClassOriginKind;    : loaded 3 times (x 71B)
Class kotlin.reflect.jvm.internal.impl.metadata.ProtoBuf$MemberKind$1                 : loaded 3 times (x 76B)
Class org.jetbrains.kotlin.cli.common.arguments.Enables$Container                     : loaded 3 times (x 72B)
Class kotlin.reflect.jvm.internal.impl.serialization.deserialization.ClassData        : loaded 3 times (x 74B)
Class kotlin.reflect.jvm.internal.impl.builtins.jvm.JvmBuiltInsPackageFragmentProvider$Companion: loaded 3 times (x 73B)
Class org.jetbrains.kotlin.metadata.ProtoBuf$Annotation$Argument$ValueOrBuilder       : loaded 3 times (x 72B)
Class kotlin.reflect.jvm.internal.impl.load.java.lazy.LazyJavaResolverContext         : loaded 3 times (x 74B)
Class [Lkotlin.reflect.jvm.internal.impl.renderer.ParameterNameRenderingPolicy;       : loaded 3 times (x 71B)
Class [Lorg.jetbrains.kotlin.config.LanguageFeature;                                  : loaded 3 times (x 71B)
Class org.jetbrains.kotlin.config.LanguageFeatureBehaviorAfterSinceVersion            : loaded 3 times (x 73B)
Class [Lkotlin.reflect.jvm.internal.impl.renderer.PropertyAccessorRenderingPolicy;    : loaded 3 times (x 71B)
Class kotlin.reflect.jvm.internal.impl.descriptors.DescriptorVisibilities$8           : loaded 3 times (x 78B)
Class com.google.gson.stream.MalformedJsonException                                   : loaded 3 times (x 84B)
Class kotlin.reflect.jvm.internal.impl.metadata.ProtoBuf$VersionRequirementTable      : loaded 3 times (x 98B)
Class kotlin.reflect.jvm.internal.impl.metadata.ProtoBuf$EnumEntryOrBuilder           : loaded 3 times (x 72B)
Class kotlin.reflect.jvm.internal.impl.serialization.deserialization.NameResolverUtilKt: loaded 3 times (x 73B)
Class kotlin.reflect.jvm.internal.impl.load.java.structure.JavaModifierListOwner      : loaded 3 times (x 72B)
Class kotlin.reflect.jvm.internal.impl.load.java.JavaDescriptorVisibilities$2         : loaded 3 times (x 78B)
Class kotlin.reflect.jvm.internal.impl.types.TypeCheckerState                         : loaded 3 times (x 77B)
Class kotlin.reflect.jvm.internal.impl.types.IndexedParametersSubstitution            : loaded 3 times (x 80B)
Class kotlin.reflect.jvm.internal.impl.descriptors.impl.AbstractReceiverParameterDescriptor: loaded 3 times (x 139B)
Class kotlin.reflect.jvm.internal.impl.load.java.lazy.LazyJavaTypeParameterResolver   : loaded 3 times (x 77B)
Class kotlin.reflect.jvm.internal.impl.load.java.structure.JavaClass                  : loaded 3 times (x 72B)
Class kotlin.reflect.jvm.internal.impl.metadata.jvm.deserialization.JvmFlags          : loaded 3 times (x 73B)
Class kotlin.reflect.jvm.internal.impl.descriptors.DescriptorVisibility               : loaded 3 times (x 77B)
Class kotlin.reflect.jvm.internal.impl.descriptors.Modality$Companion                 : loaded 3 times (x 73B)
Class com.google.common.io.ByteArrayDataOutput                                        : loaded 3 times (x 72B)
Class kotlin.reflect.jvm.internal.impl.load.kotlin.DeserializedDescriptorResolver$Companion: loaded 3 times (x 73B)
Class kotlin.reflect.jvm.internal.impl.types.TypeUtils$SpecialType                    : loaded 3 times (x 95B)
Class [Lkotlin.reflect.jvm.internal.impl.descriptors.Modality;                        : loaded 3 times (x 71B)
Class com.google.common.math.IntMath$1                                                : loaded 3 times (x 73B)
Class kotlin.reflect.jvm.internal.impl.serialization.deserialization.LocalClassifierTypeSettings$Default: loaded 3 times (x 76B)
Class kotlin.reflect.jvm.internal.impl.descriptors.PropertyAccessorDescriptor         : loaded 3 times (x 72B)
Class kotlin.reflect.jvm.internal.impl.resolve.OverridingUtil                         : loaded 3 times (x 78B)
Class com.google.common.io.Files$FileByteSink                                         : loaded 3 times (x 79B)
Class org.jetbrains.kotlin.metadata.ProtoBuf$ClassOrBuilder                           : loaded 3 times (x 72B)
Class org.jetbrains.kotlin.metadata.ProtoBuf$ValueParameter                           : loaded 3 times (x 134B)
Class kotlin.reflect.jvm.internal.impl.types.checker.KotlinTypePreparator             : loaded 3 times (x 75B)
Class kotlin.reflect.jvm.internal.impl.load.kotlin.header.KotlinClassHeader$Kind$Companion: loaded 3 times (x 73B)
Class kotlin.reflect.jvm.internal.impl.serialization.deserialization.DeserializationConfiguration: loaded 3 times (x 72B)
Class kotlin.reflect.jvm.internal.impl.descriptors.runtime.components.ReflectKotlinClass$Factory: loaded 3 times (x 73B)
Class kotlin.reflect.jvm.internal.impl.metadata.jvm.deserialization.UtfEncodingKt     : loaded 3 times (x 73B)
Class [Lkotlin.reflect.jvm.internal.impl.metadata.ProtoBuf$Visibility;                : loaded 3 times (x 71B)
Class kotlin.reflect.jvm.internal.impl.descriptors.impl.AbstractLazyTypeParameterDescriptor: loaded 3 times (x 125B)
Class kotlin.reflect.jvm.internal.impl.metadata.jvm.deserialization.ClassMapperLite   : loaded 3 times (x 73B)
Class kotlin.reflect.jvm.internal.JvmFunctionSignature$KotlinFunction                 : loaded 3 times (x 75B)
Class kotlin.reflect.jvm.internal.impl.load.java.lazy.JavaResolverSettings            : loaded 3 times (x 72B)
Class com.google.common.collect.Iterators$ArrayItr                                    : loaded 3 times (x 99B)
Class kotlin.reflect.jvm.internal.impl.descriptors.NotFoundClasses                    : loaded 3 times (x 74B)
Class com.google.common.graph.SuccessorsFunction                                      : loaded 3 times (x 72B)
Class org.jetbrains.kotlin.metadata.deserialization.BinaryVersion$Companion           : loaded 3 times (x 73B)
Class org.objectweb.asm.Type                                                          : loaded 3 times (x 74B)
Class org.jetbrains.kotlin.metadata.jvm.JvmProtoBuf$StringTableTypes$RecordOrBuilder  : loaded 3 times (x 72B)
Class Build_gradle$3                                                                  : loaded 3 times (x 76B)
Class kotlin.reflect.jvm.internal.impl.descriptors.Named                              : loaded 3 times (x 72B)
Class kotlin.reflect.jvm.internal.impl.descriptors.deserialization.PlatformDependentDeclarationFilter: loaded 3 times (x 72B)
Class kotlin.reflect.jvm.internal.impl.utils.WrappedValues$1                          : loaded 3 times (x 73B)
Class kotlin.reflect.jvm.internal.impl.renderer.OverrideRenderingPolicy               : loaded 3 times (x 81B)
Class kotlin.reflect.jvm.internal.impl.descriptors.ClassConstructorDescriptor         : loaded 3 times (x 72B)
Class kotlin.reflect.jvm.internal.impl.descriptors.impl.VariableDescriptorImpl        : loaded 3 times (x 143B)
Class kotlin.reflect.jvm.internal.impl.metadata.deserialization.Flags$FlagField       : loaded 3 times (x 75B)
Class kotlin.reflect.jvm.internal.impl.types.model.TypeParameterMarker                : loaded 3 times (x 72B)
Class kotlin.reflect.jvm.internal.impl.resolve.calls.inference.CapturedTypeConstructorKt: loaded 3 times (x 73B)
Class kotlin.reflect.jvm.internal.impl.utils.SmartSet$SingletonIterator               : loaded 3 times (x 83B)
Class com.google.common.collect.Sets$SetView                                          : loaded 3 times (x 140B)
Class kotlin.reflect.jvm.internal.impl.types.SimpleType                               : loaded 3 times (x 90B)
Class com.google.common.collect.ImmutableCollection$Builder                           : loaded 3 times (x 78B)
Class org.jetbrains.kotlin.metadata.ProtoBuf$MemberKind$1                             : loaded 3 times (x 76B)
Class org.jetbrains.kotlin.resolve.jvm.JvmClassName                                   : loaded 3 times (x 78B)
Class org.jetbrains.kotlin.metadata.ProtoBuf$Class$Kind$1                             : loaded 3 times (x 76B)
Class org.jetbrains.kotlin.protobuf.SmallSortedMap$Entry                              : loaded 3 times (x 90B)
Class org.jetbrains.kotlin.metadata.ProtoBuf$Package$1                                : loaded 3 times (x 146B)
Class [Lcom.google.common.collect.Iterators$EmptyModifiableIterator;                  : loaded 3 times (x 71B)
Class org.jetbrains.kotlin.name.FqName$Companion                                      : loaded 3 times (x 73B)
Class kotlin.reflect.jvm.internal.impl.resolve.constants.ShortValue                   : loaded 3 times (x 76B)
Class kotlin.reflect.jvm.internal.impl.protobuf.ByteString$ByteIterator               : loaded 3 times (x 72B)
Class com.google.common.collect.ImmutableSet$SetBuilderImpl                           : loaded 3 times (x 78B)
Class kotlin.io.FileTreeWalk                                                          : loaded 3 times (x 77B)
Class kotlin.reflect.jvm.internal.impl.metadata.ProtoBuf$TypeParameter$1              : loaded 3 times (x 89B)
Class kotlin.reflect.jvm.internal.impl.serialization.deserialization.ClassDeserializer$Companion: loaded 3 times (x 73B)
Class kotlin.reflect.jvm.internal.impl.descriptors.PackageFragmentProviderKt          : loaded 3 times (x 73B)
Class kotlin.reflect.jvm.internal.impl.protobuf.GeneratedMessageLite$ExtendableMessage$ExtensionWriter: loaded 3 times (x 75B)
Class [Lkotlin.reflect.jvm.internal.impl.descriptors.DeclarationDescriptorWithSource; : loaded 3 times (x 71B)
Class kotlin.reflect.jvm.internal.calls.CallerImpl$Companion                          : loaded 3 times (x 73B)
Class kotlin.reflect.jvm.internal.calls.CallerImpl$Method$Instance                    : loaded 3 times (x 83B)
Class kotlin.reflect.jvm.KTypesJvm                                                    : loaded 3 times (x 73B)
Class org.jetbrains.kotlin.build.report.metrics.GradleBuildTimeMetric                 : loaded 3 times (x 74B)
Class kotlin.reflect.jvm.internal.impl.load.java.JavaDescriptorVisibilities$3         : loaded 3 times (x 78B)
Class [Lkotlin.reflect.jvm.internal.impl.resolve.OverridingUtil$OverrideCompatibilityInfo$Result;: loaded 3 times (x 71B)
Class kotlin.reflect.jvm.internal.impl.metadata.ProtoBuf$QualifiedNameTable$QualifiedName: loaded 3 times (x 98B)
Class [Lkotlin.reflect.jvm.internal.impl.descriptors.annotations.AnnotatedImpl;       : loaded 3 times (x 71B)
Class kotlin.reflect.jvm.internal.impl.load.java.lazy.LazyJavaAnnotations             : loaded 3 times (x 87B)
Class kotlin.reflect.jvm.internal.impl.descriptors.deserialization.ClassDescriptorFactory: loaded 3 times (x 72B)
Class kotlin.reflect.jvm.internal.impl.protobuf.GeneratedMessageLite$ExtendableMessage: loaded 3 times (x 101B)
Class [Lkotlin.reflect.jvm.internal.impl.types.TypeProjection;                        : loaded 3 times (x 71B)
Class [Lkotlin.reflect.jvm.internal.impl.renderer.AnnotationArgumentsRenderingPolicy; : loaded 3 times (x 71B)
Class kotlin.reflect.jvm.internal.impl.load.java.components.SignaturePropagator$1     : loaded 3 times (x 77B)
Class com.google.common.collect.Maps$8                                                : loaded 3 times (x 84B)
Class kotlin.reflect.jvm.internal.impl.metadata.ProtoBuf$Class$Kind                   : loaded 3 times (x 84B)
Class org.jetbrains.kotlin.protobuf.LazyField                                         : loaded 3 times (x 85B)
Class org.jetbrains.kotlin.metadata.ProtoBuf$VersionRequirementTable                  : loaded 3 times (x 109B)
Class org.jetbrains.kotlin.load.kotlin.header.ReadKotlinClassHeaderAnnotationVisitor  : loaded 3 times (x 82B)
Class org.jetbrains.kotlin.metadata.SerializationPluginMetadataExtensions             : loaded 3 times (x 73B)
Class kotlin.reflect.jvm.internal.impl.serialization.deserialization.ProtoContainer   : loaded 3 times (x 75B)
Class kotlin.reflect.jvm.internal.impl.builtins.jvm.JvmBuiltIns$WhenMappings          : loaded 3 times (x 73B)
Class kotlin.reflect.jvm.internal.impl.load.java.JavaTypeEnhancementState$Companion   : loaded 3 times (x 73B)
Class kotlin.reflect.jvm.internal.impl.resolve.jvm.SyntheticJavaPartsProvider         : loaded 3 times (x 72B)
Class kotlin.reflect.jvm.internal.impl.resolve.jvm.SyntheticJavaPartsProvider$Companion: loaded 3 times (x 73B)
Class kotlin.reflect.jvm.internal.impl.descriptors.impl.ModuleDependenciesImpl        : loaded 3 times (x 79B)
Class kotlin.reflect.jvm.internal.impl.descriptors.runtime.components.ReflectKotlinClassFinderKt: loaded 3 times (x 73B)
Class kotlin.reflect.jvm.internal.impl.serialization.deserialization.builtins.BuiltInsPackageFragmentImpl: loaded 3 times (x 113B)
Class kotlin.reflect.jvm.internal.impl.serialization.deserialization.descriptors.DeserializedCallableMemberDescriptor: loaded 3 times (x 72B)
Class kotlin.reflect.jvm.internal.impl.descriptors.impl.SimpleFunctionDescriptorImpl  : loaded 3 times (x 200B)
Class org.jetbrains.kotlin.incremental.ClasspathSnapshotFiles$Companion               : loaded 3 times (x 73B)
Class com.google.common.base.Joiner                                                   : loaded 3 times (x 81B)
Class org.jetbrains.kotlin.metadata.jvm.JvmProtoBuf$StringTableTypes                  : loaded 3 times (x 112B)
Class kotlin.reflect.jvm.internal.KDeclarationContainerImpl$getMembers$visitor$1      : loaded 3 times (x 106B)
Class kotlin.reflect.jvm.internal.impl.resolve.NonReportingOverrideStrategy           : loaded 3 times (x 78B)
Class kotlin.reflect.jvm.internal.impl.resolve.OverridingUtil$5                       : loaded 3 times (x 77B)
Class kotlin.reflect.jvm.internal.impl.descriptors.runtime.structure.ReflectJavaClass$fields$1: loaded 3 times (x 131B)
Class kotlin.reflect.jvm.internal.impl.descriptors.NotFoundClasses$MockClassDescriptor: loaded 3 times (x 177B)
Class com.google.common.base.MoreObjects                                              : loaded 3 times (x 73B)
Class org.jetbrains.kotlin.metadata.ProtoBuf$Function                                 : loaded 3 times (x 162B)
Class com.google.common.base.Platform                                                 : loaded 3 times (x 73B)
Class kotlin.reflect.jvm.internal.impl.load.java.lazy.JavaResolverComponents          : loaded 3 times (x 74B)
Class org.jetbrains.kotlin.config.LanguageFeature                                     : loaded 3 times (x 81B)
Class kotlin.reflect.jvm.internal.impl.types.AbstractTypeRefiner                      : loaded 3 times (x 74B)
Class kotlin.collections.builders.ListBuilder$Companion                               : loaded 3 times (x 73B)
Class kotlin.collections.builders.ListBuilder                                         : loaded 3 times (x 209B)
Class kotlin.reflect.jvm.internal.impl.load.java.lazy.descriptors.LazyJavaPackageScope$KotlinClassLookupResult: loaded 3 times (x 73B)
Class kotlin.reflect.jvm.internal.impl.load.java.lazy.descriptors.LazyJavaClassMemberScope: loaded 3 times (x 106B)
Class kotlin.reflect.jvm.internal.impl.metadata.jvm.deserialization.JvmMemberSignature: loaded 3 times (x 76B)
Class kotlin.reflect.jvm.internal.impl.types.Variance                                 : loaded 3 times (x 81B)
Class kotlin.reflect.jvm.internal.impl.metadata.ProtoBuf$Class                        : loaded 3 times (x 103B)
Class com.google.common.collect.ImmutableEnumSet                                      : loaded 3 times (x 148B)
Class kotlin.reflect.jvm.internal.impl.descriptors.DescriptorVisibilities$9           : loaded 3 times (x 78B)
Class org.jetbrains.kotlin.incremental.IncrementalCompilationFeatures$Companion       : loaded 3 times (x 73B)
Class kotlin.reflect.jvm.internal.impl.descriptors.ClassKind                          : loaded 3 times (x 81B)
Class kotlin.reflect.jvm.internal.impl.descriptors.impl.LazyClassReceiverParameterDescriptor: loaded 3 times (x 139B)
Class kotlin.reflect.jvm.internal.impl.metadata.ProtoBuf$QualifiedNameTable$QualifiedName$Kind$1: loaded 3 times (x 76B)
Class kotlin.reflect.jvm.internal.impl.serialization.deserialization.ClassDeserializer$ClassKey: loaded 3 times (x 74B)
Class kotlin.properties.ObservableProperty                                            : loaded 3 times (x 85B)
Class kotlin.reflect.jvm.internal.impl.metadata.ProtoBuf$Type$1                       : loaded 3 times (x 89B)
Class kotlin.reflect.jvm.internal.impl.descriptors.PropertySetterDescriptor           : loaded 3 times (x 72B)
Class kotlin.reflect.jvm.internal.impl.descriptors.impl.VariableDescriptorWithInitializerImpl: loaded 3 times (x 144B)
Class kotlin.reflect.jvm.internal.impl.renderer.DescriptorRendererOptionsImpl         : loaded 3 times (x 94B)
Class kotlin.reflect.jvm.internal.impl.load.java.JavaClassesTracker$Default           : loaded 3 times (x 76B)
Class kotlin.reflect.jvm.internal.impl.serialization.deserialization.ContractDeserializer$Companion: loaded 3 times (x 73B)
Class org.jetbrains.kotlin.metadata.ProtoBuf$TypeTable$1                              : loaded 3 times (x 146B)
Class org.jetbrains.kotlin.metadata.deserialization.Flags                             : loaded 3 times (x 73B)
Class kotlin.reflect.jvm.internal.impl.resolve.constants.UnsignedValueConstant        : loaded 3 times (x 76B)
Class kotlin.reflect.jvm.internal.impl.descriptors.PackageFragmentDescriptor          : loaded 3 times (x 72B)
Class kotlin.reflect.jvm.internal.impl.types.AbstractClassTypeConstructor             : loaded 3 times (x 99B)
Class kotlin.reflect.jvm.internal.impl.types.DelegatingSimpleType                     : loaded 3 times (x 93B)
Class kotlin.reflect.jvm.internal.impl.metadata.jvm.deserialization.JvmNameResolver   : loaded 3 times (x 79B)
Class kotlin.reflect.jvm.internal.impl.metadata.jvm.JvmProtoBuf$StringTableTypes$RecordOrBuilder: loaded 3 times (x 72B)
Class kotlin.jvm.internal.KTypeBase                                                   : loaded 3 times (x 72B)
Class org.jetbrains.kotlin.metadata.deserialization.MetadataVersion$Companion         : loaded 3 times (x 73B)
Class kotlin.reflect.jvm.internal.impl.resolve.constants.UIntValue                    : loaded 3 times (x 76B)
Class org.jetbrains.kotlin.name.Name                                                  : loaded 3 times (x 77B)
Class [Lorg.jetbrains.kotlin.metadata.ProtoBuf$Modality;                              : loaded 3 times (x 71B)
Class [Lkotlin.reflect.jvm.internal.impl.load.java.lazy.types.JavaTypeFlexibility;    : loaded 3 times (x 71B)
Class [Lcom.google.common.collect.ImmutableEntry;                                     : loaded 3 times (x 71B)
Class com.google.common.collect.MapMaker                                              : loaded 3 times (x 74B)
Class org.jetbrains.kotlin.load.kotlin.header.KotlinClassHeader                       : loaded 3 times (x 74B)
Class [Lkotlin.reflect.jvm.internal.impl.load.kotlin.header.KotlinClassHeader$Kind;   : loaded 3 times (x 71B)
Class kotlin.reflect.jvm.internal.impl.descriptors.DelegatedDescriptorVisibility      : loaded 3 times (x 78B)
Class kotlin.reflect.jvm.internal.impl.load.kotlin.header.ReadKotlinClassHeaderAnnotationVisitor$CollectStringArrayAnnotationVisitor: loaded 3 times (x 87B)
Class kotlin.reflect.jvm.internal.impl.types.checker.ClassicTypeSystemContext         : loaded 3 times (x 72B)
Class org.jetbrains.kotlin.metadata.jvm.JvmProtoBuf$StringTableTypes$1                : loaded 3 times (x 146B)
Class com.google.common.collect.Maps                                                  : loaded 3 times (x 73B)
Class com.google.common.collect.ImmutableList$1                                       : loaded 3 times (x 99B)
Class kotlin.reflect.jvm.internal.impl.load.java.Jsr305Settings                       : loaded 3 times (x 74B)
Class com.google.common.collect.Platform                                              : loaded 3 times (x 73B)
Class com.google.common.collect.ImmutableList$SubList                                 : loaded 3 times (x 211B)
Class org.jetbrains.kotlin.protobuf.FieldSet$FieldDescriptorLite                      : loaded 3 times (x 72B)
Class org.jetbrains.kotlin.metadata.ProtoBuf$VersionRequirementTableOrBuilder         : loaded 3 times (x 72B)
Class [Lorg.objectweb.asm.Type;                                                       : loaded 3 times (x 71B)
Class [Lorg.objectweb.asm.Attribute;                                                  : loaded 3 times (x 71B)
Class org.jetbrains.kotlin.utils.CollectionsKt                                        : loaded 3 times (x 73B)
Class org.jetbrains.kotlin.metadata.ProtoBuf$PropertyOrBuilder                        : loaded 3 times (x 72B)
Class org.jetbrains.kotlin.metadata.ProtoBuf$Constructor$1                            : loaded 3 times (x 146B)
Class org.jetbrains.kotlin.metadata.jvm.JvmProtoBuf$JvmFieldSignatureOrBuilder        : loaded 3 times (x 72B)
Class org.jetbrains.kotlin.resolve.scopes.receivers.ReceiverValue                     : loaded 3 times (x 72B)
Class org.jetbrains.kotlin.metadata.jvm.JvmProtoBuf$JvmMethodSignature$Builder        : loaded 3 times (x 136B)
Class org.jetbrains.kotlin.protobuf.AbstractMessageLite                               : loaded 3 times (x 100B)
Class org.jetbrains.kotlin.config.LanguageOrApiVersion                                : loaded 3 times (x 72B)
Class com.google.common.io.CharSource                                                 : loaded 3 times (x 87B)
Class kotlin.reflect.jvm.internal.impl.storage.StorageKt                              : loaded 3 times (x 73B)
Class com.google.common.collect.UnmodifiableIterator                                  : loaded 3 times (x 82B)
Class [Lorg.jetbrains.kotlin.com.intellij.openapi.diagnostic.LogLevel;                : loaded 3 times (x 71B)
Class kotlin.reflect.jvm.internal.impl.resolve.scopes.MemberScope                     : loaded 3 times (x 72B)
Class kotlin.reflect.jvm.internal.impl.metadata.jvm.JvmProtoBuf$JvmFieldSignatureOrBuilder: loaded 3 times (x 72B)
Class kotlin.reflect.jvm.internal.impl.descriptors.java.JavaVisibilities$ProtectedStaticVisibility: loaded 3 times (x 77B)
Class kotlin.reflect.jvm.internal.impl.metadata.jvm.JvmProtoBuf$JvmMethodSignature$Builder: loaded 3 times (x 93B)
Class kotlin.reflect.jvm.internal.impl.descriptors.Visibilities                       : loaded 3 times (x 73B)
Class kotlin.reflect.jvm.internal.impl.serialization.deserialization.descriptors.DeserializedClassDescriptor$DeserializedClassMemberScope$generateFakeOverrides$1: loaded 3 times (x 79B)
Class kotlin.reflect.jvm.internal.CreateKCallableVisitor                              : loaded 3 times (x 106B)
Class kotlin.reflect.jvm.internal.impl.load.kotlin.SignatureBuildingComponents        : loaded 3 times (x 73B)
Class kotlin.reflect.jvm.internal.impl.serialization.deserialization.descriptors.DeserializedClassDescriptor$DeserializedClassTypeConstructor: loaded 3 times (x 99B)
Class kotlin.reflect.jvm.internal.impl.load.kotlin.header.ReadKotlinClassHeaderAnnotationVisitor$KotlinMetadataArgumentVisitor: loaded 3 times (x 88B)
Class kotlin.reflect.jvm.internal.impl.utils.SmartList                                : loaded 3 times (x 201B)
Class [Lkotlin.reflect.jvm.internal.impl.incremental.components.NoLookupLocation;     : loaded 3 times (x 71B)
Class kotlin.reflect.jvm.internal.impl.load.java.lazy.descriptors.LazyJavaPackageScope$KotlinClassLookupResult$NotFound: loaded 3 times (x 73B)
Class kotlin.reflect.jvm.internal.impl.load.java.sources.JavaSourceElement            : loaded 3 times (x 72B)
Class kotlin.reflect.jvm.internal.impl.metadata.ProtoBuf$QualifiedNameTable           : loaded 3 times (x 98B)
Class kotlin.reflect.jvm.internal.impl.metadata.ProtoBuf$QualifiedNameTable$QualifiedName$1: loaded 3 times (x 89B)
Class kotlin.reflect.jvm.internal.impl.resolve.ExternalOverridabilityCondition$Contract: loaded 3 times (x 81B)
Class org.jetbrains.kotlin.build.report.metrics.RUN_COMPILATION                       : loaded 3 times (x 74B)
Class kotlin.io.FileSystemException                                                   : loaded 3 times (x 84B)
Class kotlin.reflect.jvm.internal.impl.metadata.ProtoBuf$1                            : loaded 3 times (x 73B)
Class kotlin.reflect.jvm.internal.calls.CallerKt                                      : loaded 3 times (x 73B)
Class org.jetbrains.kotlin.metadata.ProtoBuf$Constructor                              : loaded 3 times (x 131B)
Class kotlin.reflect.jvm.internal.impl.types.model.TypeSystemOptimizationContext      : loaded 3 times (x 72B)
Class kotlin.jvm.internal.RepeatableContainer                                         : loaded 3 times (x 72B)
Class com.google.common.collect.HashBiMap$BiEntry                                     : loaded 3 times (x 84B)
Class com.google.common.collect.Iterators$SingletonIterator                           : loaded 3 times (x 83B)
Class org.jetbrains.kotlin.load.kotlin.KotlinJvmBinaryClass$AnnotationArgumentVisitor : loaded 3 times (x 72B)
Class com.google.common.collect.SingletonImmutableBiMap                               : loaded 3 times (x 145B)
Class org.jetbrains.kotlin.load.kotlin.header.ReadKotlinClassHeaderAnnotationVisitor$CollectStringArrayAnnotationVisitor: loaded 3 times (x 87B)
Class org.jetbrains.kotlin.load.kotlin.header.KotlinClassHeader$Kind                  : loaded 3 times (x 81B)
Class org.jetbrains.kotlin.metadata.jvm.deserialization.JvmMemberSignature            : loaded 3 times (x 76B)
Class org.gradle.kotlin.dsl.TestImplementationConfigurationAccessorsKt                : loaded 3 times (x 73B)
Class kotlin.reflect.jvm.internal.impl.serialization.deserialization.ErrorReporter    : loaded 3 times (x 72B)
Class kotlin.reflect.jvm.internal.impl.types.model.SimpleTypeMarker                   : loaded 3 times (x 72B)
Class kotlin.reflect.jvm.internal.impl.descriptors.annotations.AnnotatedImpl          : loaded 3 times (x 78B)
Class kotlin.reflect.jvm.internal.impl.load.kotlin.header.KotlinClassHeader$Kind      : loaded 3 times (x 81B)
Class com.google.common.collect.AbstractMapEntry                                      : loaded 3 times (x 83B)
Class kotlin.reflect.jvm.internal.impl.descriptors.VariableAccessorDescriptor         : loaded 3 times (x 72B)
Class kotlin.reflect.jvm.internal.impl.types.model.DefinitelyNotNullTypeMarker        : loaded 3 times (x 72B)
Class [Lkotlin.reflect.jvm.internal.impl.load.java.typeEnhancement.JavaTypeQualifiers;: loaded 3 times (x 71B)
Class kotlin.reflect.jvm.internal.impl.descriptors.runtime.structure.ReflectJavaClass$fields$2: loaded 3 times (x 131B)
Class kotlin.reflect.jvm.internal.impl.protobuf.AbstractMessageLite                   : loaded 3 times (x 93B)
Class kotlin.reflect.jvm.internal.impl.metadata.ProtoBuf$StringTable                  : loaded 3 times (x 98B)
Class kotlin.reflect.jvm.internal.impl.serialization.deserialization.descriptors.DeserializedMemberScope$OptimizedImplementation: loaded 3 times (x 83B)
Class kotlin.reflect.jvm.internal.impl.metadata.ProtoBuf$Type                         : loaded 3 times (x 103B)
Class kotlin.reflect.jvm.internal.impl.metadata.ProtoBuf$TypeParameter$Variance       : loaded 3 times (x 84B)
Class kotlin.reflect.jvm.internal.impl.descriptors.runtime.components.ReflectJavaClassFinderKt: loaded 3 times (x 73B)
Class kotlin.reflect.jvm.internal.impl.protobuf.GeneratedMessageLite$Builder          : loaded 3 times (x 91B)
Class kotlin.reflect.jvm.internal.impl.load.java.SpecialGenericSignatures$Companion$NameAndSignature: loaded 3 times (x 74B)
Class kotlin.reflect.jvm.internal.impl.descriptors.impl.ValueParameterDescriptorImpl  : loaded 3 times (x 166B)
Class kotlin.reflect.jvm.internal.impl.metadata.deserialization.NameResolverImpl      : loaded 3 times (x 79B)
Class kotlin.reflect.jvm.internal.impl.load.java.structure.JavaTypeParameterListOwner : loaded 3 times (x 72B)
Class kotlin.reflect.jvm.internal.impl.metadata.deserialization.VersionSpecificBehaviorKt: loaded 3 times (x 73B)
Class [Lkotlin.reflect.jvm.internal.impl.metadata.ProtoBuf$MemberKind;                : loaded 3 times (x 71B)
Class [Lkotlin.reflect.jvm.internal.impl.descriptors.impl.DeclarationDescriptorImpl;  : loaded 3 times (x 71B)
Class [Lkotlin.reflect.jvm.internal.impl.metadata.ProtoBuf$Annotation$Argument$Value$Type;: loaded 3 times (x 71B)
Class kotlin.reflect.jvm.internal.impl.metadata.jvm.JvmProtoBuf$JvmFieldSignature     : loaded 3 times (x 98B)
Class kotlin.reflect.jvm.internal.impl.protobuf.SmallSortedMap                        : loaded 3 times (x 130B)
Class kotlin.reflect.jvm.internal.impl.protobuf.LazyField                             : loaded 3 times (x 79B)
Class kotlin.reflect.jvm.internal.impl.resolve.scopes.InnerClassesScopeWrapper        : loaded 3 times (x 95B)
Class kotlin.reflect.jvm.internal.impl.storage.DefaultSimpleLock                      : loaded 3 times (x 80B)
Class kotlin.reflect.jvm.internal.impl.metadata.ProtoBuf$Annotation$Argument          : loaded 3 times (x 98B)
Class kotlin.reflect.jvm.internal.impl.load.java.structure.JavaClassifierType         : loaded 3 times (x 72B)
Class kotlin.reflect.jvm.internal.impl.resolve.ExternalOverridabilityCondition$Result : loaded 3 times (x 81B)
Class org.jetbrains.kotlin.com.intellij.openapi.diagnostic.Logger$Factory             : loaded 3 times (x 72B)
Class kotlin.reflect.jvm.internal.impl.metadata.jvm.JvmProtoBuf$JvmPropertySignature$1: loaded 3 times (x 89B)
Class org.jetbrains.kotlin.protobuf.WireFormat$FieldType                              : loaded 3 times (x 84B)
Class org.jetbrains.kotlin.metadata.ProtoBuf$AnnotationOrBuilder                      : loaded 3 times (x 72B)
Class org.jetbrains.kotlin.load.kotlin.FileBasedKotlinClass                           : loaded 3 times (x 90B)
Class kotlin.reflect.jvm.internal.impl.load.kotlin.DeserializationComponentsForJava$Companion: loaded 3 times (x 73B)
Class kotlin.reflect.jvm.internal.impl.load.java.components.SignaturePropagator       : loaded 3 times (x 72B)
Class kotlin.reflect.jvm.internal.impl.serialization.deserialization.AnnotationDeserializer: loaded 3 times (x 74B)
Class kotlin.reflect.jvm.internal.impl.metadata.ProtoBuf$Annotation$Argument$ValueOrBuilder: loaded 3 times (x 72B)
Class kotlin.reflect.jvm.internal.impl.descriptors.runtime.components.PackagePartScopeCache: loaded 3 times (x 74B)
Class com.google.common.io.CharSource$StringCharSource                                : loaded 3 times (x 88B)
Class kotlin.reflect.jvm.internal.impl.resolve.scopes.receivers.ImplicitClassReceiver : loaded 3 times (x 84B)
Class kotlin.reflect.jvm.internal.KTypeImpl                                           : loaded 3 times (x 85B)
Class com.google.common.io.ByteSource$ByteArrayByteSource                             : loaded 3 times (x 87B)
Class org.jetbrains.kotlin.name.ClassId$Companion                                     : loaded 3 times (x 73B)
Class kotlin.reflect.jvm.internal.impl.storage.LockBasedStorageManager$LockBasedLazyValueWithPostCompute: loaded 3 times (x 84B)
Class org.jetbrains.kotlin.config.LanguageFeatureBehaviorAfterSinceVersion$CannotBeDisabled: loaded 3 times (x 73B)
Class org.jetbrains.kotlin.protobuf.MessageLiteOrBuilder                              : loaded 3 times (x 72B)
Class org.jetbrains.kotlin.metadata.ProtoBuf$TypeTable                                : loaded 3 times (x 111B)
Class org.jetbrains.kotlin.metadata.jvm.JvmProtoBuf$JvmMethodSignature                : loaded 3 times (x 110B)
Class com.google.common.collect.AbstractSetMultimap                                   : loaded 3 times (x 175B)
Class com.google.common.collect.AbstractMultimap                                      : loaded 3 times (x 125B)
Class org.jetbrains.kotlin.metadata.jvm.JvmProtoBuf$JvmFieldSignature$1               : loaded 3 times (x 146B)
Class com.google.common.collect.RegularImmutableList                                  : loaded 3 times (x 215B)
Class org.jetbrains.kotlin.load.kotlin.header.ReadKotlinClassHeaderAnnotationVisitor$KotlinMetadataArgumentVisitor: loaded 3 times (x 88B)
Class org.jetbrains.kotlin.metadata.jvm.deserialization.UtfEncodingKt                 : loaded 3 times (x 73B)
Class com.google.common.collect.IndexedImmutableSet$1                                 : loaded 3 times (x 215B)
Class kotlin.reflect.jvm.internal.impl.serialization.deserialization.builtins.BuiltInsResourceLoader: loaded 3 times (x 74B)
Class kotlin.reflect.jvm.internal.impl.types.TypeConstructor                          : loaded 3 times (x 72B)
Class kotlin.reflect.jvm.internal.impl.storage.LockBasedStorageManager$LockBasedLazyValue: loaded 3 times (x 83B)
Class kotlin.reflect.jvm.internal.impl.resolve.constants.IntValue                     : loaded 3 times (x 76B)
Class kotlin.reflect.jvm.internal.impl.renderer.DescriptorRenderer$ValueParametersHandler: loaded 3 times (x 72B)
Class kotlin.reflect.jvm.internal.impl.descriptors.MemberDescriptor                   : loaded 3 times (x 72B)
Class kotlin.reflect.jvm.internal.impl.descriptors.PropertyDescriptor                 : loaded 3 times (x 72B)
Class org.jetbrains.kotlin.metadata.jvm.JvmProtoBuf$StringTableTypes$Record           : loaded 3 times (x 121B)
Class kotlin.reflect.jvm.internal.impl.serialization.deserialization.TypeDeserializer : loaded 3 times (x 74B)
Class kotlin.reflect.jvm.internal.impl.protobuf.ProtocolStringList                    : loaded 3 times (x 72B)
Class [Lorg.jetbrains.kotlin.build.report.metrics.BuildPerformanceMetric;             : loaded 3 times (x 71B)
Class org.jetbrains.kotlin.build.report.metrics.DoNothingBuildMetricsReporter         : loaded 3 times (x 88B)
Class kotlin.reflect.jvm.internal.impl.serialization.deserialization.descriptors.DescriptorWithContainerSource: loaded 3 times (x 72B)
Class kotlin.reflect.jvm.internal.impl.load.java.structure.JavaPrimitiveType          : loaded 3 times (x 72B)
Class kotlin.reflect.jvm.internal.impl.metadata.ProtoBuf$Annotation$Argument$Value$Builder: loaded 3 times (x 93B)
Class kotlin.reflect.jvm.internal.impl.metadata.jvm.JvmProtoBuf$StringTableTypes      : loaded 3 times (x 98B)
Class kotlin.reflect.jvm.internal.impl.descriptors.Visibilities$Inherited             : loaded 3 times (x 77B)
Class kotlin.reflect.jvm.internal.impl.load.java.NullabilityAnnotationStates$Companion: loaded 3 times (x 73B)
Class org.jetbrains.kotlin.protobuf.FieldSet                                          : loaded 3 times (x 74B)
Class kotlin.reflect.jvm.internal.impl.load.kotlin.KotlinClassFinder                  : loaded 3 times (x 72B)
Class com.google.common.base.Function                                                 : loaded 3 times (x 72B)
Class org.jetbrains.kotlin.name.FqName                                                : loaded 3 times (x 74B)
Class org.jetbrains.kotlin.metadata.ProtoBuf$Property                                 : loaded 3 times (x 173B)
Class com.google.common.collect.ImmutableMapEntry$NonTerminalImmutableMapEntry        : loaded 3 times (x 87B)
Class org.jetbrains.org.objectweb.asm.Type                                            : loaded 3 times (x 74B)
Class com.google.common.base.Equivalence                                              : loaded 3 times (x 84B)
Class kotlin.reflect.jvm.internal.impl.descriptors.CallableDescriptor                 : loaded 3 times (x 72B)
Class kotlin.reflect.jvm.internal.impl.descriptors.CallableMemberDescriptor$Kind      : loaded 3 times (x 81B)
Class kotlin.reflect.jvm.internal.impl.descriptors.Visibilities$Local                 : loaded 3 times (x 77B)
Class kotlin.reflect.jvm.internal.impl.protobuf.MessageLite$Builder                   : loaded 3 times (x 72B)
Class kotlin.reflect.jvm.internal.impl.metadata.jvm.JvmProtoBuf$StringTableTypes$1    : loaded 3 times (x 89B)
Class kotlin.reflect.jvm.internal.impl.metadata.deserialization.ProtoTypeTableUtilKt  : loaded 3 times (x 73B)
Class kotlin.reflect.jvm.internal.impl.builtins.jvm.JvmBuiltIns$Settings              : loaded 3 times (x 74B)
Class com.google.common.io.ByteSource                                                 : loaded 3 times (x 86B)
Class kotlin.concurrent.atomics.AtomicsKt__Atomics_commonKt                           : loaded 3 times (x 73B)
Class kotlin.io.NoSuchFileException                                                   : loaded 3 times (x 84B)
Class kotlin.reflect.jvm.internal.impl.metadata.deserialization.ProtoBufUtilKt        : loaded 3 times (x 73B)
Class org.jetbrains.kotlin.config.LanguageFeature$Companion                           : loaded 3 times (x 73B)
Class com.google.common.collect.ImmutableMapEntry                                     : loaded 3 times (x 87B)
Class com.google.common.collect.MapMakerInternalMap$InternalEntry                     : loaded 3 times (x 72B)
Class org.jetbrains.kotlin.load.kotlin.header.ReadKotlinClassHeaderAnnotationVisitor$KotlinMetadataArgumentVisitor$2: loaded 3 times (x 87B)
Class org.jetbrains.kotlin.metadata.jvm.JvmProtoBuf$StringTableTypes$Record$1         : loaded 3 times (x 146B)
Class [Lcom.google.common.collect.HashBiMap$BiEntry;                                  : loaded 3 times (x 71B)
Class kotlin.reflect.jvm.internal.impl.descriptors.runtime.components.ReflectKotlinClassFinder: loaded 3 times (x 81B)
Class kotlin.reflect.jvm.internal.impl.types.checker.KotlinTypeChecker                : loaded 3 times (x 72B)
Class kotlin.reflect.jvm.internal.impl.serialization.deserialization.DeserializationComponents: loaded 3 times (x 74B)
Class kotlin.reflect.jvm.internal.impl.descriptors.Visibilities$Unknown               : loaded 3 times (x 77B)
Class kotlin.reflect.jvm.internal.impl.descriptors.impl.PropertyDescriptorImpl        : loaded 3 times (x 200B)
Class kotlin.reflect.jvm.internal.impl.metadata.ProtoBuf$Contract                     : loaded 3 times (x 98B)
Class kotlin.reflect.jvm.internal.impl.descriptors.impl.CompositePackageFragmentProvider: loaded 3 times (x 82B)
Class org.jetbrains.kotlin.metadata.deserialization.ProtoBufUtilKt                    : loaded 3 times (x 73B)
Class kotlin.reflect.jvm.internal.impl.load.kotlin.KotlinJvmBinaryClass               : loaded 3 times (x 72B)
Class kotlin.reflect.jvm.internal.impl.builtins.jvm.CloneableClassScope$Companion     : loaded 3 times (x 73B)
Class kotlin.reflect.jvm.internal.impl.serialization.deserialization.descriptors.DeserializedMemberScope$OptimizedImplementation$computeDescriptors$1$1: loaded 3 times (x 81B)
Class kotlin.reflect.jvm.internal.impl.metadata.jvm.JvmProtoBuf$StringTableTypesOrBuilder: loaded 3 times (x 72B)
Class org.jetbrains.kotlin.config.MavenComparableVersion$IntegerItem                  : loaded 3 times (x 82B)
Class com.google.common.collect.RegularImmutableAsList                                : loaded 3 times (x 219B)
Class kotlin.reflect.jvm.internal.impl.descriptors.runtime.components.ReflectClassStructure: loaded 3 times (x 73B)
Class kotlin.reflect.jvm.internal.impl.incremental.components.NoLookupLocation        : loaded 3 times (x 84B)
Class kotlin.io.TerminateException                                                    : loaded 3 times (x 84B)
Class kotlin.reflect.jvm.internal.impl.resolve.DescriptorUtils                        : loaded 3 times (x 73B)
Class com.google.common.math.IntMath                                                  : loaded 3 times (x 73B)
Class kotlin.reflect.jvm.internal.impl.resolve.DescriptorFactory                      : loaded 3 times (x 73B)
Class kotlin.reflect.jvm.internal.impl.metadata.ProtoBuf$Annotation$Argument$1        : loaded 3 times (x 89B)
Class kotlin.reflect.jvm.internal.impl.load.java.JavaIncompatibilityRulesOverridabilityCondition$Companion: loaded 3 times (x 73B)
Class kotlin.reflect.jvm.internal.impl.types.SimpleTypeImpl                           : loaded 3 times (x 91B)
Class kotlin.reflect.jvm.internal.impl.renderer.DescriptorRendererImpl                : loaded 3 times (x 101B)
Class kotlin.reflect.jvm.internal.impl.renderer.DescriptorRenderer$Companion          : loaded 3 times (x 73B)
Class kotlin.reflect.jvm.internal.impl.storage.LockBasedStorageManager$MapBasedMemoizedFunctionToNotNull: loaded 3 times (x 86B)
Class org.jetbrains.kotlin.metadata.ProtoBuf$Class$1                                  : loaded 3 times (x 146B)
Class org.jetbrains.kotlin.protobuf.ExtensionRegistryLite$ObjectIntPair               : loaded 3 times (x 74B)
Class org.jetbrains.kotlin.descriptors.Visibilities$Public                            : loaded 3 times (x 81B)
Class org.jetbrains.kotlin.load.kotlin.header.ReadKotlinClassHeaderAnnotationVisitor$KotlinMetadataArgumentVisitor$1: loaded 3 times (x 87B)
Class kotlin.reflect.jvm.internal.impl.renderer.ClassifierNamePolicy$SOURCE_CODE_QUALIFIED: loaded 3 times (x 76B)
Class kotlin.reflect.jvm.internal.impl.descriptors.FunctionDescriptor$CopyBuilder     : loaded 3 times (x 72B)
Class kotlin.reflect.jvm.internal.impl.protobuf.WireFormat$FieldType                  : loaded 3 times (x 84B)
Class kotlin.reflect.jvm.internal.impl.metadata.ProtoBuf$TypeTable$1                  : loaded 3 times (x 89B)
Class [Lkotlin.reflect.jvm.internal.impl.descriptors.Named;                           : loaded 3 times (x 71B)
Class kotlin.reflect.jvm.internal.impl.descriptors.impl.PropertyAccessorDescriptorImpl: loaded 3 times (x 188B)
Class kotlin.reflect.jvm.internal.impl.descriptors.impl.TypeAliasConstructorDescriptor: loaded 3 times (x 72B)
Class kotlin.reflect.jvm.internal.impl.resolve.VisibilityUtilKt                       : loaded 3 times (x 73B)
Class kotlin.reflect.jvm.internal.impl.load.java.JavaIncompatibilityRulesOverridabilityCondition: loaded 3 times (x 77B)
Class com.google.common.base.CommonPattern                                            : loaded 3 times (x 76B)
Class com.google.common.collect.Iterators                                             : loaded 3 times (x 73B)
Class com.google.common.base.CharMatcher$IsNot                                        : loaded 3 times (x 113B)
Class kotlin.reflect.jvm.internal.impl.types.checker.NewKotlinTypeCheckerImpl         : loaded 3 times (x 82B)
Class com.google.common.collect.Range                                                 : loaded 3 times (x 89B)
Class [Lkotlin.reflect.jvm.internal.impl.builtins.jvm.JvmBuiltIns$Kind;               : loaded 3 times (x 71B)
Class kotlin.reflect.jvm.internal.impl.storage.NotNullLazyValue                       : loaded 3 times (x 72B)
Class kotlin.reflect.jvm.internal.impl.storage.LockBasedStorageManager$MapBasedMemoizedFunction: loaded 3 times (x 84B)
Class [Lkotlin.reflect.jvm.internal.impl.load.java.ReportLevel;                       : loaded 3 times (x 71B)
Class kotlin.reflect.jvm.internal.impl.load.java.components.JavaPropertyInitializerEvaluator$DoNothing: loaded 3 times (x 76B)
Class kotlin.reflect.jvm.internal.impl.serialization.deserialization.AnnotationAndConstantLoader: loaded 3 times (x 72B)
Class kotlin.reflect.jvm.internal.impl.protobuf.MessageLiteOrBuilder                  : loaded 3 times (x 72B)
Class com.google.common.collect.Iterators$MergingIterator                             : loaded 3 times (x 83B)
Class org.jetbrains.kotlin.protobuf.AbstractMessageLite$Builder                       : loaded 3 times (x 124B)
Class org.jetbrains.kotlin.protobuf.Internal$EnumLiteMap                              : loaded 3 times (x 72B)
Class org.jetbrains.kotlin.protobuf.GeneratedMessageLite                              : loaded 3 times (x 103B)
Class org.jetbrains.kotlin.cli.common.messages.MessageCollector$Companion             : loaded 3 times (x 73B)
Class org.jetbrains.kotlin.metadata.deserialization.MetadataVersion                   : loaded 3 times (x 76B)
Class [Lkotlin.reflect.jvm.internal.impl.protobuf.Internal$EnumLite;                  : loaded 3 times (x 71B)
Class kotlin.reflect.jvm.internal.impl.metadata.ProtoBuf$TypeTable                    : loaded 3 times (x 98B)
Class kotlin.reflect.jvm.internal.impl.load.kotlin.header.ReadKotlinClassHeaderAnnotationVisitor: loaded 3 times (x 81B)
Class kotlin.reflect.jvm.internal.impl.descriptors.impl.LazyPackageViewDescriptorImpl : loaded 3 times (x 104B)
Class kotlin.reflect.jvm.internal.impl.resolve.OverridingUtil$OverrideCompatibilityInfo$Result: loaded 3 times (x 81B)
Class kotlin.reflect.jvm.internal.impl.load.java.UtilsKt                              : loaded 3 times (x 73B)
Class org.jetbrains.kotlin.build.report.metrics.RUN_COMPILATION_IN_WORKER             : loaded 3 times (x 74B)
Class org.jetbrains.kotlin.com.intellij.openapi.diagnostic.LogLevel                   : loaded 3 times (x 81B)
Class kotlin.reflect.jvm.internal.impl.metadata.ProtoBuf$Visibility$1                 : loaded 3 times (x 76B)
Class kotlin.reflect.jvm.internal.impl.descriptors.TypeParameterUtilsKt               : loaded 3 times (x 73B)
Class [Lorg.jetbrains.kotlin.protobuf.Internal$EnumLite;                              : loaded 3 times (x 71B)
Class kotlin.reflect.jvm.internal.impl.types.model.TypeSystemInferenceExtensionContext: loaded 3 times (x 72B)
Class [Lkotlin.reflect.jvm.internal.impl.descriptors.TypeParameterDescriptor;         : loaded 3 times (x 71B)
Class kotlin.reflect.jvm.internal.impl.resolve.scopes.MemberScope$Companion           : loaded 3 times (x 73B)
Class kotlin.reflect.jvm.internal.impl.serialization.deserialization.descriptors.DeserializedContainerAbiStability: loaded 3 times (x 81B)
Class [Lkotlin.reflect.jvm.internal.impl.metadata.ProtoBuf$Type$Argument$Projection;  : loaded 3 times (x 71B)
Class kotlin.reflect.jvm.internal.impl.descriptors.runtime.structure.ReflectJavaPackage: loaded 3 times (x 84B)
Class kotlin.reflect.jvm.internal.impl.serialization.deserialization.AnnotationAndConstantLoaderImpl: loaded 3 times (x 86B)
Class kotlin.reflect.jvm.internal.impl.metadata.ProtoBuf$Annotation$1                 : loaded 3 times (x 89B)
Class kotlin.reflect.jvm.internal.impl.resolve.scopes.MemberScope$Empty               : loaded 3 times (x 94B)
Class kotlin.reflect.jvm.internal.impl.metadata.jvm.deserialization.JvmProtoBufUtil   : loaded 3 times (x 73B)
Class kotlin.reflect.jvm.internal.impl.storage.LockBasedStorageManager$LockBasedNotNullLazyValue: loaded 3 times (x 86B)
Class kotlin.reflect.jvm.internal.impl.builtins.jvm.JvmBuiltInsCustomizer             : loaded 3 times (x 83B)
Class kotlin.reflect.jvm.internal.impl.descriptors.impl.PackageFragmentDescriptorImpl : loaded 3 times (x 107B)
Class kotlin.reflect.jvm.internal.impl.descriptors.PropertyGetterDescriptor           : loaded 3 times (x 72B)
Class kotlin.reflect.jvm.internal.impl.protobuf.LazyFieldLite                         : loaded 3 times (x 78B)
Class kotlin.reflect.jvm.internal.impl.metadata.ProtoBuf$Annotation$Argument$Value    : loaded 3 times (x 98B)
Class kotlin.reflect.jvm.internal.impl.metadata.deserialization.Flags$BooleanFlagField: loaded 3 times (x 77B)
Class [Lkotlin.reflect.jvm.internal.impl.metadata.ProtoBuf$Modality;                  : loaded 3 times (x 71B)
Class kotlin.reflect.jvm.internal.impl.builtins.jvm.JvmBuiltInsSignatures             : loaded 3 times (x 73B)
Class kotlin.reflect.jvm.internal.impl.load.java.FakePureImplementationsProvider      : loaded 3 times (x 73B)
Class kotlin.reflect.jvm.internal.impl.types.model.FlexibleTypeMarker                 : loaded 3 times (x 72B)
Class kotlin.reflect.jvm.internal.impl.descriptors.impl.FieldDescriptorImpl           : loaded 3 times (x 80B)
Class kotlin.reflect.jvm.internal.impl.descriptors.java.JavaVisibilities$ProtectedAndPackage: loaded 3 times (x 77B)
Class [Lorg.jetbrains.kotlin.cli.common.ExitCode;                                     : loaded 3 times (x 71B)
Class com.google.common.collect.Maps$EntryTransformer                                 : loaded 3 times (x 72B)
Class kotlin.reflect.jvm.internal.impl.types.AbstractTypeConstructor$Supertypes       : loaded 3 times (x 74B)
Class kotlin.reflect.jvm.internal.impl.descriptors.ValueParameterDescriptor           : loaded 3 times (x 72B)
Class [Lkotlin.reflect.jvm.internal.impl.types.model.TypeArgumentMarker;              : loaded 3 times (x 71B)
Class kotlin.reflect.jvm.internal.impl.resolve.OverridingUtil$4                       : loaded 3 times (x 76B)
Class [Lorg.jetbrains.kotlin.config.LanguageVersion;                                  : loaded 3 times (x 71B)
Class org.jetbrains.kotlin.cli.common.CompilerSystemProperties$value$1                : loaded 3 times (x 127B)
Class kotlin.reflect.jvm.internal.impl.load.java.SpecialGenericSignatures             : loaded 3 times (x 73B)
Class com.google.common.io.ByteSink$AsCharSink                                        : loaded 3 times (x 82B)
Class org.jetbrains.kotlin.protobuf.AbstractParser                                    : loaded 3 times (x 146B)
Class org.jetbrains.kotlin.metadata.ProtoBuf$Annotation$1                             : loaded 3 times (x 146B)
Class kotlin.reflect.jvm.internal.impl.load.java.ErasedOverridabilityCondition        : loaded 3 times (x 77B)
Class org.jetbrains.kotlin.descriptors.Visibilities$Unknown                           : loaded 3 times (x 81B)
Class kotlin.reflect.jvm.internal.impl.types.model.TypeConstructorMarker              : loaded 3 times (x 72B)
Class org.jetbrains.kotlin.load.kotlin.KotlinJvmBinaryClass                           : loaded 3 times (x 72B)
Class kotlin.reflect.jvm.internal.impl.descriptors.impl.AbstractClassDescriptor$3     : loaded 3 times (x 79B)
Class kotlin.reflect.jvm.internal.impl.metadata.ProtoBuf$Constructor                  : loaded 3 times (x 103B)
Class kotlin.reflect.jvm.internal.impl.metadata.ProtoBuf$Package                      : loaded 3 times (x 103B)
Class kotlin.reflect.jvm.internal.impl.serialization.deserialization.descriptors.DeserializedContainerSource: loaded 3 times (x 72B)
Class kotlin.reflect.jvm.internal.impl.builtins.BuiltInsPackageFragment               : loaded 3 times (x 72B)
Class kotlin.reflect.jvm.internal.impl.metadata.ProtoBuf$QualifiedNameTable$QualifiedNameOrBuilder: loaded 3 times (x 72B)
Class kotlin.reflect.jvm.internal.impl.load.java.DescriptorsJvmAbiUtil                : loaded 3 times (x 73B)
Class org.jetbrains.kotlin.descriptors.Visibilities$Private                           : loaded 3 times (x 81B)
Class kotlin.reflect.jvm.internal.KPropertyImpl$Accessor                              : loaded 3 times (x 124B)
Class org.jetbrains.kotlin.protobuf.Parser                                            : loaded 3 times (x 72B)
Class org.jetbrains.kotlin.config.KotlinCompilerVersion                               : loaded 3 times (x 73B)
Class kotlin.reflect.jvm.internal.impl.descriptors.SourceElement                      : loaded 3 times (x 72B)
Class kotlin.reflect.jvm.internal.impl.descriptors.impl.AbstractClassDescriptor$2     : loaded 3 times (x 79B)
Class kotlin.reflect.jvm.internal.impl.descriptors.ReceiverParameterDescriptor        : loaded 3 times (x 72B)
Class kotlin.reflect.jvm.internal.impl.descriptors.SimpleFunctionDescriptor           : loaded 3 times (x 72B)
Class kotlin.reflect.jvm.internal.impl.descriptors.Visibilities$Public                : loaded 3 times (x 77B)
Class kotlin.reflect.jvm.internal.impl.protobuf.Internal$EnumLite                     : loaded 3 times (x 72B)
Class com.google.common.collect.Lists$StringAsImmutableList                           : loaded 3 times (x 209B)
Class kotlin.reflect.jvm.internal.impl.descriptors.TypeAliasDescriptor                : loaded 3 times (x 72B)
Class org.jetbrains.kotlin.com.intellij.openapi.diagnostic.Logger$DefaultFactory      : loaded 3 times (x 76B)
Class com.google.common.collect.MapMakerInternalMap$1                                 : loaded 3 times (x 85B)
Class com.google.common.collect.ImmutableAsList                                       : loaded 3 times (x 211B)
Class kotlin.reflect.jvm.internal.impl.descriptors.impl.PropertySetterDescriptorImpl  : loaded 3 times (x 193B)
Class kotlin.reflect.jvm.internal.impl.serialization.deserialization.AnnotatedCallableKind: loaded 3 times (x 81B)
Class kotlin.reflect.jvm.internal.KDeclarationContainerImpl$MemberBelonginess         : loaded 3 times (x 81B)
Class kotlin.reflect.jvm.internal.impl.serialization.deserialization.ProtoEnumFlagsUtilsKt: loaded 3 times (x 73B)
Class com.google.common.base.CharMatcher$IsEither                                     : loaded 3 times (x 113B)
Class kotlin.reflect.jvm.internal.impl.resolve.scopes.receivers.ReceiverValue         : loaded 3 times (x 72B)
Class com.google.common.base.FunctionalEquivalence                                    : loaded 3 times (x 85B)
Class kotlin.reflect.jvm.internal.impl.descriptors.impl.ClassDescriptorImpl           : loaded 3 times (x 177B)
Class kotlin.reflect.jvm.internal.impl.descriptors.Modality                           : loaded 3 times (x 81B)
Class kotlin.reflect.jvm.internal.impl.descriptors.CallableMemberDescriptor           : loaded 3 times (x 72B)
Class kotlin.reflect.jvm.internal.impl.descriptors.Substitutable                      : loaded 3 times (x 72B)
Class kotlin.reflect.jvm.internal.impl.storage.LockBasedStorageManager$NotValue       : loaded 3 times (x 81B)
Class kotlin.reflect.jvm.internal.ModuleByClassLoaderKt                               : loaded 3 times (x 73B)
Class com.google.common.collect.AbstractMapBasedMultimap                              : loaded 3 times (x 140B)
Class com.google.gson.Strictness                                                      : loaded 3 times (x 81B)
Class com.google.common.collect.Iterators$9                                           : loaded 3 times (x 83B)
Class kotlin.reflect.jvm.internal.impl.descriptors.runtime.components.RuntimeModuleData$Companion: loaded 3 times (x 73B)
Class kotlin.reflect.jvm.internal.impl.storage.MemoizedFunctionToNotNull              : loaded 3 times (x 72B)
Class kotlin.reflect.jvm.internal.impl.load.java.lazy.types.JavaTypeFlexibility       : loaded 3 times (x 81B)
Class kotlin.reflect.jvm.internal.impl.types.LazyWrappedType                          : loaded 3 times (x 86B)
Class kotlin.reflect.jvm.internal.impl.descriptors.impl.AbstractClassDescriptor$1     : loaded 3 times (x 79B)
Class kotlin.reflect.jvm.internal.impl.metadata.ProtoBuf$Type$Argument$1              : loaded 3 times (x 89B)
Class kotlin.reflect.jvm.internal.impl.resolve.scopes.DescriptorKindFilter$Companion$MaskToName: loaded 3 times (x 74B)
Class kotlin.reflect.jvm.internal.impl.load.java.lazy.descriptors.DeclaredMemberIndex : loaded 3 times (x 72B)
Class kotlin.reflect.jvm.internal.impl.name.CallableId$Companion                      : loaded 3 times (x 73B)
Class com.google.common.collect.Lists                                                 : loaded 3 times (x 73B)
Class com.google.common.base.Converter                                                : loaded 3 times (x 92B)
Class [Lcom.google.common.base.AbstractIterator$State;                                : loaded 3 times (x 71B)
Class org.objectweb.asm.Context                                                       : loaded 3 times (x 74B)
Class org.jetbrains.kotlin.metadata.jvm.deserialization.JvmMemberSignature$Method     : loaded 3 times (x 77B)
Class com.google.common.collect.ImmutableSet$CachingAsList                            : loaded 3 times (x 150B)
Class [Lorg.jetbrains.kotlin.metadata.ProtoBuf$MemberKind;                            : loaded 3 times (x 71B)
Class org.jetbrains.kotlin.metadata.ProtoBuf$Function$1                               : loaded 3 times (x 146B)
Class org.jetbrains.kotlin.metadata.deserialization.Flags$BooleanFlagField            : loaded 3 times (x 78B)
Class org.jetbrains.kotlin.metadata.jvm.deserialization.JvmProtoBufUtil               : loaded 3 times (x 73B)
Class org.jetbrains.kotlin.metadata.ProtoBuf$Annotation$Argument$Value$Type$1         : loaded 3 times (x 76B)
Class org.jetbrains.kotlin.metadata.ProtoBuf$ContractOrBuilder                        : loaded 3 times (x 72B)
Class [Lorg.jetbrains.kotlin.metadata.ProtoBuf$Visibility;                            : loaded 3 times (x 71B)
Class org.jetbrains.kotlin.load.kotlin.KotlinJvmBinaryClass$AnnotationVisitor         : loaded 3 times (x 72B)
Class org.jetbrains.kotlin.metadata.ProtoBuf$TypeOrBuilder                            : loaded 3 times (x 72B)
Class kotlin.reflect.jvm.internal.impl.descriptors.impl.ModuleAwareClassDescriptor    : loaded 3 times (x 174B)
Class org.jetbrains.kotlin.protobuf.WireFormat$JavaType                               : loaded 3 times (x 81B)
Class org.jetbrains.kotlin.config.MavenComparableVersion                              : loaded 3 times (x 80B)
Class kotlin.reflect.jvm.internal.impl.util.ModuleVisibilityHelper$EMPTY              : loaded 3 times (x 76B)
Class kotlin.reflect.jvm.internal.impl.load.java.structure.JavaPackage                : loaded 3 times (x 72B)
Class kotlin.reflect.jvm.internal.impl.protobuf.CodedOutputStream                     : loaded 3 times (x 74B)
Class kotlin.reflect.jvm.internal.impl.protobuf.SmallSortedMap$EntrySet               : loaded 3 times (x 139B)
Class kotlin.io.FileTreeWalk$FileTreeWalkIterator$WhenMappings                        : loaded 3 times (x 73B)
Class kotlin.reflect.jvm.internal.impl.metadata.ProtoBuf$PackageFragment$1            : loaded 3 times (x 89B)
Class kotlin.reflect.jvm.internal.impl.resolve.MemberComparator$NameAndTypeMemberComparator: loaded 3 times (x 93B)
Class kotlin.reflect.jvm.internal.impl.load.java.lazy.descriptors.JavaDescriptorUtilKt: loaded 3 times (x 73B)
Class com.google.common.collect.ImmutableCollection                                   : loaded 3 times (x 127B)
Class kotlin.reflect.jvm.internal.impl.descriptors.DescriptorUtilKt                   : loaded 3 times (x 73B)
Class com.google.common.base.CharMatcher$AnyOf                                        : loaded 3 times (x 114B)
Class org.jetbrains.kotlin.metadata.ProtoBuf$TypeTableOrBuilder                       : loaded 3 times (x 72B)
Class kotlin.reflect.jvm.internal.impl.renderer.DescriptorRendererModifier            : loaded 3 times (x 81B)
Class org.jetbrains.kotlin.metadata.ProtoBuf$Package                                  : loaded 3 times (x 130B)
Class kotlin.reflect.jvm.internal.impl.resolve.constants.ConstantValue                : loaded 3 times (x 76B)
Class kotlin.reflect.jvm.internal.impl.load.java.lazy.ModuleClassResolver             : loaded 3 times (x 72B)
Class kotlin.reflect.jvm.internal.impl.descriptors.annotations.Annotations            : loaded 3 times (x 72B)
Class kotlin.reflect.jvm.internal.impl.descriptors.annotations.Annotated              : loaded 3 times (x 72B)
Class kotlin.reflect.jvm.internal.impl.load.java.JavaClassFinder                      : loaded 3 times (x 72B)
Class kotlin.reflect.jvm.internal.impl.load.java.ReportLevel                          : loaded 3 times (x 81B)
Class kotlin.reflect.jvm.internal.impl.load.java.ReportLevel$Companion                : loaded 3 times (x 73B)
Class kotlin.reflect.jvm.internal.impl.serialization.deserialization.LocalClassifierTypeSettings: loaded 3 times (x 72B)
Class kotlin.reflect.jvm.internal.impl.protobuf.ByteString                            : loaded 3 times (x 99B)
Class kotlin.reflect.jvm.internal.impl.metadata.ProtoBuf$Modality$1                   : loaded 3 times (x 76B)
Class kotlin.reflect.jvm.internal.impl.descriptors.runtime.structure.ReflectJavaType$Factory: loaded 3 times (x 73B)
Class kotlin.reflect.jvm.internal.impl.serialization.deserialization.descriptors.DeserializedPropertyDescriptor: loaded 3 times (x 212B)
Class com.google.common.base.CharMatcher$ForPredicate                                 : loaded 3 times (x 114B)
Class [Lcom.google.common.collect.MapMakerInternalMap$Segment;                        : loaded 3 times (x 71B)
Class org.jetbrains.kotlin.name.FqNameUnsafe                                          : loaded 3 times (x 74B)
Class com.google.common.collect.RegularImmutableSet                                   : loaded 3 times (x 150B)
Class org.jetbrains.kotlin.protobuf.WireFormat$FieldType$4                            : loaded 3 times (x 84B)
Class org.jetbrains.kotlin.metadata.ProtoBuf$Type$1                                   : loaded 3 times (x 146B)
Class org.jetbrains.kotlin.metadata.ProtoBuf$Contract$1                               : loaded 3 times (x 146B)
Class [Lorg.jetbrains.kotlin.metadata.ProtoBuf$Annotation$Argument$Value$Type;        : loaded 3 times (x 71B)
Class org.jetbrains.kotlin.metadata.jvm.JvmProtoBuf$JvmMethodSignature$1              : loaded 3 times (x 146B)
Class org.jetbrains.kotlin.load.kotlin.FileBasedKotlinClass$3$1                       : loaded 3 times (x 80B)
Class org.jetbrains.kotlin.descriptors.Visibilities$Internal                          : loaded 3 times (x 81B)
Class com.google.common.collect.HashBiMap$Inverse                                     : loaded 3 times (x 144B)
Class kotlin.reflect.jvm.internal.impl.descriptors.FieldDescriptor                    : loaded 3 times (x 72B)
Class kotlin.reflect.jvm.internal.impl.metadata.ProtoBuf$ValueParameter$1             : loaded 3 times (x 89B)
Class kotlin.reflect.jvm.internal.impl.metadata.ProtoBuf$VersionRequirementTableOrBuilder: loaded 3 times (x 72B)
Class [Lkotlin.reflect.jvm.internal.impl.descriptors.DeclarationDescriptor;           : loaded 3 times (x 71B)
Class kotlin.reflect.jvm.internal.impl.descriptors.FindClassInModuleKt                : loaded 3 times (x 73B)
Class com.google.common.collect.ImmutableBiMap$Builder                                : loaded 3 times (x 84B)
Class kotlin.reflect.jvm.internal.impl.metadata.deserialization.NameResolver          : loaded 3 times (x 72B)
Class kotlin.reflect.jvm.internal.impl.types.AbstractStubType                         : loaded 3 times (x 93B)
Class com.google.common.base.Splitter$SplittingIterator                               : loaded 3 times (x 85B)
Class com.google.common.collect.ImmutableSet$JdkBackedSetBuilderImpl                  : loaded 3 times (x 78B)
Class org.jetbrains.kotlin.protobuf.WireFormat$FieldType$3                            : loaded 3 times (x 84B)
Class org.jetbrains.org.objectweb.asm.AnnotationVisitor                               : loaded 3 times (x 80B)
Class org.jetbrains.kotlin.cli.common.arguments.Disables                              : loaded 3 times (x 72B)
Class com.google.common.collect.Iterators$5                                           : loaded 3 times (x 84B)
Class kotlin.reflect.jvm.internal.impl.types.WrappedType                              : loaded 3 times (x 85B)
Class kotlin.reflect.jvm.internal.impl.metadata.jvm.JvmProtoBuf$StringTableTypes$Record$1: loaded 3 times (x 89B)
Class kotlin.reflect.jvm.internal.impl.types.FlexibleTypesKt                          : loaded 3 times (x 73B)
Class org.jetbrains.kotlin.utils.DescriptionAware                                     : loaded 3 times (x 72B)
Class org.jetbrains.kotlin.descriptors.Visibilities$PrivateToThis                     : loaded 3 times (x 81B)
Class kotlin.reflect.jvm.internal.impl.load.java.SpecialGenericSignatures$Companion   : loaded 3 times (x 73B)
Class kotlin.reflect.jvm.internal.impl.types.TypeConstructorSubstitution$Companion$createByConstructorsMap$1: loaded 3 times (x 81B)
Class org.jetbrains.kotlin.load.kotlin.FileBasedKotlinClass$OuterAndInnerName         : loaded 3 times (x 74B)
Class org.jetbrains.kotlin.protobuf.WireFormat$FieldType$2                            : loaded 3 times (x 84B)
Class org.jetbrains.kotlin.protobuf.SmallSortedMap$1                                  : loaded 3 times (x 131B)
Class [Lorg.jetbrains.kotlin.protobuf.WireFormat$FieldType;                           : loaded 3 times (x 71B)
Class kotlin.reflect.jvm.internal.impl.load.java.typeEnhancement.TypeComponentPositionKt: loaded 3 times (x 73B)
Class org.jetbrains.kotlin.metadata.ProtoBuf$ValueParameter$1                         : loaded 3 times (x 146B)
Class com.google.common.collect.ImmutableBiMap                                        : loaded 3 times (x 145B)
Class com.google.common.collect.Iterators$4                                           : loaded 3 times (x 84B)
Class kotlin.reflect.jvm.internal.impl.load.java.lazy.descriptors.LazyJavaClassDescriptor$LazyJavaClassTypeConstructor: loaded 3 times (x 99B)
Class com.google.common.io.FileWriteMode                                              : loaded 3 times (x 81B)
Class com.google.common.collect.AbstractListMultimap                                  : loaded 3 times (x 173B)
Class [Lkotlin.reflect.jvm.internal.impl.descriptors.PackageFragmentProvider;         : loaded 3 times (x 71B)
Class kotlin.reflect.jvm.internal.impl.metadata.deserialization.BinaryVersion         : loaded 3 times (x 74B)
Class com.google.common.base.CharMatcher$And                                          : loaded 3 times (x 114B)
Class kotlin.reflect.jvm.internal.impl.renderer.DescriptorRendererOptions             : loaded 3 times (x 72B)
Class kotlin.reflect.jvm.internal.impl.descriptors.impl.ModuleDependencies            : loaded 3 times (x 72B)
Class kotlin.reflect.jvm.internal.impl.load.kotlin.KotlinJvmBinarySourceElement       : loaded 3 times (x 80B)
Class kotlin.reflect.KClasses                                                         : loaded 3 times (x 73B)
Class kotlin.reflect.jvm.internal.impl.load.java.descriptors.JavaCallableMemberDescriptor: loaded 3 times (x 72B)
Class kotlin.reflect.jvm.internal.impl.metadata.jvm.JvmProtoBuf$JvmPropertySignature$Builder: loaded 3 times (x 93B)
Class kotlin.reflect.jvm.internal.impl.metadata.jvm.JvmProtoBuf$StringTableTypes$Record$Operation$1: loaded 3 times (x 76B)
Class kotlin.reflect.jvm.internal.impl.protobuf.AbstractMessageLite$Builder$LimitedInputStream: loaded 3 times (x 94B)
Class kotlin.reflect.jvm.internal.impl.load.java.components.DescriptorResolverUtils$1 : loaded 3 times (x 79B)
Class [Lorg.jetbrains.kotlin.cli.common.messages.CompilerMessageSeverity;             : loaded 3 times (x 71B)
Class kotlin.reflect.jvm.internal.impl.load.java.lazy.types.JavaTypeResolver          : loaded 3 times (x 74B)
Class kotlin.reflect.jvm.internal.impl.descriptors.deserialization.AdditionalClassPartsProvider: loaded 3 times (x 72B)
Class kotlin.reflect.jvm.internal.impl.descriptors.runtime.components.RuntimeSourceElementFactory: loaded 3 times (x 76B)
Class kotlin.reflect.jvm.internal.impl.types.AbstractTypePreparator                   : loaded 3 times (x 74B)
Class org.jetbrains.kotlin.protobuf.ByteString                                        : loaded 3 times (x 110B)
Class org.jetbrains.kotlin.protobuf.WireFormat$FieldType$1                            : loaded 3 times (x 84B)
Class org.jetbrains.kotlin.protobuf.GeneratedMessageLite$Builder                      : loaded 3 times (x 130B)
Class org.jetbrains.kotlin.metadata.jvm.JvmProtoBuf$JvmMethodSignatureOrBuilder       : loaded 3 times (x 72B)
Class org.jetbrains.kotlin.metadata.ProtoBuf$Class$Kind                               : loaded 3 times (x 84B)
Class kotlin.reflect.jvm.internal.impl.descriptors.DeclarationDescriptorNonRoot       : loaded 3 times (x 72B)
Class kotlin.reflect.jvm.internal.impl.builtins.ReflectionTypes$Companion             : loaded 3 times (x 73B)
Class kotlin.reflect.jvm.internal.impl.load.java.JavaClassesTracker                   : loaded 3 times (x 72B)
Class kotlin.reflect.jvm.internal.impl.types.checker.NewKotlinTypeChecker$Companion   : loaded 3 times (x 73B)
Class kotlin.reflect.jvm.internal.impl.resolve.constants.IntegerValueConstant         : loaded 3 times (x 76B)
Class kotlin.reflect.jvm.internal.impl.descriptors.impl.ClassDescriptorBase           : loaded 3 times (x 176B)
Class kotlin.reflect.jvm.internal.impl.metadata.jvm.JvmProtoBuf                       : loaded 3 times (x 73B)
Class kotlin.reflect.jvm.internal.impl.serialization.deserialization.FlexibleTypeDeserializer$ThrowException: loaded 3 times (x 76B)
Class kotlin.reflect.jvm.internal.impl.metadata.deserialization.Flags$EnumLiteFlagField: loaded 3 times (x 78B)
Class kotlin.reflect.jvm.internal.impl.descriptors.runtime.structure.ReflectJavaClass : loaded 3 times (x 117B)
Class com.google.common.base.Objects                                                  : loaded 3 times (x 73B)
Class com.google.common.collect.AbstractMapBasedMultimap$Itr                          : loaded 3 times (x 85B)
Class kotlin.reflect.jvm.internal.impl.descriptors.runtime.components.RuntimeSourceElementFactory$RuntimeSourceElement: loaded 3 times (x 80B)
Class kotlin.reflect.jvm.internal.impl.metadata.ProtoBuf$StringTable$1                : loaded 3 times (x 89B)
Class kotlin.reflect.jvm.internal.impl.metadata.ProtoBuf$QualifiedNameTable$QualifiedName$Kind: loaded 3 times (x 84B)
Class kotlin.reflect.jvm.internal.impl.load.java.structure.ListBasedJavaAnnotationOwner: loaded 3 times (x 72B)
Class kotlin.reflect.jvm.internal.impl.types.model.TypeSystemContext                  : loaded 3 times (x 72B)
Class kotlin.reflect.jvm.internal.impl.serialization.deserialization.SuspendFunctionTypeUtilKt: loaded 3 times (x 73B)
Class kotlin.reflect.jvm.internal.impl.metadata.deserialization.BinaryVersion$Companion: loaded 3 times (x 73B)
Class com.google.common.collect.ImmutableMap$IteratorBasedImmutableMap                : loaded 3 times (x 128B)
Class com.google.common.collect.SingletonImmutableSet                                 : loaded 3 times (x 148B)
Class com.google.common.collect.IndexedImmutableSet                                   : loaded 3 times (x 154B)
Class com.google.common.collect.ImmutableMap$1                                        : loaded 3 times (x 83B)
Class org.jetbrains.kotlin.protobuf.BoundedByteString                                 : loaded 3 times (x 114B)
Class kotlin.reflect.jvm.internal.impl.storage.MemoizedFunctionToNullable             : loaded 3 times (x 72B)
Class kotlin.reflect.jvm.internal.impl.load.java.sources.JavaSourceElementFactory     : loaded 3 times (x 72B)
Class com.google.common.collect.Iterables                                             : loaded 3 times (x 73B)
Class com.google.common.base.Splitter$Strategy                                        : loaded 3 times (x 72B)
Class kotlin.concurrent.atomics.AtomicsKt__Atomics_jvmKt                              : loaded 3 times (x 73B)
Class kotlin.reflect.jvm.internal.impl.types.SpecialTypesKt                           : loaded 3 times (x 73B)
Class com.google.common.collect.BiMap                                                 : loaded 3 times (x 72B)
Class org.jetbrains.kotlin.load.kotlin.FileBasedKotlinClass$4                         : loaded 3 times (x 90B)
Class kotlin.reflect.jvm.internal.impl.builtins.KotlinBuiltIns$4                      : loaded 3 times (x 79B)
Class kotlin.reflect.jvm.internal.impl.incremental.components.LookupTracker$DO_NOTHING: loaded 3 times (x 77B)
Class kotlin.reflect.jvm.internal.impl.load.kotlin.AbstractBinaryClassAnnotationAndConstantLoader: loaded 3 times (x 101B)
Class kotlin.reflect.jvm.internal.impl.load.java.SpecialGenericSignatures$TypeSafeBarrierDescription$MAP_GET_OR_DEFAULT: loaded 3 times (x 81B)
Class kotlin.reflect.jvm.internal.impl.descriptors.runtime.structure.ReflectJavaType  : loaded 3 times (x 86B)
Class kotlin.reflect.jvm.internal.impl.renderer.PropertyAccessorRenderingPolicy       : loaded 3 times (x 81B)
Class kotlin.reflect.jvm.internal.impl.types.ClassifierBasedTypeConstructor           : loaded 3 times (x 88B)
Class kotlin.reflect.jvm.internal.impl.descriptors.ParameterDescriptor                : loaded 3 times (x 72B)
Class kotlin.reflect.jvm.internal.impl.serialization.deserialization.ContractDeserializer: loaded 3 times (x 72B)
Class kotlin.reflect.jvm.internal.impl.descriptors.impl.FunctionDescriptorImpl        : loaded 3 times (x 193B)
Class kotlin.reflect.jvm.internal.WeakClassLoaderBox                                  : loaded 3 times (x 74B)
Class kotlin.reflect.jvm.internal.impl.protobuf.WireFormat$FieldType$4                : loaded 3 times (x 84B)
Class [Lkotlin.reflect.jvm.internal.impl.resolve.scopes.MemberScope;                  : loaded 3 times (x 71B)
Class kotlin.reflect.jvm.internal.impl.types.checker.ClassicTypeCheckerStateKt        : loaded 3 times (x 73B)
Class kotlin.reflect.jvm.internal.impl.resolve.OverridingUtil$OverrideCompatibilityInfo: loaded 3 times (x 75B)
Class org.jetbrains.kotlin.metadata.ProtoBuf$Class                                    : loaded 3 times (x 178B)
Class org.jetbrains.kotlin.metadata.ProtoBuf$Type                                     : loaded 3 times (x 146B)
Class org.jetbrains.kotlin.metadata.ProtoBuf$Property$1                               : loaded 3 times (x 146B)
Class kotlin.reflect.jvm.internal.JvmPropertySignature$KotlinProperty                 : loaded 3 times (x 75B)
Class org.jetbrains.kotlin.load.kotlin.FileBasedKotlinClass$3                         : loaded 3 times (x 80B)
Class com.google.common.collect.Iterators$1                                           : loaded 3 times (x 83B)
Class kotlin.reflect.jvm.internal.impl.builtins.KotlinBuiltIns$3                      : loaded 3 times (x 79B)
Class kotlin.reflect.jvm.internal.impl.storage.LockBasedStorageManager$CacheWithNullableValuesBasedOnMemoizedFunction: loaded 3 times (x 85B)
Class com.google.common.collect.AbstractIterator                                      : loaded 3 times (x 84B)
Class kotlin.reflect.jvm.internal.impl.incremental.components.LookupTracker           : loaded 3 times (x 72B)
Class kotlin.reflect.jvm.internal.impl.protobuf.WireFormat$FieldType$3                : loaded 3 times (x 84B)
Class kotlin.reflect.jvm.internal.impl.load.java.lazy.descriptors.LazyJavaScope       : loaded 3 times (x 106B)
Class org.jetbrains.kotlin.metadata.jvm.deserialization.JvmNameResolverKt             : loaded 3 times (x 73B)
Class kotlin.reflect.jvm.internal.impl.protobuf.CodedInputStream                      : loaded 3 times (x 74B)
Class kotlin.reflect.jvm.internal.impl.utils.SmartSet$Companion                       : loaded 3 times (x 73B)
Class kotlin.reflect.jvm.internal.impl.load.java.components.DescriptorResolverUtils$1$1: loaded 3 times (x 79B)
Class org.jetbrains.kotlin.build.report.metrics.CLASSPATH_ENTRY_SNAPSHOT_TRANSFORM    : loaded 3 times (x 74B)
Class org.jetbrains.kotlin.com.intellij.openapi.diagnostic.Logger                     : loaded 3 times (x 101B)
Class org.jetbrains.kotlin.descriptors.Visibilities$InvisibleFake                     : loaded 3 times (x 81B)
Class kotlin.reflect.jvm.internal.impl.utils.SmartSet                                 : loaded 3 times (x 138B)
Class kotlin.reflect.jvm.internal.impl.protobuf.GeneratedMessageLite$1                : loaded 3 times (x 73B)
Class kotlin.reflect.jvm.internal.impl.serialization.deserialization.DeserializedClassDataFinder: loaded 3 times (x 77B)
Class org.jetbrains.kotlin.protobuf.GeneratedMessageLite$GeneratedExtension           : loaded 3 times (x 81B)
Class org.jetbrains.kotlin.protobuf.UninitializedMessageException                     : loaded 3 times (x 86B)
Class org.jetbrains.kotlin.metadata.ProtoBuf$Annotation$Argument$Value$1              : loaded 3 times (x 146B)
Class org.jetbrains.kotlin.metadata.ProtoBuf$Type$ArgumentOrBuilder                   : loaded 3 times (x 72B)
Class kotlin.reflect.jvm.internal.impl.metadata.ProtoBuf$ClassOrBuilder               : loaded 3 times (x 72B)
Class com.google.common.primitives.Ints                                               : loaded 3 times (x 73B)
Class org.jetbrains.kotlin.name.ClassId                                               : loaded 3 times (x 74B)
Class org.jetbrains.kotlin.cli.common.arguments.Enables                               : loaded 3 times (x 72B)
Class org.jetbrains.kotlin.load.kotlin.FileBasedKotlinClass$2                         : loaded 3 times (x 90B)
Class com.google.gson.internal.JsonReaderInternalAccess                               : loaded 3 times (x 74B)
Class com.google.common.io.CharSource$CharSequenceCharSource                          : loaded 3 times (x 88B)
Class kotlin.reflect.jvm.internal.impl.descriptors.runtime.components.RuntimeErrorReporter: loaded 3 times (x 77B)
Class kotlin.reflect.jvm.internal.impl.storage.StorageManager                         : loaded 3 times (x 72B)
Class kotlin.reflect.jvm.internal.impl.builtins.KotlinBuiltIns$2                      : loaded 3 times (x 79B)
Class kotlin.reflect.jvm.internal.impl.types.TypeSubstitutor                          : loaded 3 times (x 81B)
Class kotlin.reflect.jvm.internal.impl.descriptors.impl.PropertyGetterDescriptorImpl  : loaded 3 times (x 193B)
Class kotlin.reflect.jvm.internal.impl.resolve.scopes.receivers.ImplicitReceiver      : loaded 3 times (x 72B)
Class kotlin.reflect.jvm.internal.impl.protobuf.SmallSortedMap$EntryIterator          : loaded 3 times (x 85B)
Class kotlin.reflect.jvm.internal.impl.renderer.ClassifierNamePolicy$SHORT            : loaded 3 times (x 76B)
Class kotlin.reflect.jvm.internal.impl.serialization.deserialization.ProtoEnumFlags   : loaded 3 times (x 73B)
Class kotlin.reflect.jvm.internal.impl.descriptors.runtime.components.ReflectAnnotationSource: loaded 3 times (x 77B)
Class kotlin.reflect.jvm.internal.impl.descriptors.ModuleDescriptor$DefaultImpls      : loaded 3 times (x 73B)
Class kotlin.reflect.jvm.internal.impl.storage.LockBasedStorageManager$KeyWithComputation: loaded 3 times (x 74B)
Class kotlin.reflect.jvm.internal.impl.metadata.ProtoBuf$Property                     : loaded 3 times (x 103B)
Class kotlin.reflect.jvm.internal.impl.descriptors.SupertypeLoopChecker$EMPTY         : loaded 3 times (x 76B)
Class kotlin.reflect.jvm.internal.impl.descriptors.DescriptorVisibilities             : loaded 3 times (x 73B)
Class kotlin.reflect.jvm.internal.impl.protobuf.WireFormat$FieldType$2                : loaded 3 times (x 84B)
Class kotlin.reflect.jvm.internal.impl.util.collectionUtils.ScopeUtilsKt              : loaded 3 times (x 73B)
Class kotlin.reflect.jvm.internal.impl.types.DisjointKeysUnionTypeSubstitution        : loaded 3 times (x 80B)
Class com.google.common.base.JdkPattern                                               : loaded 3 times (x 77B)
Class kotlin.reflect.jvm.internal.impl.metadata.ProtoBuf$Property$1                   : loaded 3 times (x 89B)
Class kotlin.reflect.jvm.internal.impl.protobuf.FieldSet$1                            : loaded 3 times (x 73B)
Class com.google.common.io.Files$FileByteSource                                       : loaded 3 times (x 87B)
Class org.jetbrains.kotlin.metadata.deserialization.TypeTable                         : loaded 3 times (x 74B)
Class com.google.common.collect.ImmutableList$ReverseImmutableList                    : loaded 3 times (x 211B)
Class org.jetbrains.kotlin.load.kotlin.FileBasedKotlinClass$1                         : loaded 3 times (x 90B)
Class kotlin.reflect.jvm.internal.impl.serialization.deserialization.descriptors.DeserializedClassDescriptor$DeserializedClassMemberScope: loaded 3 times (x 104B)
Class kotlin.reflect.jvm.internal.impl.resolve.scopes.DescriptorKindFilter$Companion  : loaded 3 times (x 73B)
Class kotlin.reflect.jvm.internal.impl.builtins.KotlinBuiltIns$1                      : loaded 3 times (x 79B)
Class kotlin.reflect.jvm.internal.impl.load.kotlin.DeserializationComponentsForJavaKt : loaded 3 times (x 73B)
Class kotlin.reflect.jvm.internal.impl.renderer.RenderingFormat                       : loaded 3 times (x 82B)
Class kotlin.reflect.jvm.internal.impl.descriptors.Visibilities$Protected             : loaded 3 times (x 77B)
Class kotlin.reflect.jvm.internal.impl.protobuf.WireFormat$FieldType$1                : loaded 3 times (x 84B)
Class com.google.common.collect.ArrayListMultimapGwtSerializationDependencies         : loaded 3 times (x 173B)
Class org.jetbrains.kotlin.metadata.jvm.JvmProtoBuf$StringTableTypes$Record$Operation$1: loaded 3 times (x 76B)
Class kotlin.reflect.jvm.internal.impl.metadata.ProtoBuf$PackageFragment              : loaded 3 times (x 103B)
Class kotlin.reflect.jvm.internal.impl.load.kotlin.header.KotlinClassHeader           : loaded 3 times (x 74B)
Class kotlin.reflect.jvm.internal.impl.load.kotlin.KotlinClassFinder$Result$KotlinClass: loaded 3 times (x 74B)
Class kotlin.reflect.jvm.internal.impl.serialization.deserialization.descriptors.DeserializedMemberScope$Implementation: loaded 3 times (x 72B)
Class kotlin.reflect.jvm.internal.impl.serialization.deserialization.descriptors.DeserializedAnnotations: loaded 3 times (x 91B)
Class com.google.common.collect.Multiset                                              : loaded 3 times (x 72B)
Class kotlin.reflect.jvm.internal.impl.serialization.deserialization.descriptors.DeserializedPackageMemberScope: loaded 3 times (x 105B)
Class kotlin.reflect.jvm.internal.impl.load.java.AnnotationQualifierApplicabilityType : loaded 3 times (x 81B)
Class [Lkotlin.reflect.jvm.internal.impl.resolve.ExternalOverridabilityCondition$Result;: loaded 3 times (x 71B)
Class kotlin.reflect.jvm.internal.impl.builtins.jvm.CloneableClassScope               : loaded 3 times (x 96B)
Class kotlin.reflect.jvm.internal.impl.load.java.components.DescriptorResolverUtils   : loaded 3 times (x 73B)
Class kotlin.reflect.jvm.internal.impl.resolve.OverridingUtil$3                       : loaded 3 times (x 77B)
Class org.jetbrains.kotlin.descriptors.Named                                          : loaded 3 times (x 72B)
Class org.jetbrains.org.objectweb.asm.FieldVisitor                                    : loaded 3 times (x 79B)
Class com.google.common.collect.ObjectArrays                                          : loaded 3 times (x 73B)
Class com.google.common.collect.AbstractIndexedListIterator                           : loaded 3 times (x 98B)
Class org.jetbrains.kotlin.name.FqNameUnsafe$Companion                                : loaded 3 times (x 73B)
Class org.jetbrains.kotlin.metadata.ProtoBuf$Visibility$1                             : loaded 3 times (x 76B)
Class org.jetbrains.kotlin.protobuf.GeneratedMessageLite$ExtensionDescriptor          : loaded 3 times (x 86B)
Class org.jetbrains.kotlin.protobuf.InvalidProtocolBufferException                    : loaded 3 times (x 86B)
Class org.jetbrains.kotlin.metadata.deserialization.NameResolver                      : loaded 3 times (x 72B)
Class com.google.common.io.ByteSink                                                   : loaded 3 times (x 78B)
Class com.google.common.collect.SingletonImmutableList                                : loaded 3 times (x 209B)
Class org.jetbrains.kotlin.descriptors.DeclarationDescriptor                          : loaded 3 times (x 72B)
Class com.google.common.math.MathPreconditions                                        : loaded 3 times (x 73B)
Class kotlin.reflect.jvm.internal.JvmPropertySignature                                : loaded 3 times (x 74B)
Class kotlin.reflect.jvm.internal.impl.metadata.ProtoBuf$ValueParameter               : loaded 3 times (x 103B)
Class org.jetbrains.kotlin.load.kotlin.KotlinJvmBinaryClass$AnnotationArrayArgumentVisitor: loaded 3 times (x 72B)
Class kotlin.reflect.jvm.internal.impl.load.java.lazy.LazyJavaPackageFragmentProvider : loaded 3 times (x 82B)
Class kotlin.reflect.jvm.internal.impl.metadata.ProtoBuf$Visibility                   : loaded 3 times (x 84B)
Class kotlin.reflect.jvm.internal.impl.builtins.jvm.JvmBuiltInClassDescriptorFactory  : loaded 3 times (x 79B)
Class kotlin.reflect.jvm.internal.impl.metadata.ProtoBuf$ConstructorOrBuilder         : loaded 3 times (x 72B)
Class kotlin.reflect.jvm.internal.impl.types.TypeSubstitution                         : loaded 3 times (x 79B)
Class kotlin.reflect.jvm.internal.impl.load.java.typeEnhancement.SignatureEnhancement : loaded 3 times (x 74B)
Class kotlin.reflect.jvm.internal.impl.load.java.NullabilityAnnotationStatesImpl      : loaded 3 times (x 77B)
Class kotlin.reflect.jvm.internal.impl.protobuf.GeneratedMessageLite$ExtensionDescriptor: loaded 3 times (x 85B)
Class kotlin.reflect.jvm.internal.impl.descriptors.impl.SubpackagesScope              : loaded 3 times (x 95B)
Class kotlin.reflect.jvm.internal.impl.resolve.scopes.ChainedMemberScope$Companion    : loaded 3 times (x 73B)
Class kotlin.reflect.jvm.internal.impl.metadata.ProtoBuf$QualifiedNameTableOrBuilder  : loaded 3 times (x 72B)
Class kotlin.reflect.jvm.internal.impl.resolve.DescriptorFactory$DefaultClassConstructorDescriptor: loaded 3 times (x 217B)
Class kotlin.reflect.jvm.internal.impl.load.java.JvmAbi                               : loaded 3 times (x 73B)
Class org.jetbrains.kotlin.build.report.metrics.INCREMENTAL_COMPILATION_DAEMON        : loaded 3 times (x 74B)
Class kotlin.reflect.jvm.internal.impl.protobuf.SmallSortedMap$EmptySet               : loaded 3 times (x 73B)
Class kotlin.reflect.jvm.internal.impl.resolve.OverridingUtil$1                       : loaded 3 times (x 76B)
Class kotlin.reflect.jvm.internal.impl.load.java.lazy.JavaResolverSettings$Default    : loaded 3 times (x 78B)
Class org.jetbrains.kotlin.metadata.ProtoBuf$PackageOrBuilder                         : loaded 3 times (x 72B)
Class org.jetbrains.kotlin.protobuf.SmallSortedMap$EmptySet$2                         : loaded 3 times (x 80B)
Class org.jetbrains.kotlin.metadata.ProtoBuf$ValueParameterOrBuilder                  : loaded 3 times (x 72B)
Class org.jetbrains.kotlin.metadata.jvm.JvmProtoBuf$JvmPropertySignature              : loaded 3 times (x 116B)
Class org.jetbrains.kotlin.descriptors.Visibilities$Protected                         : loaded 3 times (x 81B)
Class com.google.common.collect.MapMakerInternalMap$Segment                           : loaded 3 times (x 143B)
Class com.google.common.collect.NullnessCasts                                         : loaded 3 times (x 73B)
Class com.google.common.base.ExtraObjectsMethodsForWeb                                : loaded 3 times (x 73B)
Class kotlin.reflect.jvm.internal.impl.renderer.RenderingFormat$PLAIN                 : loaded 3 times (x 82B)
Class kotlin.reflect.jvm.internal.impl.metadata.ProtoBuf$Function                     : loaded 3 times (x 103B)
Class kotlin.reflect.jvm.internal.impl.metadata.ProtoBuf$ValueParameterOrBuilder      : loaded 3 times (x 72B)
Class [Lkotlin.reflect.jvm.internal.impl.descriptors.PackageFragmentProviderOptimized;: loaded 3 times (x 71B)
Class kotlin.reflect.jvm.internal.impl.descriptors.runtime.components.ReflectKotlinClass: loaded 3 times (x 81B)
Class kotlin.reflect.jvm.internal.impl.metadata.deserialization.TypeTable             : loaded 3 times (x 74B)
Class com.google.common.collect.Multimap                                              : loaded 3 times (x 72B)
Class kotlin.reflect.jvm.internal.impl.descriptors.ClassifierDescriptor               : loaded 3 times (x 72B)
Class com.google.common.primitives.IntsMethodsForWeb                                  : loaded 3 times (x 73B)
Class org.jetbrains.kotlin.metadata.ProtoBuf$Annotation$Argument$Value$Type           : loaded 3 times (x 84B)
Class org.jetbrains.kotlin.descriptors.SourceElement                                  : loaded 3 times (x 72B)
Class com.google.common.collect.RegularImmutableMap$KeySet                            : loaded 3 times (x 154B)
Class org.jetbrains.kotlin.metadata.jvm.JvmProtoBuf$StringTableTypes$Record$Operation : loaded 3 times (x 84B)
Class org.jetbrains.kotlin.com.intellij.openapi.diagnostic.DefaultLogger              : loaded 3 times (x 102B)
Class org.jetbrains.kotlin.protobuf.AbstractMessageLite$Builder$LimitedInputStream    : loaded 3 times (x 94B)
Class org.jetbrains.kotlin.protobuf.SmallSortedMap$EmptySet$1                         : loaded 3 times (x 80B)
Class com.google.common.collect.ImmutableMapEntrySet                                  : loaded 3 times (x 154B)
Class org.jetbrains.kotlin.metadata.ProtoBuf$Type$Argument$Projection$1               : loaded 3 times (x 76B)
Class org.jetbrains.kotlin.load.java.JvmAbi                                           : loaded 3 times (x 73B)
Class org.jetbrains.kotlin.protobuf.ByteString$ByteIterator                           : loaded 3 times (x 72B)
Class org.jetbrains.kotlin.config.LanguageFeatureBehaviorAfterSinceVersion$CanStillBeDisabledForNow: loaded 3 times (x 74B)
Class kotlin.io.FileWalkDirection                                                     : loaded 3 times (x 81B)
Class com.google.common.base.Equivalence$Identity                                     : loaded 3 times (x 84B)
Class kotlin.reflect.jvm.internal.impl.load.java.JavaNullabilityAnnotationsStatus     : loaded 3 times (x 74B)
Class kotlin.reflect.jvm.internal.impl.descriptors.PackageFragmentProvider            : loaded 3 times (x 72B)
Class com.google.common.base.PairwiseEquivalence                                      : loaded 3 times (x 85B)
Class kotlin.reflect.jvm.internal.impl.descriptors.VariableDescriptor                 : loaded 3 times (x 72B)
Class kotlin.reflect.jvm.internal.impl.resolve.scopes.GivenFunctionsMemberScope       : loaded 3 times (x 96B)
Class [Lkotlin.reflect.jvm.internal.impl.descriptors.DescriptorVisibility;            : loaded 3 times (x 71B)
Class kotlin.reflect.jvm.internal.impl.metadata.ProtoBuf$Annotation                   : loaded 3 times (x 98B)
Class org.jetbrains.kotlin.build.report.metrics.LOAD_CLASSES_PATHS_ONLY               : loaded 3 times (x 74B)
Class kotlin.reflect.jvm.internal.impl.metadata.ProtoBuf$TypeParameter                : loaded 3 times (x 103B)
Class kotlin.reflect.jvm.internal.impl.metadata.deserialization.Flags                 : loaded 3 times (x 73B)
Class kotlin.reflect.jvm.internal.impl.metadata.jvm.JvmProtoBuf$StringTableTypes$Record: loaded 3 times (x 98B)
Class kotlin.reflect.jvm.internal.impl.metadata.ProtoBuf$Annotation$Argument$Value$Type: loaded 3 times (x 84B)
Class kotlin.reflect.jvm.internal.impl.types.ClassTypeConstructorImpl                 : loaded 3 times (x 99B)
Class [Lkotlin.reflect.jvm.internal.KDeclarationContainerImpl$MemberBelonginess;      : loaded 3 times (x 71B)
Class kotlin.reflect.jvm.internal.impl.load.java.typeEnhancement.JavaTypeQualifiers   : loaded 3 times (x 74B)
Class kotlin.reflect.jvm.internal.impl.load.java.typeEnhancement.JavaTypeQualifiers$Companion: loaded 3 times (x 73B)
Class kotlin.reflect.jvm.internal.KFunctionImpl                                       : loaded 3 times (x 188B)
Class org.jetbrains.kotlin.incremental.IncrementalModuleInfo                          : loaded 3 times (x 74B)
Class kotlin.io.ByteStreamsKt                                                         : loaded 3 times (x 73B)
Class kotlin.reflect.jvm.internal.impl.descriptors.impl.ValueParameterDescriptorImpl$Companion: loaded 3 times (x 73B)
Class kotlin.reflect.jvm.internal.impl.load.java.typeEnhancement.JavaTypeEnhancement$SimpleResult: loaded 3 times (x 74B)
Class kotlin.reflect.jvm.internal.impl.types.model.IntersectionTypeConstructorMarker  : loaded 3 times (x 72B)
Class kotlin.reflect.jvm.internal.impl.load.java.structure.JavaType                   : loaded 3 times (x 72B)
Class org.jetbrains.org.objectweb.asm.MethodVisitor                                   : loaded 3 times (x 107B)
Class kotlin.reflect.jvm.internal.impl.descriptors.ClassifierDescriptorWithTypeParameters: loaded 3 times (x 72B)
Class kotlin.reflect.jvm.internal.impl.protobuf.SmallSortedMap$EmptySet$2             : loaded 3 times (x 80B)
Class kotlin.reflect.jvm.internal.impl.metadata.ProtoBuf$PackageOrBuilder             : loaded 3 times (x 72B)
Class kotlin.reflect.jvm.internal.impl.serialization.deserialization.ProtoEnumFlags$WhenMappings: loaded 3 times (x 73B)
Class kotlin.reflect.jvm.internal.impl.storage.SingleThreadValue                      : loaded 3 times (x 76B)
Class kotlin.reflect.jvm.internal.impl.serialization.deserialization.descriptors.NonEmptyDeserializedAnnotations: loaded 3 times (x 91B)
Class [Lkotlin.reflect.jvm.internal.impl.descriptors.DeclarationDescriptorNonRoot;    : loaded 3 times (x 71B)
Class kotlin.reflect.jvm.internal.impl.types.AbstractTypeChecker                      : loaded 3 times (x 73B)
Class kotlin.reflect.KProperty1$Getter                                                : loaded 3 times (x 72B)
Class kotlin.reflect.jvm.internal.impl.protobuf.AbstractMessageLite$Builder           : loaded 3 times (x 87B)
Class com.google.common.base.NullnessCasts                                            : loaded 3 times (x 73B)
Class org.jetbrains.kotlin.protobuf.LiteralByteString                                 : loaded 3 times (x 114B)
Class org.jetbrains.kotlin.protobuf.LazyFieldLite                                     : loaded 3 times (x 84B)
Class com.google.common.collect.ImmutableMap$Builder                                  : loaded 3 times (x 84B)
Class org.jetbrains.kotlin.progress.CompilationCanceledStatus                         : loaded 3 times (x 72B)
Class kotlin.reflect.jvm.internal.impl.storage.LockBasedStorageManager$ExceptionHandlingStrategy$1: loaded 3 times (x 76B)
Class kotlin.reflect.jvm.internal.impl.descriptors.ConstructorDescriptor              : loaded 3 times (x 72B)
Class kotlin.reflect.jvm.internal.impl.protobuf.FieldSet                              : loaded 3 times (x 74B)
Class kotlin.reflect.jvm.internal.impl.protobuf.SmallSortedMap$EmptySet$1             : loaded 3 times (x 80B)
Class kotlin.reflect.jvm.internal.impl.load.kotlin.KotlinJvmBinaryClass$AnnotationVisitor: loaded 3 times (x 72B)
Class kotlin.reflect.jvm.internal.impl.protobuf.CodedOutputStream$OutOfSpaceException : loaded 3 times (x 84B)
Class kotlin.reflect.jvm.internal.KPropertyImplKt                                     : loaded 3 times (x 73B)
Class org.jetbrains.kotlin.config.ApiVersion                                          : loaded 3 times (x 88B)
Class kotlin.reflect.jvm.internal.impl.resolve.scopes.ChainedMemberScope              : loaded 3 times (x 87B)
Class [Lorg.jetbrains.kotlin.metadata.ProtoBuf$Class$Kind;                            : loaded 3 times (x 71B)
Class com.google.gson.stream.JsonReader$1                                             : loaded 3 times (x 74B)
Class kotlin.reflect.jvm.internal.impl.builtins.jvm.JvmBuiltIns                       : loaded 3 times (x 115B)
Class kotlin.reflect.jvm.internal.impl.load.kotlin.DeserializationComponentsForJava$Companion$ModuleData: loaded 3 times (x 74B)
Class kotlin.reflect.jvm.internal.impl.resolve.sam.SamConversionResolver              : loaded 3 times (x 72B)
Class kotlin.reflect.jvm.internal.impl.metadata.jvm.JvmProtoBuf$JvmMethodSignatureOrBuilder: loaded 3 times (x 72B)
Class kotlin.reflect.jvm.internal.impl.incremental.UtilsKt                            : loaded 3 times (x 73B)
Class org.jetbrains.kotlin.metadata.deserialization.Flags$FlagField                   : loaded 3 times (x 75B)
Class kotlin.reflect.jvm.internal.impl.protobuf.RopeByteString                        : loaded 3 times (x 101B)
Class kotlin.reflect.jvm.internal.impl.metadata.ProtoBuf$QualifiedNameTable$1         : loaded 3 times (x 89B)
Class kotlin.reflect.jvm.internal.impl.metadata.ProtoBuf$Class$1                      : loaded 3 times (x 89B)
Class kotlin.reflect.jvm.internal.impl.metadata.jvm.JvmProtoBuf$JvmMethodSignature$1  : loaded 3 times (x 89B)
Class kotlin.reflect.jvm.internal.impl.resolve.OverridingStrategy                     : loaded 3 times (x 77B)
Class kotlin.reflect.jvm.internal.impl.descriptors.impl.AbstractClassDescriptor$1$1   : loaded 3 times (x 79B)
Class kotlin.io.FileAlreadyExistsException                                            : loaded 3 times (x 84B)
Class org.jetbrains.kotlin.incremental.classpathDiff.MultifileClassKotlinClassSnapshotExternalizer: loaded 2 times (x 77B)
Class kotlin.collections.CharIterator                                                 : loaded 2 times (x 84B)
Class org.jetbrains.kotlin.daemon.client.BasicCompilerServicesWithResultsFacadeServer : loaded 2 times (x 80B)
Class org.jetbrains.kotlin.daemon.common.DaemonOptions$mappers$2                      : loaded 2 times (x 131B)
Class org.jetbrains.kotlin.cli.common.arguments.Disables$Container                    : loaded 2 times (x 72B)
Class kotlinx.coroutines.internal.DispatchedContinuationKt                            : loaded 2 times (x 73B)
Class kotlin.reflect.jvm.internal.KClassImpl$Data$$Lambda$0                           : loaded 2 times (x 78B)
Class it.unimi.dsi.fastutil.ints.IntOpenHashSet                                       : loaded 2 times (x 241B)
Class com.android.utils.PositionXmlParser$ReleasableParserContainer                   : loaded 2 times (x 78B)
Class org.codehaus.groovy.runtime.memoize.MemoizeCache                                : loaded 2 times (x 72B)
Class groovy.lang.TrampolineClosure                                                   : loaded 2 times (x 134B)
Class org.codehaus.groovy.runtime.GroovyCategorySupport$MyThreadLocal                 : loaded 2 times (x 87B)
Class kotlin.reflect.jvm.internal.pcollections.IntTree                                : loaded 2 times (x 74B)
Class org.jetbrains.kotlin.gradle.tasks.DefaultKotlinJavaToolchain$getToolsJarFromJvm$1$1: loaded 2 times (x 81B)
Class org.jetbrains.kotlin.gradle.tasks.KotlinCompile$ClasspathSnapshotProperties_Decorated: loaded 2 times (x 131B)
Class org.jetbrains.kotlin.gradle.plugin.mpp.compilationImpl.KotlinCompilationSourceSetInclusion$Companion$includedSourceSets$2: loaded 2 times (x 80B)
Class org.jetbrains.kotlin.gradle.utils.WhenEvaluatedKt$whenEvaluated$4               : loaded 2 times (x 77B)
Class org.jetbrains.kotlin.gradle.plugin.diagnostics.KotlinToolingDiagnosticsSetupActionKt$KotlinToolingDiagnosticsSetupAction$1$1: loaded 2 times (x 77B)
Class org.jetbrains.kotlin.gradle.targets.js.npm.NpmDirectoryDependencyWithExternalsExtension: loaded 2 times (x 72B)
Class org.jetbrains.kotlin.gradle.plugin.KotlinProjectSetupAction                     : loaded 2 times (x 72B)
Class org.jetbrains.kotlin.gradle.plugin.KotlinGradleFinishBuildHandler$Companion     : loaded 2 times (x 73B)
Class org.jetbrains.kotlin.gradle.internal.IsInIdeaSyncValueSource                    : loaded 2 times (x 80B)
Class com.google.common.cache.Weigher                                                 : loaded 2 times (x 72B)
Class org.gradle.api.internal.classpath.UnknownModuleException                        : loaded 2 times (x 84B)
Class com.android.ide.common.resources.configuration.TouchScreenQualifier             : loaded 2 times (x 92B)
Class [Lcom.google.protobuf.WireFormat$JavaType;                                      : loaded 2 times (x 71B)
Class com.google.protobuf.SmallSortedMap                                              : loaded 2 times (x 133B)
Class org.codehaus.groovy.control.ErrorCollector                                      : loaded 2 times (x 101B)
Class org.codehaus.groovy.classgen.asm.MethodCallerMultiAdapter                       : loaded 2 times (x 75B)
Class org.apache.groovy.parser.antlr4.GroovyParser$EmptyDimsOptContext                : loaded 2 times (x 159B)
Class org.apache.groovy.parser.antlr4.GroovyParser$CatchTypeContext                   : loaded 2 times (x 162B)
Class [Lorg.codehaus.groovy.ast.NodeMetaDataHandler;                                  : loaded 2 times (x 71B)
Class org.codehaus.groovy.runtime.dgmimpl.arrays.IntegerArrayPutAtMetaMethod          : loaded 2 times (x 99B)
Class org.codehaus.groovy.ast.expr.ListExpression                                     : loaded 2 times (x 134B)
Class [Lorg.codehaus.groovy.reflection.CachedClass;                                   : loaded 2 times (x 71B)
Class org.codehaus.groovy.util.LazyReference                                          : loaded 2 times (x 83B)
Class kotlin.sequences.DistinctIterator                                               : loaded 2 times (x 85B)
Class org.apache.groovy.parser.antlr4.GroovyParser$ForStmtAltContext                  : loaded 2 times (x 165B)
Class kotlin.reflect.jvm.internal.KClassImpl$Data$$Lambda$1                           : loaded 2 times (x 78B)
Class kotlin.reflect.jvm.internal.impl.name.FqNameUnsafe$Companion                    : loaded 2 times (x 73B)
Class kotlinx.coroutines.internal.LockFreeTaskQueueCore                               : loaded 2 times (x 74B)
Class groovyjarjarantlr4.v4.runtime.CodePointCharStream$CodePoint8BitCharStream       : loaded 2 times (x 93B)
Class groovyjarjarantlr4.v4.runtime.dfa.EmptyEdgeMap                                  : loaded 2 times (x 99B)
Class com.android.prefs.VariableValue                                                 : loaded 2 times (x 84B)
Class com.android.prefs.AbstractAndroidLocations$Companion                            : loaded 2 times (x 73B)
Class org.jetbrains.kotlin.com.intellij.openapi.util.io.FileAttributes$CaseSensitivity: loaded 2 times (x 81B)
Class org.jetbrains.kotlin.com.intellij.openapi.vfs.impl.ArchiveHandler$1             : loaded 2 times (x 73B)
Class org.jetbrains.kotlin.incremental.classpathDiff.AccessibleClassSnapshot          : loaded 2 times (x 75B)
Class org.jetbrains.kotlin.incremental.storage.LongExternalizer                       : loaded 2 times (x 77B)
Class org.jetbrains.kotlin.incremental.classpathDiff.KotlinClassInfoExternalizer      : loaded 2 times (x 77B)
Class org.jetbrains.kotlin.daemon.common.DaemonOptions$mappers$3                      : loaded 2 times (x 143B)
Class org.jetbrains.kotlin.buildtools.internal.InProcessExecutionPolicyImpl           : loaded 2 times (x 75B)
Class org.apache.groovy.parser.antlr4.GroovyParser$ClassBodyDeclarationContext        : loaded 2 times (x 162B)
Class kotlin.reflect.jvm.internal.KFunctionImpl$defaultCaller$2                       : loaded 2 times (x 81B)
Class org.apache.groovy.parser.antlr4.GroovyParser$VariableDeclaratorsContext         : loaded 2 times (x 164B)
Class [Lorg.codehaus.groovy.ast.Variable;                                             : loaded 2 times (x 71B)
Class org.codehaus.groovy.transform.trait.SuperCallTraitTransformer                   : loaded 2 times (x 218B)
Class org.codehaus.groovy.classgen.InnerClassCompletionVisitor                        : loaded 2 times (x 214B)
Class org.codehaus.groovy.ast.tools.WideningCategories$LowestUpperBoundClassNode      : loaded 2 times (x 245B)
Class kotlin.reflect.jvm.internal.impl.metadata.jvm.deserialization.JvmMetadataVersion$Companion: loaded 2 times (x 73B)
Class kotlin.sequences.DropSequence$iterator$1                                        : loaded 2 times (x 81B)
Class org.apache.commons.io.Charsets                                                  : loaded 2 times (x 73B)
Class com.google.common.collect.AbstractMapBasedMultimap$WrappedNavigableSet          : loaded 2 times (x 282B)
Class org.jetbrains.kotlin.gradle.plugin.mpp.InternalKotlinTargetComponentKt          : loaded 2 times (x 73B)
Class org.jetbrains.kotlin.gradle.plugin.mpp.InternalKotlinTarget$DefaultImpls        : loaded 2 times (x 73B)
Class org.jetbrains.kotlin.gradle.plugin.statistics.KotlinBuildStatisticsUtilsKt$collectAppliedPluginsStatistics$1: loaded 2 times (x 77B)
Class org.jetbrains.kotlin.gradle.plugin.KotlinPluginLifecycleImpl$executeCurrentStageAndScheduleNext$3: loaded 2 times (x 77B)
Class org.jetbrains.kotlin.gradle.plugin.mpp.compilationImpl.KotlinCompilationRegisterInSourceSetsConfigurator$configure$1: loaded 2 times (x 81B)
Class org.jetbrains.kotlin.gradle.plugin.diagnostics.KotlinToolingDiagnosticsSetupActionKt$KotlinToolingDiagnosticsSetupAction$1$2: loaded 2 times (x 97B)
Class org.jetbrains.kotlin.gradle.targets.js.npm.NpmDependencyWithExternalsExtension  : loaded 2 times (x 72B)
Class org.jetbrains.kotlin.gradle.plugin.mpp.KotlinUsageContext                       : loaded 2 times (x 72B)
Class org.jetbrains.kotlin.gradle.plugin.KotlinTargetsContainer                       : loaded 2 times (x 72B)
Class org.jetbrains.kotlin.gradle.plugin.diagnostics.KotlinToolingDiagnosticsCollector$Parameter$Inject: loaded 2 times (x 108B)
Class org.jetbrains.kotlin.compilerRunner.GradleCliCommonizerKt                       : loaded 2 times (x 73B)
Class org.jetbrains.kotlin.gradle.utils.ConfigurationsKt                              : loaded 2 times (x 73B)
Class org.jetbrains.kotlin.gradle.plugin.StatisticsBuildFlowManager                   : loaded 2 times (x 74B)
Class org.jetbrains.kotlin.gradle.plugin.statistics.BuildFusService$Parameters        : loaded 2 times (x 72B)
Class org.jetbrains.kotlin.gradle.plugin.diagnostics.DefaultProblemsReporter$Factory  : loaded 2 times (x 78B)
Class org.jetbrains.kotlin.gradle.plugin.PluginWrappersKt                             : loaded 2 times (x 73B)
Class com.google.common.base.Stopwatch                                                : loaded 2 times (x 74B)
Class com.google.common.cache.LocalCache$Strength                                     : loaded 2 times (x 83B)
Class com.google.common.cache.Cache                                                   : loaded 2 times (x 72B)
Class com.google.protobuf.SmallSortedMap$1                                            : loaded 2 times (x 133B)
Class com.android.ide.common.rendering.api.ResourceNamespace$ResAutoNamespace         : loaded 2 times (x 82B)
Class org.codehaus.groovy.classgen.asm.OptimizingStatementWriter$OptimizeFlagsCollector$OptimizeFlagsEntry: loaded 2 times (x 74B)
Class [Lgroovyjarjarasm.asm.SymbolTable$Entry;                                        : loaded 2 times (x 71B)
Class groovyjarjarasm.asm.ClassTooLargeException                                      : loaded 2 times (x 84B)
Class org.codehaus.groovy.transform.stc.ExtensionMethodCache                          : loaded 2 times (x 78B)
Class com.google.protobuf.ExtensionRegistry$ExtensionInfo                             : loaded 2 times (x 74B)
Class org.apache.groovy.util.concurrent.concurrentlinkedhashmap.Weigher               : loaded 2 times (x 72B)
Class org.codehaus.groovy.classgen.ReturnAdder                                        : loaded 2 times (x 75B)
Class org.codehaus.groovy.transform.sc.StaticCompilationMetadataKeys                  : loaded 2 times (x 81B)
Class org.codehaus.groovy.classgen.EnumCompletionVisitor$1                            : loaded 2 times (x 189B)
Class org.apache.groovy.parser.antlr4.GroovyParser$AnnotationNameContext              : loaded 2 times (x 159B)
Class groovyjarjarantlr4.v4.runtime.atn.NotSetTransition                              : loaded 2 times (x 78B)
Class groovyjarjarantlr4.v4.runtime.CodePointCharStream                               : loaded 2 times (x 93B)
Class org.apache.groovy.parser.antlr4.GroovyParser$NamePartContext                    : loaded 2 times (x 162B)
Class org.codehaus.groovy.runtime.dgmimpl.arrays.ObjectArrayPutAtMetaMethod           : loaded 2 times (x 99B)
Class org.codehaus.groovy.runtime.MethodClosure                                       : loaded 2 times (x 136B)
Class org.codehaus.groovy.ast.ASTNode                                                 : loaded 2 times (x 106B)
Class org.codehaus.groovy.reflection.GroovyClassValue$ComputeValue                    : loaded 2 times (x 72B)
Class com.google.protobuf.Descriptors$FileDescriptor                                  : loaded 2 times (x 78B)
Class kotlin.reflect.jvm.internal.KPackageImpl$$Lambda$0                              : loaded 2 times (x 78B)
Class com.google.protobuf.ByteString$BoundedByteString                                : loaded 2 times (x 108B)
Class [Lcom.google.protobuf.DescriptorProtos$FieldDescriptorProto$Type;               : loaded 2 times (x 71B)
Class com.google.common.io.Files$2                                                    : loaded 2 times (x 78B)
Class kotlin.reflect.jvm.internal.KClassImpl$Data$$Lambda$2                           : loaded 2 times (x 78B)
Class kotlin.coroutines.CombinedContext                                               : loaded 2 times (x 80B)
Class com.android.tools.lint.model.LintModelAndroidArtifact                           : loaded 2 times (x 72B)
Class [Lcom.android.tools.lint.model.LintModelSerialization$TargetFile;               : loaded 2 times (x 71B)
Class com.android.ide.common.resources.configuration.VersionQualifier$Companion       : loaded 2 times (x 73B)
Class org.jetbrains.kotlin.com.intellij.util.io.FileAccessorCache$Handle              : loaded 2 times (x 82B)
Class org.jetbrains.kotlin.buildtools.internal.jvm.operations.BtaCompilerServicesWithResultsFacade: loaded 2 times (x 80B)
Class [Lcom.android.resources.GrammaticalGender;                                      : loaded 2 times (x 71B)
Class org.jetbrains.kotlin.daemon.common.DaemonOptions$mappers$4                      : loaded 2 times (x 131B)
Class com.google.common.collect.AbstractMultimap$Values                               : loaded 2 times (x 120B)
Class org.gradle.api.internal.classpath.Module                                        : loaded 2 times (x 72B)
Class org.jetbrains.kotlin.gradle.plugin.VariantImplementationFactoriesConfigurator   : loaded 2 times (x 78B)
Class org.jetbrains.kotlin.gradle.plugin.BuildEventsListenerRegistryHolder_Decorated  : loaded 2 times (x 117B)
Class org.jetbrains.kotlin.gradle.plugin.statistics.KotlinBuildStatsServicesRegistry  : loaded 2 times (x 80B)
Class org.jetbrains.kotlin.gradle.plugin.statistics.old.Pre232IdeaKotlinBuildStatsMXBean: loaded 2 times (x 72B)
Class org.jetbrains.kotlin.gradle.plugin.statistics.MetricContainer                   : loaded 2 times (x 74B)
Class org.jetbrains.kotlin.gradle.plugin.StatisticsBuildFlowManager$subscribeForBuildResultAndConfigurationTimeMetrics$1: loaded 2 times (x 77B)
Class org.jetbrains.kotlin.gradle.targets.native.toolchain.KotlinNativeBundleBuildService$Companion: loaded 2 times (x 73B)
Class kotlin.reflect.jvm.internal.KClassImpl$Data$nestedClasses$2                     : loaded 2 times (x 81B)
Class org.apache.commons.io.filefilter.IOFileFilter                                   : loaded 2 times (x 72B)
Class com.google.common.io.AppendableWriter                                           : loaded 2 times (x 101B)
Class org.jetbrains.kotlin.gradle.plugin.statistics.KotlinBuildStatisticsUtilsKt$collectAppliedPluginsStatistics$2: loaded 2 times (x 77B)
Class org.jetbrains.kotlin.gradle.plugin.mpp.InternalKotlinTargetKt                   : loaded 2 times (x 73B)
Class com.google.common.collect.AbstractMultimap$Entries                              : loaded 2 times (x 122B)
Class org.jetbrains.kotlin.gradle.plugin.diagnostics.KotlinToolingDiagnosticsSetupActionKt$KotlinToolingDiagnosticsSetupAction$1$3: loaded 2 times (x 77B)
Class org.jetbrains.kotlin.gradle.targets.js.dsl.KotlinTargetWithNodeJsDsl            : loaded 2 times (x 72B)
Class org.jetbrains.kotlin.gradle.plugin.sources.DefaultKotlinSourceSetKt$defaultSourceSetLanguageSettingsChecker$1: loaded 2 times (x 80B)
Class org.jetbrains.kotlin.gradle.plugin.sources.InternalKotlinSourceSet              : loaded 2 times (x 72B)
Class org.jetbrains.kotlin.gradle.plugin.KotlinJvmPlugin                              : loaded 2 times (x 81B)
Class org.jetbrains.kotlin.gradle.plugin.mpp.SyncLanguageSettingsWithKotlinExtensionSetupActionKt$SyncLanguageSettingsWithKotlinExtensionSetupAction$1: loaded 2 times (x 97B)
Class org.jetbrains.kotlin.gradle.dsl.KotlinGradlePluginPublicDsl                     : loaded 2 times (x 72B)
Class org.jetbrains.kotlin.gradle.internal.properties.NativeProperties                : loaded 2 times (x 72B)
Class org.jetbrains.kotlin.gradle.fus.internal.SynchronizedConfigurationMetrics       : loaded 2 times (x 74B)
Class org.jetbrains.kotlin.statistics.BuildSessionLogger                              : loaded 2 times (x 79B)
Class org.jetbrains.kotlin.gradle.plugin.internal.ConfigurationCacheStartParameterAccessor: loaded 2 times (x 72B)
Class org.jetbrains.kotlin.gradle.internal.diagnostics.GradleCompatibilityCheck$DefaultCurrentGradleVersionProvider: loaded 2 times (x 76B)
Class org.jetbrains.kotlin.gradle.dsl.KotlinBaseExtension                             : loaded 2 times (x 72B)
Class com.google.common.util.concurrent.AbstractFuture$Cancellation                   : loaded 2 times (x 74B)
Class com.google.protobuf.DescriptorProtos$EnumValueOptions                           : loaded 2 times (x 253B)
Class org.codehaus.groovy.classgen.Verifier$1                                         : loaded 2 times (x 80B)
Class org.codehaus.groovy.runtime.memoize.EvictableCache$EvictionStrategy             : loaded 2 times (x 81B)
Class org.apache.groovy.ast.tools.MethodNodeUtils                                     : loaded 2 times (x 73B)
Class groovyjarjarantlr4.v4.runtime.dfa.HashEdgeMap                                   : loaded 2 times (x 100B)
Class groovyjarjarantlr4.v4.runtime.atn.ATNConfig                                     : loaded 2 times (x 86B)
Class org.apache.groovy.parser.antlr4.GroovyParser$ClassOrInterfaceModifiersOptContext: loaded 2 times (x 161B)
Class com.google.common.collect.LinkedHashMultimap                                    : loaded 2 times (x 176B)
Class org.codehaus.groovy.transform.ASTTransformationVisitor                          : loaded 2 times (x 214B)
Class org.codehaus.groovy.ast.expr.DeclarationExpression                              : loaded 2 times (x 139B)
Class org.jetbrains.kotlin.gradle.internal.ClassLoadersCachingBuildService$Parameters_Decorated: loaded 2 times (x 132B)
Class org.jetbrains.kotlin.gradle.plugin.HasKotlinDependencies                        : loaded 2 times (x 72B)
Class org.jetbrains.kotlin.gradle.dsl.KotlinJvmCompilerOptionsDefault_Decorated       : loaded 2 times (x 165B)
Class kotlin.reflect.jvm.internal.KClassImpl$Data$$Lambda$3                           : loaded 2 times (x 78B)
Class org.jetbrains.kotlin.gradle.artifacts.KotlinTargetArtifact                      : loaded 2 times (x 72B)
Class org.jetbrains.kotlin.gradle.internal.Kapt3GradleSubplugin$Kapt3SubpluginContext : loaded 2 times (x 74B)
Class [Lorg.jetbrains.kotlin.com.intellij.util.containers.LinkedCustomHashMap$Entry;  : loaded 2 times (x 71B)
Class org.jetbrains.kotlin.incremental.classpathDiff.KotlinClassSnapshotExternalizer  : loaded 2 times (x 78B)
Class org.jetbrains.org.objectweb.asm.FieldWriter                                     : loaded 2 times (x 79B)
Class org.jetbrains.kotlin.gradle.utils.WhenEvaluatedKt$whenEvaluated$3               : loaded 2 times (x 81B)
Class org.jetbrains.kotlin.gradle.plugin.sources.InternalKotlinSourceSetKt            : loaded 2 times (x 73B)
Class org.jetbrains.kotlin.daemon.common.DaemonJVMOptions                             : loaded 2 times (x 77B)
Class org.jetbrains.kotlin.tooling.core.Extras$Entry                                  : loaded 2 times (x 74B)
Class org.jetbrains.kotlin.gradle.plugin.attributes.KlibPackaging$Companion           : loaded 2 times (x 73B)
Class org.apache.commons.io.output.NullOutputStream                                   : loaded 2 times (x 87B)
Class kotlin.reflect.jvm.internal.impl.types.AbstractTypeConstructor$supertypes$3$resultWithoutCycles$1: loaded 2 times (x 81B)
Class kotlin.reflect.jvm.internal.impl.load.java.lazy.JavaModuleAnnotationsProvider   : loaded 2 times (x 72B)
Class org.jetbrains.kotlin.daemon.common.Profiler                                     : loaded 2 times (x 72B)
Class kotlin.reflect.jvm.internal.impl.serialization.deserialization.TypeDeserializer$typeAliasDescriptors$1: loaded 2 times (x 81B)
Class org.jetbrains.kotlin.daemon.common.DaemonOptions$mappers$1                      : loaded 2 times (x 143B)
Class org.jetbrains.kotlin.incremental.classpathDiff.impl.ClassFileWithContents       : loaded 2 times (x 74B)
Class org.jetbrains.kotlin.com.intellij.util.io.FileAccessorCache$1                   : loaded 2 times (x 83B)
Class com.android.tools.lint.model.LintModelMavenName$Companion                       : loaded 2 times (x 73B)
Class kotlin.reflect.jvm.internal.impl.renderer.DescriptorRenderer$Companion$COMPACT$1: loaded 2 times (x 80B)
Class com.android.tools.lint.model.DefaultLintModelVariant$artifact$2                 : loaded 2 times (x 81B)
Class kotlinx.coroutines.Job                                                          : loaded 2 times (x 72B)
Class kotlin.reflect.jvm.internal.KClassImpl$Data$annotations$2                       : loaded 2 times (x 81B)
Class kotlin.reflect.jvm.internal.pcollections.HashPMap                               : loaded 2 times (x 74B)
Class org.jetbrains.kotlin.buildtools.internal.arguments.JvmCompilerArgumentsImpl     : loaded 2 times (x 119B)
Class com.google.common.collect.Maps$EntryFunction$1                                  : loaded 2 times (x 93B)
Class com.google.common.base.Present                                                  : loaded 2 times (x 83B)
Class com.google.common.collect.AbstractMapBasedMultimap$WrappedCollection$WrappedIterator: loaded 2 times (x 86B)
Class org.jetbrains.kotlin.gradle.utils.FutureKt$future$2$1                           : loaded 2 times (x 97B)
Class org.jetbrains.kotlin.gradle.plugin.diagnostics.DefaultProblemsReporter$logger$2 : loaded 2 times (x 81B)
Class org.jetbrains.kotlin.gradle.plugin.diagnostics.DefaultProblemsReporter          : loaded 2 times (x 78B)
Class [Lorg.jetbrains.kotlin.gradle.plugin.statistics.plugins.ObservablePlugins;      : loaded 2 times (x 71B)
Class org.jetbrains.kotlin.gradle.plugin.internal.BuildIdService$Companion$registerIfAbsent$1$1: loaded 2 times (x 77B)
Class org.jetbrains.kotlin.gradle.targets.js.dsl.KotlinWasmTargetDsl                  : loaded 2 times (x 72B)
Class org.jetbrains.kotlin.gradle.plugin.diagnostics.checkers.DisabledCinteropCommonizationInHmppProjectChecker$runChecks$1: loaded 2 times (x 89B)
Class org.jetbrains.kotlin.gradle.plugin.sources.ConsistencyCheck                     : loaded 2 times (x 74B)
Class org.jetbrains.kotlin.gradle.plugin.sources.DefaultKotlinSourceSetKt$defaultSourceSetLanguageSettingsChecker$2: loaded 2 times (x 80B)
Class org.jetbrains.kotlin.gradle.dsl.KotlinCommonToolOptions                         : loaded 2 times (x 72B)
Class org.jetbrains.kotlin.gradle.plugin.AbstractKotlinPlugin                         : loaded 2 times (x 80B)
Class org.jetbrains.kotlin.gradle.tasks.DefaultKotlinJavaToolchain$Companion$wireJvmTargetToJvm$1: loaded 2 times (x 77B)
Class org.jetbrains.kotlin.gradle.plugin.diagnostics.checkers.ComposePluginSuggestApplyChecker: loaded 2 times (x 76B)
Class org.jetbrains.kotlin.konan.target.KonanTarget$IOS_ARM64                         : loaded 2 times (x 80B)
Class org.jetbrains.kotlin.gradle.dsl.KotlinMultiplatformExtension                    : loaded 2 times (x 609B)
Class org.jetbrains.kotlin.gradle.plugin.diagnostics.KotlinToolingDiagnosticsCollectorKt$kotlinToolingDiagnosticsCollectorProvider$1$execute$$inlined$variantImplementationFactoryProvider$1: loaded 2 times (x 76B)
Class org.jetbrains.kotlin.gradle.plugin.BuildFinishAndConfigurationTimeMetricsFlowAction: loaded 2 times (x 76B)
Class org.jetbrains.kotlin.gradle.plugin.PropertiesProvider$booleanProvider$1         : loaded 2 times (x 76B)
Class com.google.common.cache.RemovalListener                                         : loaded 2 times (x 72B)
Class org.gradle.api.internal.DefaultClassPathRegistry                                : loaded 2 times (x 78B)
Class com.google.protobuf.DescriptorProtos$EnumDescriptorProto$1                      : loaded 2 times (x 153B)
Class kotlin.annotation.AnnotationTarget                                              : loaded 2 times (x 81B)
Class com.android.tools.analytics.AnalyticsSettings$optedIn$1                         : loaded 2 times (x 80B)
Class org.apache.groovy.util.concurrent.concurrentlinkedhashmap.LinkedDeque           : loaded 2 times (x 203B)
Class org.codehaus.groovy.classgen.Verifier$2                                         : loaded 2 times (x 75B)
Class org.codehaus.groovy.classgen.FinalVariableAnalyzer$VariableNotFinalCallback     : loaded 2 times (x 72B)
Class it.unimi.dsi.fastutil.objects.ObjectBidirectionalIterator                       : loaded 2 times (x 72B)
Class groovyjarjarantlr4.v4.runtime.atn.ATNDeserializationOptions                     : loaded 2 times (x 74B)
Class org.apache.groovy.parser.antlr4.GroovyParser$LogicalOrExprAltContext            : loaded 2 times (x 164B)
Class org.apache.groovy.parser.antlr4.GroovyParser$CatchClauseContext                 : loaded 2 times (x 166B)
Class [Lorg.codehaus.groovy.ast.ClassNode;                                            : loaded 2 times (x 71B)
Class org.codehaus.groovy.control.CompilationUnit                                     : loaded 2 times (x 125B)
Class org.codehaus.groovy.ast.GenericsType                                            : loaded 2 times (x 119B)
Class org.codehaus.groovy.runtime.powerassert.PowerAssertionError                     : loaded 2 times (x 84B)
Class groovy.lang.MetaClassRegistryChangeEventListener                                : loaded 2 times (x 72B)
Class org.codehaus.groovy.util.ManagedConcurrentLinkedQueue                           : loaded 2 times (x 86B)
Class it.unimi.dsi.fastutil.ints.IntArrays$ForkJoinQuickSort2                         : loaded 2 times (x 97B)
Class com.android.utils.PositionXmlParser$AbstractParserPool                          : loaded 2 times (x 72B)
Class org.codehaus.groovy.util.ReferenceType$HardRef                                  : loaded 2 times (x 82B)
Class org.codehaus.groovy.runtime.dgmimpl.arrays.ByteArrayPutAtMetaMethod             : loaded 2 times (x 99B)
Class kotlin.reflect.jvm.internal.KClassImpl$Data$$Lambda$4                           : loaded 2 times (x 78B)
Class org.codehaus.groovy.reflection.CachedConstructor                                : loaded 2 times (x 90B)
Class groovy.lang.ClosureInvokingMethod                                               : loaded 2 times (x 72B)
Class org.codehaus.groovy.control.messages.ExceptionMessage                           : loaded 2 times (x 76B)
Class groovyjarjarantlr4.v4.runtime.tree.Tree                                         : loaded 2 times (x 72B)
Class groovyjarjarantlr4.v4.runtime.CommonTokenStream                                 : loaded 2 times (x 129B)
Class org.codehaus.groovy.classgen.VariableScopeVisitor$StateStackElement             : loaded 2 times (x 74B)
Class groovy.lang.GeneratedGroovyProxy                                                : loaded 2 times (x 72B)
Class com.android.sdklib.AndroidApiLevel                                              : loaded 2 times (x 76B)
Class com.android.tools.lint.model.LintModelLintOptions                               : loaded 2 times (x 72B)
Class com.android.prefs.PathLocator$singlePathOf$values$1                             : loaded 2 times (x 81B)
Class com.android.tools.lint.model.PathVariables$Companion$PATH_COMPARATOR$1          : loaded 2 times (x 80B)
Class org.jetbrains.kotlin.daemon.common.DaemonOptions$mappers$6                      : loaded 2 times (x 143B)
Class kotlin.reflect.jvm.internal.impl.types.model.RawTypeMarker                      : loaded 2 times (x 72B)
Class kotlin.reflect.jvm.internal.impl.types.AbstractTypeConstructor$supertypes$3$resultWithoutCycles$2: loaded 2 times (x 81B)
Class org.codehaus.groovy.control.GenericsVisitor                                     : loaded 2 times (x 214B)
Class com.google.protobuf.Internal$ProtobufList                                       : loaded 2 times (x 72B)
Class com.google.protobuf.DescriptorProtos$FileOptionsOrBuilder                       : loaded 2 times (x 72B)
Class com.google.protobuf.ByteString$ArraysByteArrayCopier                            : loaded 2 times (x 76B)
Class com.android.resources.KeyboardState                                             : loaded 2 times (x 88B)
Class com.android.ide.common.rendering.api.AttrResourceValueImpl                      : loaded 2 times (x 126B)
Class org.jetbrains.kotlin.buildtools.internal.arguments.CommonCompilerArgumentsImpl$EntriesMappings: loaded 2 times (x 73B)
Class build_6es61oajgz29f449dnpj6zb31$_run_closure1                                   : loaded 2 times (x 140B)
Class build_2jfiuqu34xdz9hna96o3k4il5                                                 : loaded 2 times (x 174B)
Class org.apache.commons.io.file.DeleteOption                                         : loaded 2 times (x 72B)
Class com.google.common.reflect.Invokable$ConstructorInvokable                        : loaded 2 times (x 109B)
Class com.google.common.collect.Maps$EntryFunction$2                                  : loaded 2 times (x 93B)
Class com.google.common.collect.ImmutableMultimap$Keys                                : loaded 2 times (x 168B)
Class org.jetbrains.kotlin.gradle.plugin.mpp.KotlinTargetSoftwareComponentImplKt$KotlinTargetSoftwareComponent$1$1$configuration$1: loaded 2 times (x 81B)
Class org.jetbrains.kotlin.gradle.targets.js.npm.DefaultPeerNpmDependencyExtension$delegate$1: loaded 2 times (x 168B)
Class org.jetbrains.kotlin.gradle.targets.js.npm.NpmDependency                        : loaded 2 times (x 88B)
Class org.jetbrains.kotlin.gradle.targets.js.npm.DefaultNpmDependencyExtension        : loaded 2 times (x 153B)
Class org.jetbrains.kotlin.gradle.targets.js.npm.NpmDependency$Scope                  : loaded 2 times (x 81B)
Class org.jetbrains.kotlin.gradle.plugin.sources.FragmentConsistencyChecks$unstableFeaturesCheck$1: loaded 2 times (x 81B)
Class org.jetbrains.kotlin.gradle.plugin.sources.DefaultKotlinSourceSet               : loaded 2 times (x 141B)
Class org.jetbrains.kotlin.gradle.plugin.diagnostics.checkers.AndroidSourceSetLayoutV1SourceSetsNotFoundChecker: loaded 2 times (x 76B)
Class org.jetbrains.kotlin.gradle.plugin.diagnostics.KotlinToolingDiagnosticsCollector$Parameter_Decorated: loaded 2 times (x 132B)
Class org.jetbrains.kotlin.gradle.utils.ConfigurationsKt$sam$org_gradle_api_Action$0  : loaded 2 times (x 77B)
Class org.jetbrains.kotlin.gradle.plugin.diagnostics.ProblemsReporter                 : loaded 2 times (x 72B)
Class org.jetbrains.kotlin.gradle.plugin.VariantImplementationFactories$Parameters    : loaded 2 times (x 72B)
Class org.jetbrains.kotlin.gradle.plugin.internal.JavaExecTaskParametersCompatibility$Factory: loaded 2 times (x 72B)
Class org.gradle.api.internal.ClassPathRegistry                                       : loaded 2 times (x 72B)
Class org.gradle.internal.classpath.DefaultClassPath$ImmutableUniqueList              : loaded 2 times (x 201B)
Class com.google.common.collect.Table$Cell                                            : loaded 2 times (x 72B)
Class org.jetbrains.kotlin.gradle.plugin.KotlinPluginWrapperKt$kotlinPluginVersionFromResources$1$1: loaded 2 times (x 73B)
Class org.jetbrains.kotlin.gradle.fus.BuildUidService$Inject                          : loaded 2 times (x 102B)
Class com.android.ide.common.resources.configuration.NetworkCodeQualifier             : loaded 2 times (x 90B)
Class com.google.protobuf.DescriptorProtos$FileOptions                                : loaded 2 times (x 299B)
Class org.apache.groovy.util.concurrent.concurrentlinkedhashmap.ConcurrentLinkedHashMap$DrainStatus: loaded 2 times (x 82B)
Class org.codehaus.groovy.classgen.Verifier$3                                         : loaded 2 times (x 75B)
Class org.codehaus.groovy.ast.DynamicVariable                                         : loaded 2 times (x 96B)
Class groovyjarjarantlr4.v4.runtime.dfa.AcceptStateInfo                               : loaded 2 times (x 76B)
Class org.apache.groovy.parser.antlr4.GroovyParser$AnnotationsOptContext              : loaded 2 times (x 162B)
Class groovyjarjarantlr4.v4.runtime.atn.RuleStopState                                 : loaded 2 times (x 91B)
Class org.apache.groovy.parser.antlr4.GroovyParser$ParExpressionContext               : loaded 2 times (x 159B)
Class org.codehaus.groovy.control.ParserPlugin                                        : loaded 2 times (x 72B)
Class org.jetbrains.kotlin.gradle.plugin.KotlinGradleBuildServices$Parameters$Inject  : loaded 2 times (x 108B)
Class org.jetbrains.kotlin.gradle.targets.native.KonanPropertiesBuildService$Parameters_Decorated: loaded 2 times (x 132B)
Class org.codehaus.groovy.control.CompilationUnit$ClassgenCallback                    : loaded 2 times (x 72B)
Class org.jetbrains.kotlin.gradle.plugin.diagnostics.KotlinToolingDiagnosticsSetupActionKt: loaded 2 times (x 73B)
Class org.jetbrains.kotlin.konan.target.KonanTarget$TVOS_X64                          : loaded 2 times (x 80B)
Class org.jetbrains.kotlin.gradle.plugin.diagnostics.CheckKotlinGradlePluginConfigurationErrorsKt$addDependsOnFromTasksThatShouldFailWhenErrorsReported$1: loaded 2 times (x 77B)
Class org.jetbrains.kotlin.gradle.plugin.KotlinCompilationOutput                      : loaded 2 times (x 72B)
Class org.jetbrains.kotlin.gradle.tasks.AbstractKotlinCompile                         : loaded 2 times (x 461B)
Class org.jetbrains.kotlin.gradle.plugin.mpp.compilationImpl.KotlinCompilationSourceSetInclusion$DefaultAddSourcesToCompileTask$addSources$2: loaded 2 times (x 81B)
Class kotlin.reflect.jvm.internal.KClassImpl$Data$$Lambda$5                           : loaded 2 times (x 78B)
Class kotlin.reflect.jvm.internal.KClassImpl$Companion                                : loaded 2 times (x 73B)
Class kotlin.reflect.jvm.internal.ComputableClassValue                                : loaded 2 times (x 81B)
Class kotlinx.coroutines.DispatchedTaskKt                                             : loaded 2 times (x 73B)
Class kotlinx.coroutines.internal.SystemPropsKt__SystemProps_commonKt                 : loaded 2 times (x 73B)
Class kotlinx.coroutines.ThreadContextElement                                         : loaded 2 times (x 72B)
Class kotlin.jvm.internal.TypeIntrinsics                                              : loaded 2 times (x 73B)
Class com.android.prefs.PathLocator$singlePathOf$values$2                             : loaded 2 times (x 80B)
Class com.android.tools.lint.model.PathVariables$Companion$PATH_COMPARATOR$2          : loaded 2 times (x 80B)
Class org.jetbrains.kotlin.gradle.tasks.configuration.KaptGenerateStubsConfig$Companion$configureLibraries$1: loaded 2 times (x 81B)
Class org.jetbrains.org.objectweb.asm.ByteVector                                      : loaded 2 times (x 80B)
Class org.jetbrains.kotlin.gradle.plugin.mpp.KotlinTargetSoftwareComponentImplKt$KotlinTargetSoftwareComponent$1$1$1: loaded 2 times (x 77B)
Class org.jetbrains.kotlin.daemon.common.DaemonOptions$mappers$7                      : loaded 2 times (x 131B)
Class org.jetbrains.kotlin.daemon.client.DaemonReportMessage                          : loaded 2 times (x 74B)
Class org.jetbrains.kotlin.daemon.common.LoopbackNetworkInterface$ClientLoopbackSocketFactory: loaded 2 times (x 77B)
Class org.jetbrains.kotlin.daemon.common.FileSystemUtilsKt                            : loaded 2 times (x 73B)
Class org.jetbrains.kotlin.build.report.metrics.BuildAttributeKind$Companion          : loaded 2 times (x 73B)
Class org.jetbrains.kotlin.gradle.tasks.UsesKotlinJavaToolchain$DefaultImpls          : loaded 2 times (x 73B)
Class kotlin.reflect.jvm.internal.impl.load.java.typeEnhancement.SignatureEnhancement$SignatureParts$computeIndexedQualifiersForOverride$1: loaded 2 times (x 81B)
Class com.google.common.collect.FluentIterable$3                                      : loaded 2 times (x 83B)
Class build_cg9lxzi6yzmuzbfd6b0x45odh$_run_closure1$_closure3                         : loaded 2 times (x 140B)
Class org.jetbrains.kotlin.buildtools.internal.arguments.CommonToolArgumentsImpl$Companion: loaded 2 times (x 73B)
Class kotlin.reflect.jvm.internal.KClassImpl$Data$inheritedStaticMembers$2            : loaded 2 times (x 81B)
Class kotlin.reflect.jvm.internal.KFunctionImpl$caller$2                              : loaded 2 times (x 81B)
Class kotlin.reflect.jvm.internal.KClassImpl$Data$declaredNonStaticMembers$2          : loaded 2 times (x 81B)
Class org.apache.commons.io.IOUtils                                                   : loaded 2 times (x 73B)
Class com.google.common.reflect.TypeToken                                             : loaded 2 times (x 75B)
Class org.jetbrains.kotlin.gradle.plugin.internal.state.TaskLoggers                   : loaded 2 times (x 73B)
Class org.jetbrains.kotlin.gradle.plugin.KotlinCompilation$DefaultImpls               : loaded 2 times (x 73B)
Class org.jetbrains.kotlin.gradle.utils.ProviderApiUtilsKt$providerWithLazyConvention$1: loaded 2 times (x 76B)
Class org.jetbrains.kotlin.gradle.plugin.sources.FragmentConsistencyChecks$unstableFeaturesCheck$2: loaded 2 times (x 80B)
Class org.jetbrains.kotlin.gradle.plugin.KotlinPluginLifecycleImpl                    : loaded 2 times (x 82B)
Class org.jetbrains.kotlin.gradle.plugin.diagnostics.KotlinToolingDiagnostics$WasmWasiEnvironmentNotChosenExplicitly: loaded 2 times (x 75B)
Class org.jetbrains.kotlin.gradle.artifacts.KotlinNativeKlibArtifactKt$KotlinNativeKlibArtifact$1: loaded 2 times (x 76B)
Class org.jetbrains.kotlin.gradle.dsl.KotlinCommonCompilerOptionsDefault              : loaded 2 times (x 96B)
Class org.jetbrains.kotlin.gradle.dsl.KotlinCommonCompilerToolOptionsDefault          : loaded 2 times (x 86B)
Class org.jetbrains.kotlin.konan.target.KonanTarget$Companion$predefinedTargets$2     : loaded 2 times (x 80B)
Class org.jetbrains.kotlin.gradle.plugin.diagnostics.DiagnosticGroup$Kgp              : loaded 2 times (x 84B)
Class org.jetbrains.kotlin.gradle.tasks.publishing.HelpersKt$addPomValidationHelpers$1: loaded 2 times (x 77B)
Class org.jetbrains.kotlin.gradle.internal.properties.NativePropertiesLoader$isUseXcodeMessageStyleEnabled$1: loaded 2 times (x 77B)
Class org.jetbrains.kotlin.gradle.internal.ClassLoadersCachingBuildService$Companion$registerIfAbsent$2$1: loaded 2 times (x 81B)
Class org.jetbrains.kotlin.gradle.plugin.statistics.KotlinBuildStatisticsUtilsKt$collectGeneralConfigurationTimeMetrics$statisticOverhead$1$2: loaded 2 times (x 77B)
Class org.jetbrains.kotlin.gradle.plugin.StatisticsBuildFlowManager_Decorated         : loaded 2 times (x 117B)
Class org.jetbrains.kotlin.gradle.report.BuildReportMode$Companion                    : loaded 2 times (x 73B)
Class org.jetbrains.kotlin.gradle.plugin.VariantImplementationFactories$VariantImplementationFactory: loaded 2 times (x 72B)
Class com.android.resources.UiMode                                                    : loaded 2 times (x 88B)
Class com.google.protobuf.WireFormat$FieldType$1                                      : loaded 2 times (x 84B)
Class com.google.protobuf.ByteString$LiteralByteString                                : loaded 2 times (x 108B)
Class com.google.protobuf.Utf8$UnsafeProcessor                                        : loaded 2 times (x 79B)
Class com.google.protobuf.UnknownFieldSet$Parser                                      : loaded 2 times (x 152B)
Class com.google.gson.internal.bind.JsonTreeWriter                                    : loaded 2 times (x 100B)
Class org.codehaus.groovy.transform.stc.ExtensionMethodNode                           : loaded 2 times (x 160B)
Class [Lorg.jetbrains.kotlin.metadata.ProtoBuf$ReturnValueStatus;                     : loaded 2 times (x 71B)
Class org.codehaus.groovy.classgen.Verifier$4                                         : loaded 2 times (x 75B)
Class org.codehaus.groovy.classgen.InnerClassVisitorHelper                            : loaded 2 times (x 213B)
Class org.codehaus.groovy.util.ListHashMap                                            : loaded 2 times (x 124B)
Class groovyjarjarantlr4.v4.runtime.atn.SemanticContext$AND                           : loaded 2 times (x 77B)
Class org.jetbrains.kotlin.serialization.deserialization.ProtoEnumFlagsUtilsKt        : loaded 2 times (x 73B)
Class groovyjarjarantlr4.v4.runtime.atn.ATNDeserializer$UnicodeDeserializingMode      : loaded 2 times (x 81B)
Class org.codehaus.groovy.ast.stmt.IfStatement                                        : loaded 2 times (x 118B)
Class org.codehaus.groovy.runtime.metaclass.ClosureMetaMethod                         : loaded 2 times (x 105B)
Class org.codehaus.groovy.runtime.MethodKey                                           : loaded 2 times (x 81B)
Class org.codehaus.groovy.util.ManagedReference                                       : loaded 2 times (x 78B)
Class kotlinx.coroutines.ExecutorCoroutineDispatcher                                  : loaded 2 times (x 110B)
Class kotlin.Result$Failure                                                           : loaded 2 times (x 74B)
Class kotlin.time.DurationUnit                                                        : loaded 2 times (x 81B)
Class it.unimi.dsi.fastutil.longs.LongCollection                                      : loaded 2 times (x 72B)
Class kotlin.reflect.jvm.internal.KProperty2Impl                                      : loaded 2 times (x 130B)
Class kotlin.reflect.jvm.internal.KClassImpl$Data$$Lambda$6                           : loaded 2 times (x 78B)
Class com.android.utils.SdkUtils                                                      : loaded 2 times (x 73B)
Class org.codehaus.groovy.runtime.dgmimpl.arrays.BooleanArrayGetAtMetaMethod          : loaded 2 times (x 99B)
Class com.android.tools.lint.model.PathVariables$Companion$PATH_COMPARATOR$3          : loaded 2 times (x 80B)
Class org.codehaus.groovy.control.CompilationUnit$ProgressCallback                    : loaded 2 times (x 72B)
Class org.jetbrains.kotlin.com.intellij.util.containers.LinkedCustomHashMap$RemoveCallback: loaded 2 times (x 72B)
Class org.jetbrains.kotlin.descriptors.DescriptorVisibilities                         : loaded 2 times (x 73B)
Class org.jetbrains.kotlin.incremental.storage.InlinePropertyAccessorExternalizer     : loaded 2 times (x 77B)
Class org.jetbrains.org.objectweb.asm.tree.FieldNode                                  : loaded 2 times (x 81B)
Class [Lorg.jetbrains.kotlin.daemon.common.CompilationResultCategory;                 : loaded 2 times (x 71B)
Class org.jetbrains.kotlin.daemon.client.DaemonProblemReportingOutputListener         : loaded 2 times (x 72B)
Class org.jetbrains.kotlin.daemon.client.DaemonReportingTargets                       : loaded 2 times (x 74B)
Class org.apache.groovy.parser.antlr4.GroovyParser$FinallyBlockContext                : loaded 2 times (x 161B)
Class org.apache.groovy.parser.antlr4.GroovyParser$BlockStatementsOptContext          : loaded 2 times (x 159B)
Class org.apache.groovy.parser.antlr4.GroovyParser$CreatorContext                     : loaded 2 times (x 165B)
Class org.apache.groovy.parser.antlr4.GroovyParser$UnaryNotExprAltContext             : loaded 2 times (x 163B)
Class groovyjarjarantlr4.v4.runtime.atn.BlockStartState                               : loaded 2 times (x 92B)
Class kotlin.reflect.jvm.internal.impl.resolve.scopes.MemberScope$Companion$ALL_NAME_FILTER$1: loaded 2 times (x 80B)
Class org.apache.groovy.parser.antlr4.GroovyParser$BreakStmtAltContext                : loaded 2 times (x 160B)
Class [Lgroovyjarjarantlr4.v4.runtime.atn.PredictionContext;                          : loaded 2 times (x 71B)
Class org.codehaus.groovy.ast.tools.GeneralUtils                                      : loaded 2 times (x 73B)
Class org.jetbrains.kotlin.gradle.plugin.KotlinPluginWrapperKt$kotlinPluginVersionFromResources$1: loaded 2 times (x 80B)
Class org.jetbrains.kotlin.gradle.utils.ResourceUtilsKt                               : loaded 2 times (x 73B)
Class kotlin.reflect.jvm.internal.impl.renderer.DescriptorRenderer$Companion$FQ_NAMES_IN_TYPES_WITH_ANNOTATIONS$1: loaded 2 times (x 80B)
Class org.jetbrains.kotlin.gradle.internal.IsInIdeaSyncValueSource$Inject             : loaded 2 times (x 111B)
Class org.jetbrains.kotlin.gradle.targets.native.KonanPropertiesBuildService$Companion$registerIfAbsent$2$1$1: loaded 2 times (x 77B)
Class org.jetbrains.kotlin.buildtools.api.ExperimentalBuildToolsApi                   : loaded 2 times (x 72B)
Class org.jetbrains.kotlin.tooling.core.ExtrasUtilsKt                                 : loaded 2 times (x 73B)
Class com.google.common.cache.RemovalCause                                            : loaded 2 times (x 82B)
Class org.jetbrains.kotlin.gradle.tasks.configuration.BaseKotlinCompileConfig$1$1$classpathEntrySnapshotFiles$1: loaded 2 times (x 76B)
Class org.jetbrains.kotlin.gradle.utils.GradleAttributesContainerUtilsKt              : loaded 2 times (x 73B)
Class org.jetbrains.kotlin.gradle.plugin.mpp.ApplyUserDefinedAttributesKt$UserDefinedAttributesSetupAction$1$1: loaded 2 times (x 81B)
Class org.jetbrains.kotlin.compilerRunner.CompilerSystemPropertiesService             : loaded 2 times (x 82B)
Class org.jetbrains.kotlin.gradle.plugin.mpp.compilationImpl.KotlinCompilationImpl$1  : loaded 2 times (x 81B)
Class org.jetbrains.kotlin.gradle.targets.js.npm.SemVer$Companion                     : loaded 2 times (x 73B)
Class org.jetbrains.kotlin.konan.target.KonanTarget$LINUX_ARM64                       : loaded 2 times (x 80B)
Class org.jetbrains.kotlin.gradle.targets.native.SetupEmbedAndSignAppleFrameworkTaskSideEffectKt$special$$inlined$KotlinTargetSideEffect$1: loaded 2 times (x 76B)
Class org.jetbrains.kotlin.gradle.plugin.mpp.KotlinUsages$KotlinCinteropCompatibility : loaded 2 times (x 79B)
Class org.jetbrains.kotlin.gradle.plugin.mpp.KotlinUsages$KotlinUsagesCompatibility   : loaded 2 times (x 78B)
Class org.jetbrains.kotlin.gradle.dsl.ExplicitApiMode                                 : loaded 2 times (x 81B)
Class org.jetbrains.kotlin.konan.target.KonanTarget$LINUX_X64                         : loaded 2 times (x 80B)
Class [Lorg.jetbrains.kotlin.konan.target.Architecture;                               : loaded 2 times (x 71B)
Class org.jetbrains.kotlin.gradle.tasks.publishing.HelpersKt$addSigningValidationHelpers$1: loaded 2 times (x 77B)
Class org.jetbrains.kotlin.gradle.plugin.VariantImplementationFactories$Companion     : loaded 2 times (x 73B)
Class org.jetbrains.kotlin.gradle.plugin.internal.CustomPropertiesFileValueSource$Parameters_Decorated: loaded 2 times (x 132B)
Class org.jetbrains.kotlin.gradle.dsl.KotlinTopLevelExtensionConfig                   : loaded 2 times (x 72B)
Class com.google.common.cache.CacheBuilder                                            : loaded 2 times (x 74B)
Class Settings_gradle$1                                                               : loaded 2 times (x 76B)
Class org.gradle.internal.classpath.ClassPath                                         : loaded 2 times (x 72B)
Class org.jetbrains.kotlin.gradle.plugin.KotlinGradlePluginExtensionPoint             : loaded 2 times (x 72B)
Class com.google.protobuf.WireFormat$FieldType$2                                      : loaded 2 times (x 84B)
Class com.google.protobuf.Descriptors                                                 : loaded 2 times (x 73B)
Class com.google.protobuf.DescriptorProtos$EnumValueDescriptorProto$1                 : loaded 2 times (x 153B)
Class kotlin.sequences.TakeWhileSequence$iterator$1                                   : loaded 2 times (x 81B)
Class kotlin.sequences.DropSequence                                                   : loaded 2 times (x 81B)
Class org.codehaus.groovy.classgen.asm.ExpressionAsVariableSlot                       : loaded 2 times (x 131B)
Class org.jetbrains.kotlin.gradle.plugin.mpp.compilationImpl.KotlinCompilationSideEffect: loaded 2 times (x 72B)
Class org.codehaus.groovy.classgen.Verifier$5                                         : loaded 2 times (x 188B)
Class groovyjarjarantlr4.v4.runtime.atn.ATNSimulator                                  : loaded 2 times (x 76B)
Class org.codehaus.groovy.runtime.memoize.EvictableCache$Action                       : loaded 2 times (x 72B)
Class groovy.lang.SpreadMap                                                           : loaded 2 times (x 136B)
Class it.unimi.dsi.fastutil.objects.Object2IntMap$FastEntrySet                        : loaded 2 times (x 72B)
Class kotlin.collections.ArrayDeque                                                   : loaded 2 times (x 209B)
Class org.jetbrains.kotlin.gradle.plugin.diagnostics.checkers.WasmSourceSetsNotFoundChecker$wasmSourceSetRegex$2: loaded 2 times (x 80B)
Class kotlin.reflect.jvm.internal.KPackageImpl                                        : loaded 2 times (x 87B)
Class org.jetbrains.kotlin.gradle.plugin.mpp.compilationImpl.KotlinCompilationSourceSetInclusion$DefaultAddSourcesToCompileTask$addSources$1: loaded 2 times (x 81B)
Class org.jetbrains.kotlin.gradle.plugin.diagnostics.CheckKotlinGradlePluginConfigurationErrors_Decorated: loaded 2 times (x 365B)
Class kotlin.reflect.jvm.internal.KClassImpl$Data$$Lambda$7                           : loaded 2 times (x 78B)
Class com.google.common.collect.NullsFirstOrdering                                    : loaded 2 times (x 117B)
Class com.google.common.collect.FluentIterable$2                                      : loaded 2 times (x 83B)
Class com.android.tools.lint.model.PathVariables$Companion$PATH_COMPARATOR$4          : loaded 2 times (x 80B)
Class com.google.common.base.Absent                                                   : loaded 2 times (x 82B)
Class org.jetbrains.kotlin.incremental.classpathDiff.impl.InnerClassesClassVisitor    : loaded 2 times (x 90B)
Class org.jetbrains.kotlin.daemon.common.ReportSeverity                               : loaded 2 times (x 81B)
Class org.jetbrains.kotlin.daemon.common.DaemonOptions$mappers$9                      : loaded 2 times (x 143B)
Class org.jetbrains.kotlin.gradle.plugin.statistics.BuildFinishMetrics$reportGlobalMetrics$1: loaded 2 times (x 81B)
Class com.google.common.reflect.Reflection                                            : loaded 2 times (x 73B)
Class kotlin.reflect.jvm.internal.impl.serialization.deserialization.ClassDeserializer$classes$1: loaded 2 times (x 81B)
Class build_4bpqkl11e2e92ygk5rzr4e51j                                                 : loaded 2 times (x 174B)
Class kotlin.jvm.internal.KotlinGenericDeclaration                                    : loaded 2 times (x 72B)
Class kotlin.reflect.jvm.internal.impl.load.java.lazy.ContextKt$childForClassOrPackage$1: loaded 2 times (x 81B)
Class kotlin.reflect.jvm.internal.impl.serialization.deserialization.descriptors.DeserializedClassDescriptor$constructors$1: loaded 2 times (x 81B)
Class kotlin.reflect.jvm.internal.impl.descriptors.impl.ModuleDescriptorImpl$packageFragmentProviderForWholeModuleWithDependencies$2: loaded 2 times (x 81B)
Class org.jetbrains.kotlin.buildtools.internal.jvm.JvmSnapshotBasedIncrementalCompilationOptionsImpl$Companion: loaded 2 times (x 73B)
Class org.jetbrains.kotlin.buildtools.internal.DaemonExecutionPolicyImpl              : loaded 2 times (x 89B)
Class org.jetbrains.kotlin.incremental.impl.SelectiveClassVisitor                     : loaded 2 times (x 90B)
Class [Lcom.google.common.reflect.Types$JavaVersion;                                  : loaded 2 times (x 71B)
Class com.google.common.collect.Interners$InternerBuilder                             : loaded 2 times (x 78B)
Class com.google.common.collect.AbstractMapBasedMultimap$WrappedSortedSet             : loaded 2 times (x 230B)
Class org.jetbrains.kotlin.gradle.incremental.IncrementalModuleInfoProvider           : loaded 2 times (x 72B)
Class org.jetbrains.kotlin.gradle.plugin.mpp.compilationImpl.KotlinCompilationImpl$2  : loaded 2 times (x 81B)
Class org.jetbrains.kotlin.gradle.dsl.PlatformSourceSetConventionsChecker$runChecks$1 : loaded 2 times (x 89B)
Class org.jetbrains.kotlin.gradle.plugin.mpp.compilationImpl.KotlinCompilationProcessorSideEffectKt$KotlinCompilationProcessorSideEffect$1: loaded 2 times (x 76B)
Class org.jetbrains.kotlin.gradle.dsl.KotlinJvmCompilerOptionsDefault                 : loaded 2 times (x 108B)
Class org.jetbrains.kotlin.gradle.internal.UsesClassLoadersCachingBuildService        : loaded 2 times (x 72B)
Class org.jetbrains.kotlin.incremental.classpathDiff.JavaClassMemberLevelSnapshot     : loaded 2 times (x 74B)
Class com.android.ide.common.rendering.api.ResourceNamespace$Resolver                 : loaded 2 times (x 72B)
Class com.android.ide.common.resources.configuration.VersionQualifier                 : loaded 2 times (x 91B)
Class [Lcom.google.protobuf.Descriptors$DescriptorPool$SearchFilter;                  : loaded 2 times (x 71B)
Class com.google.protobuf.WireFormat$FieldType$3                                      : loaded 2 times (x 84B)
Class [Lcom.google.protobuf.Descriptors$FieldDescriptor;                              : loaded 2 times (x 71B)
Class org.jetbrains.kotlin.incremental.classpathDiff.InaccessibleClassSnapshotExternalizer: loaded 2 times (x 77B)
Class com.android.ide.common.repository.AgpVersion                                    : loaded 2 times (x 77B)
Class org.codehaus.groovy.classgen.Verifier$6                                         : loaded 2 times (x 189B)
Class org.codehaus.groovy.syntax.Types                                                : loaded 2 times (x 73B)
Class groovyjarjarantlr4.v4.runtime.atn.PredictionContextCache                        : loaded 2 times (x 77B)
Class com.android.tools.lint.model.DefaultLintModelDependencies                       : loaded 2 times (x 80B)
Class org.apache.groovy.parser.antlr4.GroovyParser$EmptyStmtAltContext                : loaded 2 times (x 160B)
Class kotlin.ResultKt                                                                 : loaded 2 times (x 73B)
Class groovyjarjarantlr4.v4.runtime.atn.ATNDeserializer$UnicodeDeserializer           : loaded 2 times (x 72B)
Class org.apache.groovy.parser.antlr4.GroovyParser$UnaryAddExprAltContext             : loaded 2 times (x 164B)
Class org.apache.groovy.parser.antlr4.GroovyParser$ArgumentsContext                   : loaded 2 times (x 162B)
Class groovyjarjarantlr4.v4.runtime.tree.ParseTree                                    : loaded 2 times (x 72B)
Class org.codehaus.groovy.ast.stmt.ContinueStatement                                  : loaded 2 times (x 113B)
Class org.codehaus.groovy.runtime.InvokerHelper                                       : loaded 2 times (x 73B)
Class org.codehaus.groovy.vmplugin.v8.Java8                                           : loaded 2 times (x 111B)
Class groovy.lang.MetaClassRegistry$MetaClassCreationHandle                           : loaded 2 times (x 76B)
Class kotlin.reflect.jvm.internal.ClassValueCache                                     : loaded 2 times (x 76B)
Class org.codehaus.groovy.ast.GroovyCodeVisitor                                       : loaded 2 times (x 72B)
Class kotlin.time.DurationUnitKt__DurationUnitKt                                      : loaded 2 times (x 73B)
Class kotlin.reflect.jvm.internal.KClassImpl$Data$$Lambda$8                           : loaded 2 times (x 78B)
Class org.codehaus.groovy.reflection.stdclasses.ObjectCachedClass                     : loaded 2 times (x 97B)
Class kotlinx.coroutines.CoroutineDispatcher$Key                                      : loaded 2 times (x 74B)
Class [Lkotlinx.coroutines.CoroutineStart;                                            : loaded 2 times (x 71B)
Class it.unimi.dsi.fastutil.objects.ObjectIterable                                    : loaded 2 times (x 72B)
Class com.android.tools.lint.model.DefaultLintModelAndroidLibrary                     : loaded 2 times (x 113B)
Class com.android.sdklib.AndroidApiLevel$Companion                                    : loaded 2 times (x 73B)
Class org.apache.groovy.io.StringBuilderWriter                                        : loaded 2 times (x 102B)
Class com.android.prefs.AndroidLocationsProvider                                      : loaded 2 times (x 72B)
Class org.codehaus.groovy.ast.PropertyNode                                            : loaded 2 times (x 156B)
Class groovy.lang.Reference                                                           : loaded 2 times (x 88B)
Class com.google.common.collect.MapMakerInternalMap$WeakKeyStrongValueEntry           : loaded 2 times (x 93B)
Class org.jetbrains.kotlin.incremental.classpathDiff.ClasspathEntrySnapshotter$Settings: loaded 2 times (x 74B)
Class groovyjarjarantlr4.v4.runtime.CharStream                                        : loaded 2 times (x 72B)
Class org.jetbrains.kotlin.daemon.common.CompilationResultCategory                    : loaded 2 times (x 81B)
Class groovyjarjarantlr4.v4.runtime.atn.SemanticContext$Operator                      : loaded 2 times (x 76B)
Class org.codehaus.groovy.classgen.BytecodeExpression                                 : loaded 2 times (x 130B)
Class kotlin.reflect.jvm.internal.impl.load.java.lazy.LazyJavaAnnotations$annotationDescriptors$1: loaded 2 times (x 81B)
Class org.codehaus.groovy.control.InstanceOfVerifier                                  : loaded 2 times (x 213B)
Class com.google.protobuf.Internal$DoubleList                                         : loaded 2 times (x 72B)
Class com.google.protobuf.CodedInputStream$IterableDirectByteBufferDecoder            : loaded 2 times (x 121B)
Class org.gradle.api.internal.classpath.DefaultModuleRegistry$DefaultModule           : loaded 2 times (x 88B)
Class org.objectweb.asm.FieldVisitor                                                  : loaded 2 times (x 79B)
Class kotlin.reflect.jvm.internal.KClassImpl$Data$declaredStaticMembers$2             : loaded 2 times (x 81B)
Class kotlin.reflect.jvm.internal.KProperty1Impl$delegateSource$1                     : loaded 2 times (x 81B)
Class org.jetbrains.kotlin.buildtools.internal.CancellableBuildOperationImpl          : loaded 2 times (x 89B)
Class build_1m874l9orishawclr41rnen3i$_run_closure1                                   : loaded 2 times (x 140B)
Class com.google.common.io.CharStreams$NullWriter                                     : loaded 2 times (x 101B)
Class org.jetbrains.kotlin.compilerRunner.KotlinCompilerArgumentsLogLevel$Companion   : loaded 2 times (x 73B)
Class org.jetbrains.kotlin.gradle.plugin.DefaultKotlinBasePlugin$addKotlinCompilerConfiguration$3$1: loaded 2 times (x 81B)
Class org.jetbrains.kotlin.gradle.tasks.AbstractKotlinCompile$defaultKotlinJavaToolchain$1: loaded 2 times (x 80B)
Class com.google.errorprone.annotations.DoNotMock                                     : loaded 2 times (x 72B)
Class org.jetbrains.kotlin.gradle.plugin.KotlinCompilationInfoKt                      : loaded 2 times (x 73B)
Class org.jetbrains.kotlin.gradle.tasks.KotlinCompile                                 : loaded 2 times (x 505B)
Class org.jetbrains.kotlin.gradle.internal.StdlibDependencyManagementKt               : loaded 2 times (x 73B)
Class org.jetbrains.kotlin.gradle.dsl.PlatformSourceSetConventionsChecker$runChecks$2 : loaded 2 times (x 80B)
Class org.jetbrains.kotlin.gradle.utils.ObservableSet                                 : loaded 2 times (x 72B)
Class org.jetbrains.kotlin.gradle.plugin.mpp.HierarchyAttributeContainer              : loaded 2 times (x 86B)
Class org.jetbrains.kotlin.gradle.tasks.UsesKotlinJavaToolchain                       : loaded 2 times (x 72B)
Class org.jetbrains.kotlin.konan.target.KonanTarget$MINGW_X64                         : loaded 2 times (x 80B)
Class org.jetbrains.kotlin.gradle.plugin.diagnostics.KotlinToolingDiagnosticsCollectorKt: loaded 2 times (x 73B)
Class org.jetbrains.kotlin.gradle.plugin.DefaultKotlinBasePlugin$apply$1              : loaded 2 times (x 77B)
Class org.jetbrains.kotlin.statistics.metrics.StringOverridePolicy$OVERRIDE           : loaded 2 times (x 87B)
Class org.jetbrains.kotlin.gradle.internal.properties.PropertiesBuildService$Params_Decorated: loaded 2 times (x 132B)
Class org.objectweb.asm.SymbolTable$Entry                                             : loaded 2 times (x 75B)
Class org.jetbrains.kotlin.gradle.plugin.internal.ConfigurationCacheStartParameterAccessor$Factory: loaded 2 times (x 72B)
Class com.android.ide.common.resources.configuration.UiModeQualifier                  : loaded 2 times (x 92B)
Class com.google.protobuf.WireFormat$FieldType$4                                      : loaded 2 times (x 84B)
Class com.google.protobuf.Descriptors$DescriptorPool$PackageDescriptor                : loaded 2 times (x 78B)
Class org.codehaus.groovy.classgen.Verifier$7                                         : loaded 2 times (x 189B)
Class org.jetbrains.kotlin.gradle.plugin.KotlinGradleBuildServices$detectKotlinPluginLoadedInMultipleProjects$onRegister$1$1: loaded 2 times (x 77B)
Class org.codehaus.groovy.ast.tools.ParameterUtils                                    : loaded 2 times (x 73B)
Class org.jetbrains.kotlin.gradle.targets.native.KonanPropertiesBuildService          : loaded 2 times (x 78B)
Class org.apache.groovy.parser.antlr4.GroovyParser$SwitchBlockStatementGroupContext   : loaded 2 times (x 163B)
Class groovyjarjarantlr4.v4.runtime.atn.BlockEndState                                 : loaded 2 times (x 91B)
Class org.apache.groovy.parser.antlr4.GroovyParser$MethodBodyContext                  : loaded 2 times (x 159B)
Class org.codehaus.groovy.ast.expr.MapExpression                                      : loaded 2 times (x 133B)
Class groovy.lang.Script                                                              : loaded 2 times (x 97B)
Class org.codehaus.groovy.runtime.metaclass.ClosureMetaMethod$AnonymousMetaMethod     : loaded 2 times (x 98B)
Class org.codehaus.groovy.util.ReferenceManager$CallBackedManager                     : loaded 2 times (x 78B)
Class it.unimi.dsi.fastutil.objects.Object2IntOpenHashMap                             : loaded 2 times (x 249B)
Class org.jetbrains.kotlin.gradle.internal.properties.PropertiesBuildService$NullableStringGradleProperty: loaded 2 times (x 78B)
Class org.jetbrains.kotlin.gradle.plugin.diagnostics.DiagnosticGroup$KotlinDiagnosticGroup: loaded 2 times (x 83B)
Class org.jetbrains.kotlin.gradle.plugin.diagnostics.ToolingDiagnosticRenderingOptions$Companion: loaded 2 times (x 73B)
Class kotlin.reflect.jvm.internal.KClassImpl$Data$$Lambda$9                           : loaded 2 times (x 78B)
Class org.jetbrains.org.objectweb.asm.ClassWriter                                     : loaded 2 times (x 107B)
Class org.jetbrains.kotlin.gradle.plugin.ProjectLocalConfigurations$ProjectLocalDisambiguation: loaded 2 times (x 78B)
Class org.jetbrains.kotlin.gradle.tasks.DefaultKotlinJavaToolchain$Companion$wireJvmTargetToToolchain$2: loaded 2 times (x 77B)
Class org.jetbrains.kotlin.gradle.dsl.KotlinJvmCompilerOptionsHelper                  : loaded 2 times (x 73B)
Class kotlin.reflect.jvm.internal.impl.load.java.lazy.descriptors.LazyJavaPackageScope$classes$1: loaded 2 times (x 81B)
Class com.google.common.collect.FluentIterable$1                                      : loaded 2 times (x 83B)
Class kotlin.reflect.jvm.internal.impl.load.java.lazy.types.RawSubstitution           : loaded 2 times (x 80B)
Class kotlin.reflect.jvm.internal.impl.serialization.deserialization.descriptors.DeserializedClassDescriptor$primaryConstructor$1: loaded 2 times (x 81B)
Class kotlin.reflect.jvm.internal.impl.load.java.lazy.descriptors.LazyJavaClassMemberScope$constructors$1: loaded 2 times (x 81B)
Class org.jetbrains.kotlin.buildtools.internal.CompilationServiceImplKt               : loaded 2 times (x 73B)
Class org.jetbrains.kotlin.daemon.client.KotlinCompilerClient$GcAutoConfiguration     : loaded 2 times (x 74B)
Class org.jetbrains.kotlin.incremental.KotlinClassInfo$Companion                      : loaded 2 times (x 73B)
Class Native_plugin_loader_gradle                                                     : loaded 2 times (x 128B)
Class Build_gradle$2$1                                                                : loaded 2 times (x 76B)
Class org.jetbrains.kotlin.statistics.metrics.IMetricContainer                        : loaded 2 times (x 72B)
Class org.jetbrains.kotlin.gradle.plugin.mpp.KotlinTargetComponentWithCoordinatesAndPublication: loaded 2 times (x 72B)
Class org.jetbrains.kotlin.gradle.incremental.UsesIncrementalModuleInfoBuildService   : loaded 2 times (x 72B)
Class org.jetbrains.kotlin.gradle.dsl.PlatformSourceSetConventionsChecker$runChecks$3 : loaded 2 times (x 80B)
Class org.jetbrains.kotlin.konan.target.KonanTarget$ANDROID_X86                       : loaded 2 times (x 80B)
Class org.jetbrains.kotlin.gradle.plugin.RegisterKotlinPluginExtensionsKt             : loaded 2 times (x 73B)
Class org.jetbrains.kotlin.gradle.utils.CompilerOptionsKt$configureExperimentalTryNext$1$1: loaded 2 times (x 80B)
Class org.jetbrains.kotlin.gradle.utils.CompilerOptionsKt                             : loaded 2 times (x 73B)
Class org.jetbrains.kotlin.gradle.plugin.PropertiesProvider$Companion                 : loaded 2 times (x 73B)
Class org.jetbrains.kotlin.gradle.utils.SingleAction                                  : loaded 2 times (x 75B)
Class org.objectweb.asm.Edge                                                          : loaded 2 times (x 74B)
Class com.google.common.base.Suppliers$SupplierOfInstance                             : loaded 2 times (x 81B)
Class [Lcom.google.protobuf.Descriptors$Descriptor;                                   : loaded 2 times (x 71B)
Class com.google.protobuf.DescriptorProtos$EnumValueDescriptorProtoOrBuilder          : loaded 2 times (x 72B)
Class com.google.protobuf.DescriptorProtos$FieldDescriptorProto$Type                  : loaded 2 times (x 89B)
Class com.google.protobuf.Utf8                                                        : loaded 2 times (x 73B)
Class com.google.protobuf.GeneratedMessageV3                                          : loaded 2 times (x 180B)
Class org.codehaus.groovy.classgen.Verifier$8                                         : loaded 2 times (x 189B)
Class org.codehaus.groovy.classgen.asm.OptimizingStatementWriter$OptVisitor           : loaded 2 times (x 214B)
Class org.apache.groovy.util.concurrent.concurrentlinkedhashmap.ConcurrentLinkedHashMap$Builder: loaded 2 times (x 74B)
Class org.jetbrains.kotlin.incremental.storage.DelegateDataExternalizer               : loaded 2 times (x 78B)
Class com.android.tools.lint.model.LintModelDependencyGraph                           : loaded 2 times (x 72B)
Class org.codehaus.groovy.classgen.asm.BytecodeHelper                                 : loaded 2 times (x 73B)
Class org.apache.groovy.parser.antlr4.GroovyParser$ModifiersContext                   : loaded 2 times (x 162B)
Class org.codehaus.groovy.ast.expr.ClosureListExpression                              : loaded 2 times (x 136B)
Class org.codehaus.groovy.ast.expr.UnaryPlusExpression                                : loaded 2 times (x 131B)
Class org.codehaus.groovy.ast.expr.ArrayExpression                                    : loaded 2 times (x 136B)
Class groovy.lang.Tuple                                                               : loaded 2 times (x 208B)
Class org.codehaus.groovy.util.ReferenceType$WeakRef                                  : loaded 2 times (x 89B)
Class org.codehaus.groovy.reflection.stdclasses.BigIntegerCachedClass                 : loaded 2 times (x 97B)
Class groovy.lang.Buildable                                                           : loaded 2 times (x 72B)
Class kotlinx.coroutines.JobSupport                                                   : loaded 2 times (x 134B)
Class kotlin.coroutines.ContinuationKt                                                : loaded 2 times (x 73B)
Class org.codehaus.groovy.runtime.dgmimpl.arrays.DoubleArrayPutAtMetaMethod           : loaded 2 times (x 99B)
Class kotlin.text.MatchResult$Destructured                                            : loaded 2 times (x 74B)
Class org.codehaus.groovy.runtime.GroovyCategorySupport$CategoryMethod                : loaded 2 times (x 105B)
Class groovy.lang.MetaClassImpl$MethodIndexAction                                     : loaded 2 times (x 77B)
Class org.jetbrains.kotlin.com.intellij.openapi.vfs.impl.GenericZipFile               : loaded 2 times (x 72B)
Class org.jetbrains.kotlin.incremental.DifferenceCalculatorForPackageFacade$Companion$membersResolvers$1: loaded 2 times (x 131B)
Class org.jetbrains.kotlin.incremental.storage.StringExternalizer                     : loaded 2 times (x 77B)
Class org.jetbrains.kotlin.buildtools.internal.jvm.operations.JvmCompilationOperationImpl$WhenMappings: loaded 2 times (x 73B)
Class org.jetbrains.kotlin.daemon.common.DaemonJVMOptionsMemoryComparator             : loaded 2 times (x 91B)
Class groovyjarjarasm.asm.ClassVisitor                                                : loaded 2 times (x 90B)
Class org.apache.groovy.parser.antlr4.GroovyParser$VariableDeclaratorIdContext        : loaded 2 times (x 159B)
Class org.apache.groovy.parser.antlr4.GroovyParser$ResourceListContext                : loaded 2 times (x 162B)
Class org.apache.groovy.parser.antlr4.GroovyParser$ClassOrInterfaceModifiersContext   : loaded 2 times (x 162B)
Class com.google.gson.TypeAdapter                                                     : loaded 2 times (x 75B)
Class com.google.protobuf.DescriptorProtos$FileDescriptorProtoOrBuilder               : loaded 2 times (x 72B)
Class org.gradle.internal.classloader.ClasspathUtil$1                                 : loaded 2 times (x 78B)
Class kotlin.reflect.jvm.internal.impl.serialization.deserialization.descriptors.DeserializedClassDescriptor$inlineClassRepresentation$1: loaded 2 times (x 81B)
Class com.google.common.cache.CacheLoader$UnsupportedLoadingOperationException        : loaded 2 times (x 84B)
Class org.objectweb.asm.ClassWriter                                                   : loaded 2 times (x 107B)
Class org.jetbrains.kotlin.gradle.internal.properties.PropertiesBuildServiceKt        : loaded 2 times (x 73B)
Class org.jetbrains.kotlin.gradle.plugin.KotlinGradleBuildServices$Companion          : loaded 2 times (x 73B)
Class org.jetbrains.kotlin.gradle.plugin.KotlinPlatformType                           : loaded 2 times (x 84B)
Class org.jetbrains.kotlin.gradle.plugin.diagnostics.checkers.JsLikeEnvironmentChecker: loaded 2 times (x 78B)
Class org.jetbrains.kotlin.gradle.tasks.DefaultKotlinJavaToolchain$Companion$wireJvmTargetToToolchain$1: loaded 2 times (x 77B)
Class [Lorg.jetbrains.kotlin.gradle.plugin.HasKotlinDependencies;                     : loaded 2 times (x 71B)
Class org.jetbrains.kotlin.gradle.targets.js.npm.DefaultDevNpmDependencyExtension     : loaded 2 times (x 146B)
Class build_cg9lxzi6yzmuzbfd6b0x45odh                                                 : loaded 2 times (x 174B)
Class com.google.common.reflect.TypeToken$1                                           : loaded 2 times (x 112B)
Class org.jetbrains.kotlin.gradle.tasks.KotlinCompile$defaultKotlinJavaToolchain$1    : loaded 2 times (x 81B)
Class org.jetbrains.kotlin.gradle.tasks.KotlinJavaToolchain$JavaToolchainSetter       : loaded 2 times (x 72B)
Class org.jetbrains.kotlin.gradle.internal.utils.CollectionsKt                        : loaded 2 times (x 73B)
Class org.jetbrains.kotlin.gradle.plugin.diagnostics.KotlinToolingDiagnosticsSetupActionKt$KotlinToolingDiagnosticsSetupAction$1$2$diagnostics$1: loaded 2 times (x 77B)
Class org.jetbrains.kotlin.tooling.core.ExtrasPropertyKt$extrasLazyProperty$1         : loaded 2 times (x 96B)
Class org.jetbrains.kotlin.gradle.dsl.abi.AbiFilterSetSpec                            : loaded 2 times (x 72B)
Class org.jetbrains.kotlin.gradle.dsl.PlatformSourceSetConventionsChecker$runChecks$4 : loaded 2 times (x 80B)
Class org.jetbrains.kotlin.gradle.plugin.diagnostics.checkers.JsLikeEnvironmentChecker$runChecks$1: loaded 2 times (x 89B)
Class org.jetbrains.kotlin.gradle.plugin.diagnostics.UsesKotlinToolingDiagnostics     : loaded 2 times (x 72B)
Class org.jetbrains.kotlin.gradle.plugin.diagnostics.checkers.KonanHomeConflictDeclarationChecker: loaded 2 times (x 76B)
Class org.jetbrains.kotlin.gradle.plugin.diagnostics.KotlinToolingDiagnostics$WasmJsEnvironmentNotChosenExplicitly: loaded 2 times (x 75B)
Class org.jetbrains.kotlin.statistics.metrics.BooleanAnonymizationPolicy$SAFE         : loaded 2 times (x 87B)
Class com.google.common.cache.LocalCache$ComputingValueReference                      : loaded 2 times (x 98B)
Class com.android.ide.common.resources.configuration.Configurable                     : loaded 2 times (x 72B)
Class com.google.protobuf.DescriptorProtos$DescriptorProto$ReservedRangeOrBuilder     : loaded 2 times (x 72B)
Class com.google.protobuf.MessageLite$Builder                                         : loaded 2 times (x 72B)
Class org.codehaus.groovy.classgen.asm.StatementWriter                                : loaded 2 times (x 94B)
Class groovyjarjarantlr4.v4.runtime.atn.SemanticContext                               : loaded 2 times (x 75B)
Class [Lgroovyjarjarantlr4.v4.runtime.dfa.DFA;                                        : loaded 2 times (x 71B)
Class groovyjarjarantlr4.v4.runtime.atn.StarLoopEntryState                            : loaded 2 times (x 92B)
Class org.apache.groovy.parser.antlr4.GroovyParser$CompilationUnitContext             : loaded 2 times (x 163B)
Class org.codehaus.groovy.runtime.metaclass.MetaMethodIndex$CacheEntry                : loaded 2 times (x 74B)
Class org.codehaus.groovy.runtime.dgmimpl.arrays.DoubleArrayGetAtMetaMethod           : loaded 2 times (x 99B)
Class org.jetbrains.kotlin.gradle.internal.KotlinDomApiDependencyManagementKt$configureKotlinDomApiDefaultDependency$1: loaded 2 times (x 81B)
Class com.google.common.collect.AbstractMapBasedMultimap$KeySet$1                     : loaded 2 times (x 84B)
Class org.jetbrains.kotlin.gradle.plugin.mpp.compilationImpl.factory.KotlinCompilationImplFactory$PostConfigure$Companion: loaded 2 times (x 73B)
Class org.jetbrains.kotlin.gradle.tasks.CompileUsingKotlinDaemonWithNormalization     : loaded 2 times (x 72B)
Class com.google.common.collect.HashMultimapGwtSerializationDependencies              : loaded 2 times (x 175B)
Class build_1hts65v4zhrrud5ci62yryu2c$_run_closure1                                   : loaded 2 times (x 140B)
Class org.jetbrains.kotlin.com.intellij.util.containers.SLRUMap                       : loaded 2 times (x 82B)
Class org.jetbrains.kotlin.incremental.DifferenceCalculatorForPackageFacade$Companion$membersResolvers$2: loaded 2 times (x 131B)
Class [Lkotlin.reflect.jvm.internal.impl.load.java.components.TypeUsage;              : loaded 2 times (x 71B)
Class org.jetbrains.kotlin.daemon.common.CompileService$CallResult                    : loaded 2 times (x 74B)
Class org.jetbrains.kotlin.daemon.client.KotlinCompilerClient$tryFindSuitableDaemonOrNewOpts$$inlined$thenBy$1: loaded 2 times (x 92B)
Class kotlin.reflect.jvm.internal.impl.builtins.jvm.JvmBuiltInsCustomizer$createMockJavaIoSerializableType$superTypes$1: loaded 2 times (x 81B)
Class org.jetbrains.kotlin.incremental.classpathDiff.impl.ExtraInfoGeneratorWithInlinedClassSnapshotting: loaded 2 times (x 76B)
Class kotlin.reflect.jvm.internal.impl.resolve.scopes.LazyScopeAdapter$lazyScope$1    : loaded 2 times (x 81B)
Class org.jetbrains.kotlin.com.intellij.util.containers.hash.EqualityPolicy           : loaded 2 times (x 72B)
Class com.android.manifmerger.ManifestMerger2$MergeFailureException                   : loaded 2 times (x 84B)
Class com.android.tools.lint.model.PathVariables$Companion                            : loaded 2 times (x 73B)
Class kotlin.reflect.jvm.internal.KClassImpl$Data$supertypes$2                        : loaded 2 times (x 81B)
Class com.google.common.reflect.TypeToken$2                                           : loaded 2 times (x 112B)
Class com.google.common.collect.AbstractMapBasedMultimap$AsMap$AsMapEntries           : loaded 2 times (x 140B)
Class org.jetbrains.kotlin.gradle.plugin.mpp.compilationImpl.DefaultKotlinCompilationSourceSetsContainer$allKotlinSourceSetsImpl$1$1: loaded 2 times (x 82B)
Class org.jetbrains.kotlin.gradle.plugin.mpp.compilationImpl.DefaultKotlinCompilationSourceSetsContainer: loaded 2 times (x 80B)
Class org.jetbrains.kotlin.konan.target.KonanTarget$TVOS_SIMULATOR_ARM64              : loaded 2 times (x 80B)
Class org.jetbrains.kotlin.gradle.plugin.KotlinPluginLifecycle$Stage$Companion        : loaded 2 times (x 73B)
Class org.jetbrains.kotlin.gradle.plugin.diagnostics.checkers.DeprecatedKotlinNativeTargetsChecker: loaded 2 times (x 76B)
Class org.jetbrains.kotlin.gradle.targets.jvm.KotlinJvmCompilationWireJavaSourcesSideEffectKt$KotlinJvmCompilationWireJavaSourcesSideEffect$1: loaded 2 times (x 76B)
Class org.jetbrains.kotlin.gradle.targets.native.ConfigureFrameworkExportSideEffectKt$special$$inlined$KotlinTargetSideEffect$1: loaded 2 times (x 76B)
Class org.jetbrains.kotlin.tooling.core.AbstractExtras                                : loaded 2 times (x 143B)
Class org.jetbrains.kotlin.konan.target.KonanTarget$Companion                         : loaded 2 times (x 73B)
Class org.jetbrains.kotlin.gradle.fus.BuildUidService$Companion$registerIfAbsent$1    : loaded 2 times (x 76B)
Class org.jetbrains.kotlin.gradle.internal.diagnostics.AgpCompatibilityCheck$AndroidGradlePluginVersionProvider: loaded 2 times (x 72B)
Class com.google.common.cache.LocalCache$Segment                                      : loaded 2 times (x 155B)
Class [Lcom.android.ide.common.resources.DataFile$FileType;                           : loaded 2 times (x 71B)
Class com.android.ide.common.resources.ResourceFile                                   : loaded 2 times (x 89B)
Class [Lcom.android.prefs.VariableValue;                                              : loaded 2 times (x 71B)
Class com.android.tools.lint.model.LintModelSourceProvider                            : loaded 2 times (x 72B)
Class com.android.ide.common.resources.configuration.WideGamutColorQualifier          : loaded 2 times (x 93B)
Class com.android.ide.common.resources.configuration.HighDynamicRangeQualifier        : loaded 2 times (x 93B)
Class com.google.protobuf.Descriptors$DescriptorPool$SearchFilter                     : loaded 2 times (x 81B)
Class com.google.protobuf.Parser                                                      : loaded 2 times (x 72B)
Class [Lorg.apache.groovy.util.concurrent.concurrentlinkedhashmap.EvictionListener;   : loaded 2 times (x 71B)
Class org.codehaus.groovy.classgen.InnerClassVisitor                                  : loaded 2 times (x 214B)
Class groovyjarjarantlr4.v4.runtime.misc.Args                                         : loaded 2 times (x 73B)
Class org.apache.groovy.parser.antlr4.GroovyParser$ForUpdateContext                   : loaded 2 times (x 159B)
Class org.codehaus.groovy.ast.expr.StaticMethodCallExpression                         : loaded 2 times (x 143B)
Class org.apache.groovy.parser.antlr4.GroovyParser$MultiplicativeExprAltContext       : loaded 2 times (x 166B)
Class org.apache.groovy.parser.antlr4.GroovyParser$WhileStmtAltContext                : loaded 2 times (x 163B)
Class org.codehaus.groovy.transform.ASTTransformationVisitor$1                        : loaded 2 times (x 73B)
Class org.codehaus.groovy.vmplugin.VMPlugin                                           : loaded 2 times (x 72B)
Class org.codehaus.groovy.reflection.GeneratedMetaMethod$DgmMethodRecord              : loaded 2 times (x 74B)
Class com.android.ide.common.gradle.Separator                                         : loaded 2 times (x 81B)
Class kotlin.collections.builders.SetBuilder$Companion                                : loaded 2 times (x 73B)
Class kotlin.time.DurationUnitKt__DurationUnitJvmKt                                   : loaded 2 times (x 73B)
Class it.unimi.dsi.fastutil.ints.IntArraySet                                          : loaded 2 times (x 237B)
Class kotlin.time.DurationJvmKt                                                       : loaded 2 times (x 73B)
Class kotlin.jvm.JvmStatic                                                            : loaded 2 times (x 72B)
Class org.codehaus.groovy.ast.stmt.ReturnStatement                                    : loaded 2 times (x 115B)
Class it.unimi.dsi.fastutil.objects.ObjectIterator                                    : loaded 2 times (x 72B)
Class org.codehaus.groovy.runtime.memoize.EvictableCache                              : loaded 2 times (x 72B)
Class groovyjarjarantlr4.v4.runtime.tree.RuleNode                                     : loaded 2 times (x 72B)
Class com.android.tools.lint.model.LintModelSeverity$Companion                        : loaded 2 times (x 73B)
Class org.jetbrains.kotlin.incremental.DifferenceCalculatorForPackageFacade$Companion$membersResolvers$3: loaded 2 times (x 131B)
Class org.jetbrains.kotlin.daemon.common.CompilerId                                   : loaded 2 times (x 77B)
Class org.apache.groovy.parser.antlr4.GroovyParser$GroovyParserRuleContext            : loaded 2 times (x 158B)
Class kotlin.reflect.jvm.internal.impl.serialization.deserialization.descriptors.DeserializedClassDescriptor$DeserializedClassMemberScope$refinedSupertypes$1: loaded 2 times (x 81B)
Class org.apache.groovy.parser.antlr4.GroovyParser$EnhancedArgumentListElementContext : loaded 2 times (x 161B)
Class groovyjarjarantlr4.v4.runtime.CommonTokenFactory                                : loaded 2 times (x 81B)
Class kotlin.reflect.jvm.internal.impl.load.java.lazy.types.TypeParameterUpperBoundEraser$erroneousErasedBound$2: loaded 2 times (x 81B)
Class org.jetbrains.kotlin.buildtools.internal.KotlinToolchainsImpl                   : loaded 2 times (x 82B)
Class org.jetbrains.kotlin.incremental.ClasspathChanges$ClasspathSnapshotEnabled$IncrementalRun: loaded 2 times (x 74B)
Class Native_plugin_loader_gradle$NativePluginLoader$Companion                        : loaded 2 times (x 73B)
Class [Lcom.google.common.base.Supplier;                                              : loaded 2 times (x 71B)
Class org.jetbrains.kotlin.gradle.plugin.statistics.KotlinBuildStatsLoggerService$initSessionLogger$1: loaded 2 times (x 81B)
Class org.jetbrains.kotlin.build.report.metrics.BuildTimes                            : loaded 2 times (x 74B)
Class org.jetbrains.kotlin.gradle.tasks.KotlinCompile$ClasspathSnapshotProperties     : loaded 2 times (x 75B)
Class org.jetbrains.kotlin.gradle.internal.StdlibDependencyManagementKt$addStdlibDependency$1$1: loaded 2 times (x 81B)
Class org.jetbrains.kotlin.gradle.tasks.configuration.BaseKotlinCompileConfig$2$1     : loaded 2 times (x 77B)
Class org.jetbrains.kotlin.gradle.plugin.diagnostics.TransformActionUsingKotlinToolingDiagnostics: loaded 2 times (x 72B)
Class com.google.common.collect.SortedIterable                                        : loaded 2 times (x 72B)
Class org.jetbrains.kotlin.gradle.dsl.abi.AbiValidationVariantSpec$Companion          : loaded 2 times (x 73B)
Class org.jetbrains.kotlin.gradle.dsl.abi.AbiValidationVariantSpec                    : loaded 2 times (x 72B)
Class org.jetbrains.kotlin.gradle.dsl.PlatformSourceSetConventionsChecker$runChecks$6 : loaded 2 times (x 89B)
Class org.jetbrains.kotlin.gradle.plugin.sources.DefaultKotlinSourceSet_Decorated     : loaded 2 times (x 187B)
Class org.jetbrains.kotlin.gradle.plugin.mpp.KotlinCompilationsKt                     : loaded 2 times (x 73B)
Class org.jetbrains.kotlin.gradle.targets.native.KonanPropertiesBuildService$Companion: loaded 2 times (x 73B)
Class org.jetbrains.kotlin.statistics.metrics.StringOverridePolicy                    : loaded 2 times (x 87B)
Class org.jetbrains.kotlin.gradle.plugin.statistics.DefaultKotlinBuildStatsBeanService: loaded 2 times (x 94B)
Class org.jetbrains.kotlin.gradle.utils.GradleUtilsKt$registerClassLoaderScopedBuildService$1: loaded 2 times (x 76B)
Class org.jetbrains.kotlin.gradle.internal.diagnostics.AgpCompatibilityCheck$AndroidGradlePluginVersionProvider$Default: loaded 2 times (x 76B)
Class [Lorg.objectweb.asm.SymbolTable$Entry;                                          : loaded 2 times (x 71B)
Class com.google.common.cache.CacheLoader                                             : loaded 2 times (x 76B)
Class org.gradle.internal.installation.GradleInstallation$1                           : loaded 2 times (x 77B)
Class org.gradle.api.internal.classpath.ModuleRegistry                                : loaded 2 times (x 72B)
Class org.apache.groovy.parser.antlr4.GroovyParser$ArrayInitializerContext            : loaded 2 times (x 163B)
Class com.google.protobuf.DescriptorProtos$EnumValueDescriptorProto$Builder           : loaded 2 times (x 303B)
Class com.google.protobuf.DescriptorProtos$EnumValueOptionsOrBuilder                  : loaded 2 times (x 72B)
Class com.google.protobuf.ByteString$LeafByteString                                   : loaded 2 times (x 105B)
Class com.google.protobuf.Descriptors$GenericDescriptor                               : loaded 2 times (x 77B)
Class [Lorg.codehaus.groovy.classgen.asm.MethodCaller;                                : loaded 2 times (x 71B)
Class org.codehaus.groovy.transform.trait.Traits                                      : loaded 2 times (x 73B)
Class [Lgroovyjarjarantlr4.v4.runtime.atn.SemanticContext;                            : loaded 2 times (x 71B)
Class groovyjarjarantlr4.v4.runtime.DefaultErrorStrategy                              : loaded 2 times (x 109B)
Class [Lorg.codehaus.groovy.runtime.metaclass.MetaMethodIndex$Entry;                  : loaded 2 times (x 71B)
Class org.codehaus.groovy.runtime.metaclass.MetaClassRegistryImpl                     : loaded 2 times (x 103B)
Class org.codehaus.groovy.ast.stmt.EmptyStatement$1                                   : loaded 2 times (x 112B)
Class com.android.resources.ResourceType$Kind                                         : loaded 2 times (x 81B)
Class org.codehaus.groovy.transform.ASTTransformationCollectorCodeVisitor             : loaded 2 times (x 214B)
Class [Lorg.codehaus.groovy.tools.GroovyClass;                                        : loaded 2 times (x 71B)
Class com.android.ide.common.repository.AgpVersion$PreviewKind$Companion              : loaded 2 times (x 73B)
Class com.android.ProgressManagerAdapter                                              : loaded 2 times (x 75B)
Class com.google.protobuf.AbstractMessageLite$Builder$LimitedInputStream              : loaded 2 times (x 94B)
Class org.jetbrains.kotlin.buildtools.internal.jvm.operations.JvmClasspathSnapshottingOperationImpl$Companion: loaded 2 times (x 73B)
Class org.jetbrains.kotlin.buildtools.internal.jvm.operations.JvmClasspathSnapshottingOperationImpl: loaded 2 times (x 101B)
Class com.google.protobuf.Extension$ExtensionType                                     : loaded 2 times (x 81B)
Class com.google.protobuf.UnsafeUtil$Android32MemoryAccessor                          : loaded 2 times (x 93B)
Class com.google.protobuf.DescriptorProtos$FieldDescriptorProto$Builder               : loaded 2 times (x 323B)
Class com.google.protobuf.Descriptors$OneofDescriptor                                 : loaded 2 times (x 78B)
Class kotlin.DeprecationLevel                                                         : loaded 2 times (x 81B)
Class com.android.resources.ScreenRound                                               : loaded 2 times (x 88B)
Class org.gradle.internal.InternalTransformer                                         : loaded 2 times (x 72B)
Class org.jetbrains.kotlin.buildtools.internal.jvm.operations.JvmCompilationOperationImpl$Companion: loaded 2 times (x 73B)
Class org.apache.commons.io.output.NullWriter                                         : loaded 2 times (x 101B)
Class org.jetbrains.kotlin.gradle.plugin.KotlinPluginLifecycle$ProjectConfigurationResult: loaded 2 times (x 73B)
Class org.jetbrains.kotlin.gradle.internal.KotlinDependenciesManagementKt$configureDefaultVersionsResolutionStrategy$1: loaded 2 times (x 77B)
Class org.jetbrains.kotlin.gradle.internal.StdlibDependencyManagementKt$configureStdlibDefaultDependency$1: loaded 2 times (x 81B)
Class org.jetbrains.kotlin.gradle.plugin.mpp.compilationImpl.KotlinCreateResourcesTaskSideEffectKt: loaded 2 times (x 73B)
Class org.jetbrains.kotlin.gradle.plugin.mpp.KotlinUsages                             : loaded 2 times (x 73B)
Class org.jetbrains.kotlin.gradle.utils.ConfigurationCacheOpaqueValue                 : loaded 2 times (x 74B)
Class org.jetbrains.kotlin.gradle.internal.properties.NativePropertiesLoader$Companion: loaded 2 times (x 73B)
Class org.jetbrains.kotlin.gradle.plugin.statistics.KotlinBuildStatsBeanService$Companion: loaded 2 times (x 73B)
Class org.jetbrains.kotlin.gradle.plugin.statistics.BuildFusService$Companion         : loaded 2 times (x 73B)
Class com.google.common.util.concurrent.internal.InternalFutureFailureAccess          : loaded 2 times (x 74B)
Class [Lorg.jetbrains.kotlin.statistics.metrics.NumericalMetrics;                     : loaded 2 times (x 71B)
Class com.google.protobuf.Descriptors$FieldDescriptor$Type                            : loaded 2 times (x 81B)
Class com.google.protobuf.AbstractMessageLite                                         : loaded 2 times (x 103B)
Class org.codehaus.groovy.classgen.asm.UnaryExpressionHelper                          : loaded 2 times (x 78B)
Class org.codehaus.groovy.classgen.asm.InvocationWriter                               : loaded 2 times (x 95B)
Class org.jetbrains.kotlin.gradle.internal.properties.NativePropertiesLoader$isToolchainEnabled$1: loaded 2 times (x 77B)
Class org.jetbrains.kotlin.gradle.plugin.diagnostics.ToolingDiagnosticRenderingOptionsKt$isAttachedToTerminal$2: loaded 2 times (x 76B)
Class groovyjarjarantlr4.v4.runtime.atn.ConflictInfo                                  : loaded 2 times (x 74B)
Class groovyjarjarantlr4.v4.runtime.InputMismatchException                            : loaded 2 times (x 91B)
Class org.codehaus.groovy.control.ResolveVisitor$ConstructedNestedClass               : loaded 2 times (x 244B)
Class org.codehaus.groovy.runtime.metaclass.MethodHelper                              : loaded 2 times (x 73B)
Class groovy.lang.MetaClassImpl$MetaConstructor                                       : loaded 2 times (x 98B)
Class org.codehaus.groovy.runtime.metaclass.MethodMetaProperty                        : loaded 2 times (x 80B)
Class org.codehaus.groovy.runtime.dgmimpl.arrays.ByteArrayGetAtMetaMethod             : loaded 2 times (x 99B)
Class org.codehaus.groovy.reflection.ClassInfo$1                                      : loaded 2 times (x 78B)
Class org.jetbrains.kotlin.gradle.utils.FutureImpl                                    : loaded 2 times (x 82B)
Class org.jetbrains.kotlin.gradle.plugin.mpp.ApplyUserDefinedAttributesKt             : loaded 2 times (x 73B)
Class org.jetbrains.kotlin.gradle.targets.native.internal.AddKotlinPlatformIntegersSupportLibraryKt$AddKotlinPlatformIntegersSupportLibrary$1: loaded 2 times (x 97B)
Class org.jetbrains.kotlin.gradle.targets.CreateDefaultCompilationsSideEffectKt$CreateDefaultCompilationsSideEffect$1: loaded 2 times (x 76B)
Class org.jetbrains.kotlin.gradle.plugin.mpp.KotlinJvmAndroidCompilation              : loaded 2 times (x 204B)
Class kotlin.time.Duration$Companion                                                  : loaded 2 times (x 73B)
Class org.jetbrains.kotlin.gradle.targets.js.npm.NpmDependencyExtensionKt$AddNpmDependencyExtensionProjectSetupAction$1$WhenMappings: loaded 2 times (x 73B)
Class kotlin.coroutines.intrinsics.IntrinsicsKt__IntrinsicsKt                         : loaded 2 times (x 73B)
Class kotlinx.coroutines.Job$Key                                                      : loaded 2 times (x 73B)
Class org.jetbrains.kotlin.gradle.plugin.diagnostics.CheckKotlinGradlePluginConfigurationErrorsKt: loaded 2 times (x 73B)
Class org.jetbrains.kotlin.gradle.dsl.abi.AbiValidationLegacyDumpExtension            : loaded 2 times (x 72B)
Class org.jetbrains.kotlin.gradle.internal.KotlinTestDependencyManagementKt$maybeAddTestDependencyCapability$1: loaded 2 times (x 77B)
Class kotlin.reflect.jvm.internal.impl.serialization.deserialization.descriptors.DeserializedClassDescriptor$annotations$1: loaded 2 times (x 81B)
Class org.jetbrains.kotlin.gradle.tasks.configuration.KaptGenerateStubsConfig$Companion: loaded 2 times (x 73B)
Class org.jetbrains.kotlin.gradle.plugin.diagnostics.checkers.CInteropInputChecker$runChecks$2: loaded 2 times (x 77B)
Class kotlin.reflect.jvm.internal.impl.load.java.lazy.descriptors.LazyJavaClassDescriptor$declaredParameters$1: loaded 2 times (x 81B)
Class org.jetbrains.kotlin.build.report.metrics.BuildAttribute$Companion              : loaded 2 times (x 73B)
Class org.jetbrains.kotlin.gradle.tasks.KotlinCompile$scriptSources$1                 : loaded 2 times (x 77B)
Class org.jetbrains.kotlin.gradle.tasks.configuration.AbstractKotlinCompileConfig$2$4 : loaded 2 times (x 77B)
Class org.jetbrains.kotlin.statistics.fileloggers.MetricsContainer$Companion$readFromFile$1: loaded 2 times (x 81B)
Class kotlin.reflect.jvm.internal.pcollections.ConsPStack                             : loaded 2 times (x 81B)
Class kotlin.reflect.jvm.internal.KClassImpl$Data$declaredMembers$2                   : loaded 2 times (x 81B)
Class org.jetbrains.kotlin.buildtools.internal.BuildOperationImpl                     : loaded 2 times (x 82B)
Class com.google.common.collect.ImmutableSortedAsList                                 : loaded 2 times (x 223B)
Class org.jetbrains.kotlin.statistics.metrics.NumberOverridePolicy$SUM$fromStringRepresentation$1: loaded 2 times (x 80B)
Class com.google.common.collect.Iterators$6                                           : loaded 2 times (x 83B)
Class com.google.common.collect.ImmutableMultimap$Values                              : loaded 2 times (x 128B)
Class org.jetbrains.kotlin.gradle.plugin.HasCompilerOptions                           : loaded 2 times (x 72B)
Class org.jetbrains.kotlin.gradle.plugin.mpp.compilationImpl.DefaultKotlinCompilationFriendPathsResolver$FriendArtifactResolver: loaded 2 times (x 72B)
Class org.jetbrains.kotlin.gradle.dsl.abi.AbiFilterSetSpec_Decorated                  : loaded 2 times (x 135B)
Class org.jetbrains.kotlin.konan.target.KonanTarget$WATCHOS_SIMULATOR_ARM64           : loaded 2 times (x 80B)
Class org.jetbrains.kotlin.gradle.targets.js.ir.KotlinJsIrTarget                      : loaded 2 times (x 256B)
Class org.jetbrains.kotlin.gradle.plugin.mpp.DefaultKotlinUsageContext                : loaded 2 times (x 95B)
Class org.jetbrains.kotlin.gradle.plugin.KotlinPluginLifecycleImpl$start$3            : loaded 2 times (x 81B)
Class org.jetbrains.kotlin.gradle.dsl.KotlinJvmExtension                              : loaded 2 times (x 72B)
Class org.jetbrains.kotlin.gradle.plugin.KotlinMultiplatformPluginWrapper             : loaded 2 times (x 88B)
Class [Lorg.jetbrains.kotlin.statistics.metrics.BooleanMetrics;                       : loaded 2 times (x 71B)
Class org.jetbrains.kotlin.gradle.fus.internal.CiUtilKt                               : loaded 2 times (x 73B)
Class org.jetbrains.kotlin.gradle.internal.properties.PropertiesBuildService$Companion: loaded 2 times (x 73B)
Class com.google.common.cache.LocalCache$LocalManualCache$1                           : loaded 2 times (x 77B)
Class com.android.resources.HighDynamicRange                                          : loaded 2 times (x 88B)
Class com.android.ide.common.resources.configuration.NavigationStateQualifier         : loaded 2 times (x 92B)
Class kotlin.text.Regex$findAll$2                                                     : loaded 2 times (x 127B)
Class org.codehaus.groovy.classgen.FinalVariableAnalyzer$StateMap                     : loaded 2 times (x 137B)
Class org.apache.groovy.parser.antlr4.GroovyParser$AssertStmtAltContext               : loaded 2 times (x 160B)
Class groovyjarjarantlr4.v4.runtime.NoViableAltException                              : loaded 2 times (x 94B)
Class groovyjarjarantlr4.v4.runtime.tree.TerminalNode                                 : loaded 2 times (x 72B)
Class groovyjarjarantlr4.v4.runtime.atn.LexerSkipAction                               : loaded 2 times (x 78B)
Class [Lorg.codehaus.groovy.ast.MixinNode;                                            : loaded 2 times (x 71B)
Class org.codehaus.groovy.control.CompilationUnit$ISourceUnitOperation                : loaded 2 times (x 72B)
Class org.codehaus.groovy.reflection.stdclasses.ArrayCachedClass                      : loaded 2 times (x 97B)
Class org.codehaus.groovy.reflection.stdclasses.BigDecimalCachedClass                 : loaded 2 times (x 97B)
Class com.android.utils.PositionXmlParser$SaxParserPool                               : loaded 2 times (x 81B)
Class kotlin.reflect.jvm.internal.impl.builtins.jvm.JvmBuiltIns$customizer$2$1        : loaded 2 times (x 81B)
Class kotlin.reflect.jvm.internal.impl.types.AbstractTypeConstructor$supertypes$3     : loaded 2 times (x 81B)
Class [Lcom.android.prefs.Global;                                                     : loaded 2 times (x 71B)
Class kotlin.reflect.jvm.internal.impl.load.java.lazy.descriptors.LazyJavaClassMemberScope$nestedClasses$1: loaded 2 times (x 81B)
Class kotlin.reflect.jvm.internal.impl.types.CustomTypeVariable                       : loaded 2 times (x 72B)
Class org.jetbrains.kotlin.com.intellij.util.io.ResourceHandle                        : loaded 2 times (x 81B)
Class org.jetbrains.kotlin.incremental.storage.JvmClassNameExternalizer               : loaded 2 times (x 77B)
Class org.jetbrains.kotlin.incremental.storage.CollectionExternalizerV2               : loaded 2 times (x 82B)
Class kotlin.reflect.jvm.internal.KTypeImpl$classifier$2                              : loaded 2 times (x 81B)
Class org.jetbrains.kotlin.daemon.client.BasicCompilerServicesWithResultsFacadeServerKt$WhenMappings: loaded 2 times (x 73B)
Class org.jetbrains.org.objectweb.asm.ClassTooLargeException                          : loaded 2 times (x 84B)
Class org.jetbrains.kotlin.incremental.classpathDiff.KotlinClassSnapshot              : loaded 2 times (x 76B)
Class com.android.tools.lint.model.LintModelModuleLoader                              : loaded 2 times (x 72B)
Class groovy.lang.MissingMethodException                                              : loaded 2 times (x 93B)
Class kotlin.reflect.jvm.internal.impl.load.java.lazy.types.TypeParameterUpperBoundEraser$getErasedUpperBound$1: loaded 2 times (x 81B)
Class org.jetbrains.kotlin.buildtools.internal.arguments.CommonCompilerArgumentsImpl  : loaded 2 times (x 105B)
Class com.google.common.collect.Multimaps$CustomSetMultimap                           : loaded 2 times (x 180B)
Class com.google.common.collect.ImmutableSortedMap$1EntrySet                          : loaded 2 times (x 157B)
Class org.jetbrains.kotlin.gradle.plugin.mpp.compilationImpl.KotlinCompilationConfigurationsContainer: loaded 2 times (x 72B)
Class org.jetbrains.kotlin.gradle.internal.StdlibDependencyManagementKt$addStdlibDependency$1: loaded 2 times (x 77B)
Class [Lorg.jetbrains.kotlin.gradle.plugin.KotlinPluginLifecycle$CoroutineStart;      : loaded 2 times (x 71B)
Class org.jetbrains.kotlin.gradle.dsl.IosSourceSetConventionChecker                   : loaded 2 times (x 76B)
Class org.jetbrains.kotlin.gradle.plugin.diagnostics.KotlinGradleProjectChecker       : loaded 2 times (x 72B)
Class org.jetbrains.kotlin.gradle.plugin.sources.KotlinSourceSetFactory$Companion     : loaded 2 times (x 73B)
Class org.jetbrains.kotlin.gradle.dsl.KotlinMultiplatformSourceSetConventions         : loaded 2 times (x 72B)
Class org.jetbrains.kotlin.statistics.metrics.NumberOverridePolicy$SUM                : loaded 2 times (x 87B)
Class org.gradle.api.internal.classpath.DefaultModuleRegistry                         : loaded 2 times (x 88B)
Class [Lcom.android.resources.Keyboard;                                               : loaded 2 times (x 71B)
Class com.android.resources.ScreenRatio                                               : loaded 2 times (x 88B)
Class [Lcom.android.ide.common.resources.configuration.ResourceQualifier;             : loaded 2 times (x 71B)
Class groovyjarjarasm.asm.SymbolTable                                                 : loaded 2 times (x 74B)
Class org.apache.groovy.parser.antlr4.GroovyParser$IntegerLiteralAltContext           : loaded 2 times (x 160B)
Class org.apache.groovy.parser.antlr4.GroovyParser$DynamicMemberNameContext           : loaded 2 times (x 160B)
Class org.codehaus.groovy.classgen.asm.MopWriter$Factory                              : loaded 2 times (x 72B)
Class groovyjarjarantlr4.v4.runtime.tree.ParseTreeListener                            : loaded 2 times (x 72B)
Class groovyjarjarantlr4.v4.runtime.dfa.DFAState                                      : loaded 2 times (x 81B)
Class groovyjarjarantlr4.v4.runtime.ConsoleErrorListener                              : loaded 2 times (x 77B)
Class groovyjarjarantlr4.v4.runtime.atn.LoopEndState                                  : loaded 2 times (x 91B)
Class com.google.common.collect.LinkedHashMultimap$ValueSetLink                       : loaded 2 times (x 72B)
Class groovyjarjarantlr4.v4.runtime.CodePointBuffer                                   : loaded 2 times (x 83B)
Class org.apache.groovy.parser.antlr4.GroovyParser$LabeledStmtAltContext              : loaded 2 times (x 163B)
Class org.apache.groovy.parser.antlr4.GroovyParser$MapEntryLabelContext               : loaded 2 times (x 160B)
Class org.apache.groovy.parser.antlr4.GroovyParser$FormalParameterContext             : loaded 2 times (x 166B)
Class org.codehaus.groovy.control.ASTTransformationsContext                           : loaded 2 times (x 77B)
Class org.codehaus.groovy.control.messages.Message                                    : loaded 2 times (x 74B)
Class org.apache.groovy.parser.antlr4.GroovyParser$StandardLambdaParametersContext    : loaded 2 times (x 160B)
Class org.codehaus.groovy.runtime.metaclass.MissingMethodExceptionNoStack             : loaded 2 times (x 93B)
Class org.codehaus.groovy.runtime.dgmimpl.arrays.IntegerArrayGetAtMetaMethod          : loaded 2 times (x 99B)
Class groovy.lang.Closure$WritableClosure                                             : loaded 2 times (x 139B)
Class org.codehaus.groovy.util.ReferenceType$SoftRef                                  : loaded 2 times (x 89B)
Class org.codehaus.groovy.runtime.GStringImpl                                         : loaded 2 times (x 166B)
Class [Lgroovyjarjarantlr4.v4.runtime.atn.PredictionMode;                             : loaded 2 times (x 71B)
Class org.codehaus.groovy.classgen.BytecodeSequence                                   : loaded 2 times (x 114B)
Class org.codehaus.groovy.classgen.asm.WriterController                               : loaded 2 times (x 125B)
Class org.codehaus.groovy.classgen.asm.AssertionWriter                                : loaded 2 times (x 79B)
Class kotlin.reflect.jvm.internal.impl.builtins.functions.FunctionTypeKind$KFunction  : loaded 2 times (x 74B)
Class kotlin.jvm.internal.Ref$IntRef                                                  : loaded 2 times (x 73B)
Class com.google.protobuf.DescriptorProtos$FileOptions$1                              : loaded 2 times (x 153B)
Class com.google.common.util.concurrent.UncheckedExecutionException                   : loaded 2 times (x 84B)
Class org.jetbrains.kotlin.gradle.dsl.KotlinAndroidProjectExtension                   : loaded 2 times (x 141B)
Class org.jetbrains.kotlin.gradle.plugin.statistics.BuildFusService                   : loaded 2 times (x 86B)
Class org.jetbrains.kotlin.com.intellij.openapi.util.io.FileTooBigException           : loaded 2 times (x 84B)
Class org.jetbrains.org.objectweb.asm.AnnotationWriter                                : loaded 2 times (x 80B)
Class org.jetbrains.kotlin.compilerRunner.KotlinCompilerRunnerUtils$WhenMappings      : loaded 2 times (x 73B)
Class org.jetbrains.kotlin.statistics.metrics.NumberAnonymizationPolicy$SAFE          : loaded 2 times (x 87B)
Class org.jetbrains.kotlin.gradle.internal.properties.NativePropertiesLoader          : loaded 2 times (x 85B)
Class kotlin.reflect.jvm.internal.impl.load.java.lazy.descriptors.LazyJavaClassMemberScope$enumEntryIndex$1: loaded 2 times (x 81B)
Class org.jetbrains.kotlin.gradle.plugin.diagnostics.ToolingDiagnosticRenderingOptionsKt$isAttachedToTerminal$1: loaded 2 times (x 76B)
Class org.jetbrains.kotlin.gradle.ExperimentalKotlinGradlePluginApi                   : loaded 2 times (x 72B)
Class org.jetbrains.kotlin.gradle.plugin.diagnostics.checkers.CInteropInputChecker$runChecks$1: loaded 2 times (x 89B)
Class org.jetbrains.kotlin.gradle.plugin.diagnostics.checkers.AndroidPublicationNotConfiguredChecker$runChecks$1: loaded 2 times (x 89B)
Class org.jetbrains.kotlin.gradle.internal.KotlinDependenciesManagementKt$CustomizeKotlinDependenciesSetupAction$1$coreLibrariesVersion$1: loaded 2 times (x 81B)
Class org.jetbrains.kotlin.gradle.plugin.mpp.compilationImpl.factory.KotlinCompilationImplFactory$KotlinCompilationTaskNamesContainerFactory: loaded 2 times (x 72B)
Class org.jetbrains.kotlin.gradle.tasks.configuration.BaseKotlinCompileConfig         : loaded 2 times (x 74B)
Class org.jetbrains.kotlin.buildtools.internal.arguments.JvmCompilerArgumentsImpl$JvmCompilerArgument: loaded 2 times (x 74B)
Class org.jetbrains.kotlin.gradle.plugin.internal.state.TaskExecutionResults          : loaded 2 times (x 73B)
Class org.jetbrains.kotlin.compilerRunner.KotlinCompilerArgumentsLogLevel             : loaded 2 times (x 81B)
Class org.jetbrains.kotlin.gradle.plugin.mpp.compilationImpl.factory.CompositePostConfigure: loaded 2 times (x 77B)
Class org.jetbrains.kotlin.gradle.plugin.diagnostics.KotlinToolingDiagnosticsSetupActionKt$KotlinToolingDiagnosticsSetupAction$1$reporterProvider$1: loaded 2 times (x 76B)
Class org.jetbrains.kotlin.gradle.targets.native.internal.CInteropConfigurationsKt    : loaded 2 times (x 73B)
Class org.jetbrains.kotlin.gradle.plugin.statistics.BuildFusService$Parameters$Inject : loaded 2 times (x 114B)
Class org.jetbrains.kotlin.statistics.metrics.StatisticsValuesConsumer                : loaded 2 times (x 72B)
Class org.jetbrains.kotlin.gradle.plugin.AndroidGradlePluginVersion$Companion         : loaded 2 times (x 73B)
Class com.google.common.util.concurrent.ListenableFuture                              : loaded 2 times (x 72B)
Class com.google.common.cache.ReferenceEntry                                          : loaded 2 times (x 72B)
Class org.jetbrains.kotlin.tooling.core.KotlinToolingVersion                          : loaded 2 times (x 77B)
Class com.google.protobuf.SmallSortedMap$EmptySet$1                                   : loaded 2 times (x 83B)
Class com.google.protobuf.DescriptorProtos$FieldDescriptorProto$Label$1               : loaded 2 times (x 78B)
Class org.jetbrains.kotlin.gradle.tasks.configuration.AbstractKotlinCompileConfig$2$3 : loaded 2 times (x 77B)
Class org.codehaus.groovy.transform.stc.UnionTypeClassNode                            : loaded 2 times (x 245B)
Class groovyjarjarantlr4.v4.runtime.misc.AbstractEqualityComparator                   : loaded 2 times (x 79B)
Class groovyjarjarantlr4.v4.runtime.atn.ArrayPredictionContext                        : loaded 2 times (x 87B)
Class groovyjarjarantlr4.v4.runtime.atn.ProfilingATNSimulator                         : loaded 2 times (x 122B)
Class groovyjarjarantlr4.v4.runtime.atn.LexerCustomAction                             : loaded 2 times (x 78B)
Class groovyjarjarantlr4.v4.runtime.atn.LexerMoreAction                               : loaded 2 times (x 78B)
Class com.google.common.collect.ExplicitOrdering                                      : loaded 2 times (x 117B)
Class groovyjarjarantlr4.v4.runtime.CodePointCharStream$CodePoint16BitCharStream      : loaded 2 times (x 93B)
Class org.apache.groovy.parser.antlr4.GroovyParser$BuiltInTypeContext                 : loaded 2 times (x 160B)
Class kotlin.reflect.jvm.internal.impl.types.AbstractTypeConstructor$supertypes$2     : loaded 2 times (x 80B)
Class org.codehaus.groovy.runtime.m12n.ExtensionModuleScanner                         : loaded 2 times (x 76B)
Class org.codehaus.groovy.runtime.dgmimpl.arrays.ObjectArrayGetAtMetaMethod           : loaded 2 times (x 99B)
Class org.codehaus.groovy.ast.expr.ClassExpression                                    : loaded 2 times (x 129B)
Class [Lcom.android.resources.ResourceFolderType;                                     : loaded 2 times (x 71B)
Class kotlin.reflect.jvm.internal.impl.serialization.deserialization.AbstractDeserializedPackageFragmentProvider$fragments$1: loaded 2 times (x 81B)
Class org.jetbrains.org.objectweb.asm.tree.MethodNode                                 : loaded 2 times (x 111B)
Class com.android.tools.lint.model.LintModelSerialization                             : loaded 2 times (x 77B)
Class org.jetbrains.kotlin.descriptors.Visibilities$Inherited                         : loaded 2 times (x 81B)
Class org.jetbrains.kotlin.incremental.classpathDiff.RegularKotlinClassSnapshotExternalizer: loaded 2 times (x 77B)
Class org.jetbrains.kotlin.com.intellij.openapi.vfs.impl.ZipHandler                   : loaded 2 times (x 84B)
Class org.jetbrains.kotlin.it.unimi.dsi.fastutil.HashCommon                           : loaded 2 times (x 73B)
Class kotlin.reflect.jvm.internal.impl.serialization.deserialization.descriptors.DeserializedMemberScope$OptimizedImplementation$functions$1: loaded 2 times (x 81B)
Class com.android.tools.lint.model.DefaultLintModelLibraryResolver                    : loaded 2 times (x 78B)
Class it.unimi.dsi.fastutil.Function                                                  : loaded 2 times (x 72B)
Class kotlin.text.DelimitedRangesSequence$iterator$1                                  : loaded 2 times (x 81B)
Class kotlin.coroutines.ContinuationInterceptor$Key                                   : loaded 2 times (x 73B)
Class kotlin.jvm.internal.PropertyReference2Impl                                      : loaded 2 times (x 129B)
Class kotlin.reflect.jvm.internal.impl.builtins.functions.FunctionTypeKind$SuspendFunction: loaded 2 times (x 74B)
Class kotlin.reflect.jvm.internal.KClassImpl$Data$allMembers$2                        : loaded 2 times (x 81B)
Class org.gradle.kotlin.dsl.Accessors7t09xqv4rp34sow31xff10e9cKt                      : loaded 2 times (x 73B)
Class org.jetbrains.kotlin.gradle.plugin.DefaultKotlinBasePlugin$addKotlinCompilerConfiguration$2$1$1$1: loaded 2 times (x 77B)
Class org.jetbrains.kotlin.gradle.plugin.CompilerPluginConfig                         : loaded 2 times (x 74B)
Class org.jetbrains.kotlin.gradle.tasks.KotlinCompilerExecutionStrategy$Companion     : loaded 2 times (x 73B)
Class org.jetbrains.kotlin.gradle.plugin.diagnostics.KotlinToolingDiagnosticsSetupActionKt$KotlinToolingDiagnosticsSetupAction$1$reporterProvider$2: loaded 2 times (x 77B)
Class [Lorg.jetbrains.kotlin.tooling.core.HasMutableExtras;                           : loaded 2 times (x 71B)
Class org.jetbrains.kotlin.gradle.plugin.diagnostics.checkers.GradleDeprecatedPropertyChecker: loaded 2 times (x 76B)
Class org.jetbrains.kotlin.gradle.artifacts.KotlinJsKlibArtifactKt$KotlinJsKlibArtifact$1: loaded 2 times (x 76B)
Class org.jetbrains.kotlin.gradle.targets.CreateTargetConfigurationsSideEffectKt      : loaded 2 times (x 73B)
Class org.jetbrains.kotlin.gradle.plugin.mpp.ApplyUserDefinedAttributesKt$UserDefinedAttributesSetupAction$1: loaded 2 times (x 97B)
Class org.jetbrains.kotlin.gradle.plugin.mpp.KotlinAndroidTarget                      : loaded 2 times (x 161B)
Class org.jetbrains.kotlin.gradle.plugin.DefaultKotlinBasePlugin$addKotlinCompilerConfiguration$1: loaded 2 times (x 77B)
Class org.jetbrains.kotlin.gradle.plugin.statistics.NonSynchronizedMetricsContainer   : loaded 2 times (x 84B)
Class org.jetbrains.kotlin.gradle.plugin.internal.DefaultCompatibilityConventionRegistrar: loaded 2 times (x 76B)
Class org.jetbrains.kotlin.gradle.plugin.PropertiesProvider                           : loaded 2 times (x 75B)
Class com.google.common.util.concurrent.AbstractFuture                                : loaded 2 times (x 108B)
Class com.google.protobuf.DescriptorProtos$FieldOptions$1                             : loaded 2 times (x 78B)
Class com.google.protobuf.SmallSortedMap$EmptySet$2                                   : loaded 2 times (x 81B)
Class groovyjarjarasm.asm.FieldVisitor                                                : loaded 2 times (x 79B)
Class org.codehaus.groovy.classgen.Verifier                                           : loaded 2 times (x 110B)
Class org.apache.groovy.parser.antlr4.GroovyLangParser$LightWeightFailedPredicateException: loaded 2 times (x 95B)
Class groovyjarjarantlr4.v4.runtime.misc.IntervalSet                                  : loaded 2 times (x 124B)
Class groovyjarjarantlr4.v4.runtime.misc.IntSet                                       : loaded 2 times (x 72B)
Class org.apache.groovy.parser.antlr4.GroovyParser$IndexPropertyArgsContext           : loaded 2 times (x 162B)
Class org.apache.groovy.parser.antlr4.GroovyParser$ClassDeclarationContext            : loaded 2 times (x 172B)
Class org.apache.groovy.parser.antlr4.GroovyParser$ElementValueArrayInitializerContext: loaded 2 times (x 164B)
Class org.apache.groovy.parser.antlr4.GroovyParser$BlockStatementContext              : loaded 2 times (x 160B)
Class org.codehaus.groovy.ast.ClassNode$MapOfLists                                    : loaded 2 times (x 77B)
Class org.codehaus.groovy.util.ComplexKeyHashMap$EntryIterator                        : loaded 2 times (x 72B)
Class org.codehaus.groovy.ast.stmt.ForStatement                                       : loaded 2 times (x 124B)
Class org.codehaus.groovy.ast.expr.LambdaExpression                                   : loaded 2 times (x 137B)
Class org.codehaus.groovy.ast.ClassCodeExpressionTransformer                          : loaded 2 times (x 217B)
Class org.codehaus.groovy.ast.Variable                                                : loaded 2 times (x 72B)
Class kotlin.coroutines.jvm.internal.RestrictedContinuationImpl                       : loaded 2 times (x 89B)
Class kotlin.coroutines.CoroutineContext$Key                                          : loaded 2 times (x 72B)
Class org.codehaus.groovy.runtime.EncodingGroovyMethods                               : loaded 2 times (x 73B)
Class kotlin.reflect.jvm.internal.impl.resolve.scopes.SubstitutingScope$_allDescriptors$2: loaded 2 times (x 81B)
Class groovy.lang.MetaArrayLengthProperty                                             : loaded 2 times (x 79B)
Class org.codehaus.groovy.ast.stmt.ThrowStatement                                     : loaded 2 times (x 114B)
Class kotlin.reflect.jvm.internal.impl.descriptors.ScopesHolderForClass$scopeForOwnerModule$2: loaded 2 times (x 81B)
Class groovy.security.GroovyCodeSourcePermission                                      : loaded 2 times (x 81B)
Class org.apache.groovy.parser.antlr4.GroovyParser$PowerExprAltContext                : loaded 2 times (x 163B)
Class org.apache.groovy.parser.antlr4.GroovyParser$LiteralPrmrAltContext              : loaded 2 times (x 160B)
Class [Lorg.codehaus.groovy.ast.Parameter;                                            : loaded 2 times (x 71B)
Class org.codehaus.groovy.runtime.memoize.ConcurrentSoftCache                         : loaded 2 times (x 157B)
Class org.codehaus.groovy.transform.stc.StaticTypeCheckingSupport                     : loaded 2 times (x 73B)
Class com.google.common.reflect.TypeResolver$TypeTable                                : loaded 2 times (x 75B)
Class com.google.common.io.CharStreams                                                : loaded 2 times (x 73B)
Class com.google.common.collect.ImmutableMultiset                                     : loaded 2 times (x 165B)
Class [Lorg.jetbrains.kotlin.gradle.dsl.jvm.JvmTargetValidationMode;                  : loaded 2 times (x 71B)
Class org.jetbrains.kotlin.gradle.tasks.DefaultKotlinJavaToolchain$javaVersion$1      : loaded 2 times (x 76B)
Class org.jetbrains.kotlin.gradle.plugin.mpp.MppSourcesJarKt$sourcesJarTask$1         : loaded 2 times (x 97B)
Class org.jetbrains.kotlin.gradle.plugin.mpp.compilationImpl.factory.KotlinCompilationImplFactory$KotlinCompilationOutputFactory: loaded 2 times (x 72B)
Class org.jetbrains.kotlin.gradle.plugin.KotlinCompilationToRunnableFiles             : loaded 2 times (x 72B)
Class org.jetbrains.kotlin.gradle.tooling.BuildKotlinToolingMetadataTaskKt            : loaded 2 times (x 73B)
Class org.jetbrains.kotlin.gradle.plugin.ProjectLocalConfigurations$setupAttributesMatchingStrategy$1$1: loaded 2 times (x 76B)
Class org.jetbrains.kotlin.konan.target.TargetSupportException                        : loaded 2 times (x 84B)
Class org.jetbrains.kotlin.gradle.internal.IsInIdeaEnvironmentValueSource             : loaded 2 times (x 82B)
Class org.jetbrains.kotlin.gradle.targets.native.toolchain.KotlinNativeBundleBuildService$Companion$registerIfAbsent$2$1$1: loaded 2 times (x 77B)
Class org.jetbrains.kotlin.statistics.BuildSessionLogger$Companion                    : loaded 2 times (x 73B)
Class org.jetbrains.kotlin.gradle.plugin.diagnostics.ProblemsReporter$Factory         : loaded 2 times (x 72B)
Class org.objectweb.asm.RecordComponentVisitor                                        : loaded 2 times (x 79B)
Class com.google.common.cache.CacheLoader$SupplierToCacheLoader                       : loaded 2 times (x 77B)
Class com.android.ide.common.rendering.api.StyleableResourceValue                     : loaded 2 times (x 72B)
Class com.google.protobuf.DescriptorProtos$FieldOptions$2                             : loaded 2 times (x 153B)
Class [Lcom.google.protobuf.Internal$EnumLiteMap;                                     : loaded 2 times (x 71B)
Class com.google.protobuf.DescriptorProtos$FeatureSetOrBuilder                        : loaded 2 times (x 72B)
Class com.google.protobuf.SingleFieldBuilderV3                                        : loaded 2 times (x 86B)
Class com.google.protobuf.IterableByteBufferInputStream                               : loaded 2 times (x 94B)
Class [Lorg.apache.groovy.util.concurrent.concurrentlinkedhashmap.ConcurrentLinkedHashMap$DrainStatus;: loaded 2 times (x 71B)
Class org.apache.groovy.util.concurrent.concurrentlinkedhashmap.Weighers$SingletonEntryWeigher: loaded 2 times (x 84B)
Class org.apache.groovy.parser.antlr4.internal.atnmanager.LexerAtnManager             : loaded 2 times (x 76B)
Class groovyjarjarantlr4.v4.runtime.atn.TokensStartState                              : loaded 2 times (x 91B)
Class org.codehaus.groovy.ast.ModifierNode                                            : loaded 2 times (x 115B)
Class org.codehaus.groovy.control.io.NullWriter                                       : loaded 2 times (x 101B)
Class groovy.lang.GroovyClassLoader                                                   : loaded 2 times (x 143B)
Class org.codehaus.groovy.control.CompilePhase                                        : loaded 2 times (x 81B)
Class org.codehaus.groovy.runtime.dgmimpl.arrays.LongArrayPutAtMetaMethod             : loaded 2 times (x 99B)
Class org.codehaus.groovy.runtime.dgmimpl.arrays.ArrayMetaMethod                      : loaded 2 times (x 99B)
Class com.google.protobuf.Internal$EnumLite                                           : loaded 2 times (x 72B)
Class kotlin.collections.MutableMapWithDefault                                        : loaded 2 times (x 72B)
Class com.google.protobuf.DescriptorProtos$DescriptorProto$1                          : loaded 2 times (x 153B)
Class kotlinx.coroutines.scheduling.TasksKt                                           : loaded 2 times (x 73B)
Class kotlinx.coroutines.internal.SystemPropsKt__SystemPropsKt                        : loaded 2 times (x 73B)
Class kotlinx.coroutines.ChildJob                                                     : loaded 2 times (x 72B)
Class [Lcom.google.protobuf.Descriptors$EnumDescriptor;                               : loaded 2 times (x 71B)
Class com.android.resources.Density                                                   : loaded 2 times (x 94B)
Class com.google.common.util.concurrent.AbstractFuture$Trusted                        : loaded 2 times (x 72B)
Class org.jetbrains.kotlin.gradle.plugin.HasProject                                   : loaded 2 times (x 72B)
Class org.jetbrains.kotlin.gradle.utils.GradleUtilsKt                                 : loaded 2 times (x 73B)
Class org.jetbrains.kotlin.gradle.utils.SingleAction$PerformedActions                 : loaded 2 times (x 74B)
Class org.jetbrains.kotlin.gradle.plugin.PropertiesProvider$PropertyNames             : loaded 2 times (x 73B)
Class org.jetbrains.kotlin.incremental.storage.ListExternalizer                       : loaded 2 times (x 82B)
Class org.jetbrains.kotlin.gradle.plugin.statistics.BuildFinishBuildService$Parameters_Decorated: loaded 2 times (x 144B)
Class org.jetbrains.kotlin.daemon.client.KotlinCompilerClient$DaemonSearchResult$NotFound: loaded 2 times (x 74B)
Class org.jetbrains.kotlin.gradle.plugin.VariantImplementationFactories$Parameters_Decorated: loaded 2 times (x 132B)
Class org.jetbrains.kotlin.gradle.tasks.KotlinCompileTool                             : loaded 2 times (x 72B)
Class org.jetbrains.kotlin.gradle.report.BuildMetricsService$Companion                : loaded 2 times (x 73B)
Class org.jetbrains.kotlin.gradle.internal.properties.NativePropertiesLoader$jvmArgs$1: loaded 2 times (x 77B)
Class org.jetbrains.kotlin.gradle.dsl.DefaultToolchainSupport_Decorated               : loaded 2 times (x 122B)
Class org.jetbrains.kotlin.gradle.plugin.sources.FragmentConsistencyChecker           : loaded 2 times (x 74B)
Class org.jetbrains.kotlin.gradle.targets.js.npm.NpmDependencyExtensionDelegate       : loaded 2 times (x 168B)
Class org.jetbrains.kotlin.gradle.tasks.configuration.BaseKotlinCompileConfig$1$classpathConfiguration$1: loaded 2 times (x 77B)
Class org.jetbrains.kotlin.gradle.internal.tasks.ProducesKlib                         : loaded 2 times (x 72B)
Class org.jetbrains.kotlin.build.report.metrics.BuildTimes$Companion                  : loaded 2 times (x 73B)
Class com.google.common.base.Optional                                                 : loaded 2 times (x 82B)
Class build_83jnoa820lpe6l8anbc1kvds5$_run_closure1                                   : loaded 2 times (x 140B)
Class build_6es61oajgz29f449dnpj6zb31$_run_closure1$_closure3                         : loaded 2 times (x 140B)
Class com.google.common.reflect.TypeResolver$TypeTable$1                              : loaded 2 times (x 75B)
Class com.google.common.collect.UsingToStringOrdering                                 : loaded 2 times (x 116B)
Class org.jetbrains.kotlin.gradle.targets.js.npm.SemverKt                             : loaded 2 times (x 73B)
Class org.jetbrains.kotlin.gradle.internal.StdlibDependencyManagementKt$isStdlibAddedByUser$1: loaded 2 times (x 81B)
Class org.jetbrains.kotlin.gradle.plugin.mpp.KotlinCompilationsKt$sam$java_util_concurrent_Callable$0: loaded 2 times (x 77B)
Class org.jetbrains.kotlin.gradle.tasks.KotlinCompilerPluginData                      : loaded 2 times (x 74B)
Class org.jetbrains.kotlin.gradle.plugin.mpp.MppSourcesJarKt                          : loaded 2 times (x 73B)
Class org.jetbrains.kotlin.compilerRunner.CompilerSystemPropertiesService$Companion$registerIfAbsent$2$1$1: loaded 2 times (x 77B)
Class org.jetbrains.kotlin.gradle.plugin.KotlinCompilationInfo                        : loaded 2 times (x 90B)
Class org.jetbrains.kotlin.tooling.core.ExtrasPropertyKt                              : loaded 2 times (x 73B)
Class org.jetbrains.kotlin.gradle.tasks.BaseKotlinCompile                             : loaded 2 times (x 72B)
Class org.jetbrains.kotlin.gradle.plugin.internal.UsesBuildIdProviderService          : loaded 2 times (x 72B)
Class org.jetbrains.kotlin.gradle.plugin.mpp.compilationImpl.KotlinCompilationSourceSetInclusion$include$1: loaded 2 times (x 81B)
Class org.jetbrains.kotlin.gradle.plugin.mpp.compilationImpl.factory.KotlinCompilationImplFactory$KotlinCompilationDependencyConfigurationsFactory: loaded 2 times (x 72B)
Class org.jetbrains.kotlin.gradle.tasks.abi.KotlinLegacyAbiCheckTask                  : loaded 2 times (x 72B)
Class org.jetbrains.kotlin.gradle.plugin.KotlinPluginLifecycleCoroutineContextElement$Key: loaded 2 times (x 73B)
Class org.jetbrains.kotlin.gradle.plugin.diagnostics.KotlinToolingDiagnosticsSetupActionKt$KotlinToolingDiagnosticsSetupAction$1: loaded 2 times (x 76B)
Class org.jetbrains.kotlin.gradle.dsl.KotlinProjectExtensionKt                        : loaded 2 times (x 73B)
Class org.jetbrains.kotlin.gradle.internal.ClassLoadersCachingBuildService$Companion$registerIfAbsent$1: loaded 2 times (x 77B)
Class org.jetbrains.kotlin.gradle.plugin.UsesKotlinGradleBuildServices                : loaded 2 times (x 72B)
Class org.jetbrains.kotlin.gradle.plugin.KotlinGradleBuildServices$Parameters_Decorated: loaded 2 times (x 132B)
Class org.jetbrains.kotlin.gradle.plugin.DefaultKotlinBasePlugin$addKotlinCompilerConfiguration$3: loaded 2 times (x 77B)
Class [Lorg.jetbrains.kotlin.statistics.metrics.IMetricContainerFactory;              : loaded 2 times (x 71B)
Class org.jetbrains.kotlin.gradle.internal.IdeaKt                                     : loaded 2 times (x 73B)
Class org.gradle.internal.service.ServiceLookupException                              : loaded 2 times (x 84B)
Class com.google.common.collect.StandardTable                                         : loaded 2 times (x 126B)
Class com.google.common.base.CharMatcher$JavaLetter                                   : loaded 2 times (x 113B)
Class [Lcom.android.resources.ResourceEnum;                                           : loaded 2 times (x 71B)
Class kotlin.sequences.SequencesKt___SequencesKt$sortedWith$1                         : loaded 2 times (x 77B)
Class [Lcom.google.protobuf.GeneratedMessageV3$FieldAccessorTable$FieldAccessor;      : loaded 2 times (x 71B)
Class kotlin.reflect.jvm.internal.impl.types.AbstractTypeConstructor$supertypes$1     : loaded 2 times (x 81B)
Class com.google.protobuf.NioByteString                                               : loaded 2 times (x 106B)
Class com.google.protobuf.DescriptorProtos$DescriptorProtoOrBuilder                   : loaded 2 times (x 72B)
Class com.google.protobuf.FieldSet$FieldDescriptorLite                                : loaded 2 times (x 72B)
Class com.google.protobuf.ExtensionLite                                               : loaded 2 times (x 79B)
Class org.apache.groovy.parser.antlr4.internal.atnmanager.ParserAtnManager            : loaded 2 times (x 76B)
Class groovyjarjarantlr4.v4.runtime.atn.LexerPopModeAction                            : loaded 2 times (x 78B)
Class org.apache.groovy.parser.antlr4.GroovyParser$ForControlContext                  : loaded 2 times (x 160B)
Class org.apache.groovy.parser.antlr4.GroovyParser$LogicalAndExprAltContext           : loaded 2 times (x 164B)
Class org.apache.groovy.parser.antlr4.GroovyParser$TypeParametersContext              : loaded 2 times (x 166B)
Class org.codehaus.groovy.ast.CodeVisitorSupport                                      : loaded 2 times (x 188B)
Class org.codehaus.groovy.runtime.metaclass.MetaMethodIndex$Header                    : loaded 2 times (x 74B)
Class [Lorg.codehaus.groovy.reflection.CachedMethod;                                  : loaded 2 times (x 71B)
Class kotlin.reflect.jvm.internal.impl.serialization.deserialization.TypeDeserializer$classifierDescriptors$1: loaded 2 times (x 81B)
Class org.jetbrains.kotlin.buildtools.internal.arguments.CompilerPluginsRelatedKt     : loaded 2 times (x 73B)
Class kotlinx.coroutines.scheduling.SchedulerCoroutineDispatcher                      : loaded 2 times (x 114B)
Class kotlinx.coroutines.ChildHandleNode                                              : loaded 2 times (x 92B)
Class org.jetbrains.kotlin.buildtools.internal.CancellableBuildOperationImpl$cancellationHandle$1: loaded 2 times (x 77B)
Class org.jetbrains.kotlin.buildtools.internal.jvm.HasSnapshotBasedIcOptionsAccessor  : loaded 2 times (x 72B)
Class org.objectweb.asm.tree.AbstractInsnNode                                         : loaded 2 times (x 80B)
Class com.android.tools.lint.model.LintModelBuildFeatures                             : loaded 2 times (x 72B)
Class org.jetbrains.kotlin.incremental.classpathDiff.InaccessibleClassSnapshot        : loaded 2 times (x 73B)
Class org.jetbrains.kotlin.daemon.common.ReportCategory                               : loaded 2 times (x 81B)
Class org.jetbrains.kotlin.incremental.classpathDiff.impl.InstanceBasedSnapshotter    : loaded 2 times (x 74B)
Class org.jetbrains.org.objectweb.asm.tree.ModuleNode                                 : loaded 2 times (x 84B)
Class kotlin.reflect.jvm.internal.impl.load.java.typeEnhancement.SignatureEnhancement$PartEnhancementResult: loaded 2 times (x 74B)
Class kotlin.reflect.jvm.internal.impl.load.java.lazy.descriptors.LazyJavaPackageFragment$subPackages$1: loaded 2 times (x 81B)
Class com.android.io.CancellableFileIo                                                : loaded 2 times (x 73B)
Class com.android.tools.lint.model.LintModelSeverity                                  : loaded 2 times (x 81B)
Class org.codehaus.groovy.vmplugin.v8.PluginDefaultGroovyMethods                      : loaded 2 times (x 73B)
Class groovy.lang.MetaClassRegistryChangeEvent                                        : loaded 2 times (x 81B)
Class org.codehaus.groovy.ast.expr.TernaryExpression                                  : loaded 2 times (x 132B)
Class org.apache.groovy.parser.antlr4.GroovyParser$BreakStatementContext              : loaded 2 times (x 160B)
Class groovyjarjarantlr4.v4.runtime.misc.FlexibleHashMap                              : loaded 2 times (x 127B)
Class org.codehaus.groovy.control.StaticImportVisitor                                 : loaded 2 times (x 225B)
Class org.jetbrains.kotlin.buildtools.internal.KotlinToolchainsImpl$BuildSessionImpl  : loaded 2 times (x 84B)
Class com.google.common.io.Resources$UrlByteSource                                    : loaded 2 times (x 87B)
Class org.jetbrains.kotlin.gradle.internal.StdlibDependencyManagementKt$isStdlibAddedByUser$2: loaded 2 times (x 80B)
Class org.jetbrains.kotlin.gradle.tasks.GradleCompileTaskProvider_Decorated           : loaded 2 times (x 119B)
Class org.jetbrains.kotlin.gradle.plugin.hierarchy.KotlinSourceSetTreeClassifierKt$sourceSetTreeClassifier$2: loaded 2 times (x 80B)
Class com.google.common.collect.ImmutableSortedSet                                    : loaded 2 times (x 302B)
Class com.google.common.collect.Lists$ReverseList                                     : loaded 2 times (x 202B)
Class org.jetbrains.kotlin.gradle.targets.js.npm.NpmDirectoryDependencyExtension      : loaded 2 times (x 72B)
Class org.jetbrains.kotlin.gradle.plugin.mpp.KotlinUsageContext$MavenScope            : loaded 2 times (x 81B)
Class org.jetbrains.kotlin.gradle.targets.native.KotilnNativeConfigureBinariesSideEffectKt$special$$inlined$KotlinTargetSideEffect$1: loaded 2 times (x 76B)
Class org.jetbrains.kotlin.gradle.plugin.KotlinProjectSetupAction$Companion           : loaded 2 times (x 73B)
Class org.jetbrains.kotlin.konan.target.HostManager                                   : loaded 2 times (x 74B)
Class [Lcom.google.common.cache.LocalCache$EntryFactory;                              : loaded 2 times (x 71B)
Class org.gradle.internal.classloader.ClassLoaderFactory                              : loaded 2 times (x 72B)
Class com.google.protobuf.DescriptorProtos$FileDescriptorProto$1                      : loaded 2 times (x 153B)
Class com.google.protobuf.UnsafeUtil                                                  : loaded 2 times (x 73B)
Class org.codehaus.groovy.classgen.BytecodeInstruction                                : loaded 2 times (x 74B)
Class org.codehaus.groovy.syntax.CSTNode                                              : loaded 2 times (x 106B)
Class org.apache.groovy.parser.antlr4.GroovyParser$NlsContext                         : loaded 2 times (x 160B)
Class org.codehaus.groovy.ast.tools.WideningCategories                                : loaded 2 times (x 73B)
Class org.apache.groovy.parser.antlr4.GroovyParser$StringLiteralAltContext            : loaded 2 times (x 160B)
Class groovyjarjarantlr4.v4.runtime.misc.Tuple2                                       : loaded 2 times (x 74B)
Class org.apache.groovy.parser.antlr4.GroovyParser$IdentifierPrmrAltContext           : loaded 2 times (x 161B)
Class org.apache.groovy.parser.antlr4.GroovyParser$BlockContext                       : loaded 2 times (x 162B)
Class groovyjarjarantlr4.v4.runtime.ParserRuleContext                                 : loaded 2 times (x 138B)
Class org.codehaus.groovy.runtime.InvokerHelper$1                                     : loaded 2 times (x 97B)
Class org.codehaus.groovy.util.ReferenceManager$1                                     : loaded 2 times (x 78B)
Class com.google.protobuf.Descriptors$FieldDescriptor                                 : loaded 2 times (x 90B)
Class com.google.protobuf.Descriptors$1                                               : loaded 2 times (x 73B)
Class [Lcom.android.resources.ScreenRatio;                                            : loaded 2 times (x 71B)
Class org.jetbrains.kotlin.incremental.classpathDiff.impl.PrefixBasedSnapshotter      : loaded 2 times (x 74B)
Class org.jetbrains.kotlin.incremental.classpathDiff.impl.ClassListSnapshotterWithInlinedClassSupport$ClassDescriptorForProcessing: loaded 2 times (x 74B)
Class org.jetbrains.kotlin.gradle.plugin.KotlinCompilerArgumentsProducer              : loaded 2 times (x 72B)
Class org.jetbrains.kotlin.gradle.targets.native.toolchain.UsesKotlinNativeBundleBuildService: loaded 2 times (x 72B)
Class org.jetbrains.kotlin.gradle.plugin.KotlinGradlePluginExtensionPointInternalKt   : loaded 2 times (x 73B)
Class kotlin.reflect.jvm.internal.impl.serialization.deserialization.descriptors.DeserializedTypeParameterDescriptor$annotations$1: loaded 2 times (x 81B)
Class org.jetbrains.kotlin.gradle.dsl.KotlinJvmProjectExtension                       : loaded 2 times (x 149B)
Class org.jetbrains.kotlin.gradle.plugin.mpp.compilationImpl.KotlinCreateSourcesJarTaskSideEffectKt: loaded 2 times (x 73B)
Class org.jetbrains.kotlin.gradle.plugin.diagnostics.checkers.KmpPartiallyResolvedDependenciesChecker: loaded 2 times (x 76B)
Class org.jetbrains.kotlin.gradle.dsl.KotlinCommonOptions                             : loaded 2 times (x 72B)
Class org.jetbrains.kotlin.gradle.plugin.mpp.HasBinaries                              : loaded 2 times (x 72B)
Class com.google.common.collect.ImmutableRangeSet$1                                   : loaded 2 times (x 212B)
Class org.apache.commons.io.CloseableURLConnection                                    : loaded 2 times (x 118B)
Class com.google.common.collect.AbstractSortedKeySortedSetMultimap                    : loaded 2 times (x 220B)
Class org.jetbrains.kotlin.gradle.tasks.DefaultKotlinJavaToolchain$currentJvmJdkToolsJar$1: loaded 2 times (x 76B)
Class org.jetbrains.kotlin.gradle.plugin.diagnostics.ProblemsReporterKt               : loaded 2 times (x 73B)
Class org.jetbrains.kotlin.gradle.plugin.SubpluginEnvironment                         : loaded 2 times (x 74B)
Class org.jetbrains.kotlin.gradle.internal.StdlibDependencyManagementKt$addStdlibDependency$1$1$1: loaded 2 times (x 77B)
Class org.jetbrains.kotlin.gradle.plugin.sources.AbstractKotlinSourceSet              : loaded 2 times (x 141B)
Class org.jetbrains.kotlin.gradle.tooling.BuildKotlinToolingMetadataTaskKt$RegisterBuildKotlinToolingMetadataTask$1: loaded 2 times (x 76B)
Class org.jetbrains.kotlin.gradle.plugin.diagnostics.IsAttachedToTerminalValueSource$Inject: loaded 2 times (x 102B)
Class org.jetbrains.kotlin.compilerRunner.GradleCliCommonizerKt$maybeCreateCommonizerClasspathConfiguration$1$1: loaded 2 times (x 77B)
Class org.jetbrains.kotlin.gradle.internal.diagnostics.AgpCompatibilityCheck          : loaded 2 times (x 73B)
Class com.google.common.cache.LocalCache$LocalManualCache                             : loaded 2 times (x 101B)
Class org.gradle.internal.service.CachingServiceLocator                               : loaded 2 times (x 84B)
Class com.android.ide.common.resources.configuration.ScreenDimensionQualifier         : loaded 2 times (x 91B)
Class com.google.protobuf.Descriptors$EnumValueDescriptor                             : loaded 2 times (x 81B)
Class com.android.utils.DateProvider                                                  : loaded 2 times (x 72B)
Class org.jetbrains.kotlin.gradle.plugin.KotlinCompilationInfo$TCS                    : loaded 2 times (x 91B)
Class org.codehaus.groovy.classgen.VariableScopeVisitor                               : loaded 2 times (x 215B)
Class groovyjarjarantlr4.v4.runtime.WritableToken                                     : loaded 2 times (x 72B)
Class groovyjarjarantlr4.v4.runtime.atn.PredictionContext$IdentityHashMap             : loaded 2 times (x 127B)
Class org.apache.groovy.parser.antlr4.GroovyParser$ElementValuePairsContext           : loaded 2 times (x 162B)
Class groovyjarjarantlr4.v4.runtime.atn.LexerActionType                               : loaded 2 times (x 81B)
Class groovyjarjarantlr4.v4.runtime.misc.Tuple3                                       : loaded 2 times (x 74B)
Class groovyjarjarantlr4.v4.runtime.atn.PredicateTransition                           : loaded 2 times (x 78B)
Class com.google.common.collect.LinkedHashMultimap$ValueEntry                         : loaded 2 times (x 90B)
Class org.apache.groovy.parser.antlr4.GroovyLexer                                     : loaded 2 times (x 178B)
Class org.apache.groovy.parser.antlr4.GroovyParser$ThisPrmrAltContext                 : loaded 2 times (x 160B)
Class org.apache.groovy.parser.antlr4.GroovyParser$MapEntryContext                    : loaded 2 times (x 163B)
Class org.apache.groovy.parser.antlr4.GroovyParser$CommandArgumentContext             : loaded 2 times (x 162B)
Class org.jetbrains.kotlin.gradle.plugin.statistics.KotlinProjectConfigurationMetrics : loaded 2 times (x 73B)
Class org.codehaus.groovy.ast.stmt.WhileStatement                                     : loaded 2 times (x 120B)
Class org.codehaus.groovy.ast.expr.ArgumentListExpression                             : loaded 2 times (x 140B)
Class org.codehaus.groovy.runtime.InvokerHelper$2                                     : loaded 2 times (x 97B)
Class org.codehaus.groovy.runtime.dgmimpl.NumberNumberMinus                           : loaded 2 times (x 116B)
Class [Lgroovy.lang.MetaClassRegistryChangeEventListener;                             : loaded 2 times (x 71B)
Class it.unimi.dsi.fastutil.ints.IntListIterator                                      : loaded 2 times (x 72B)
Class org.jetbrains.kotlin.gradle.tasks.DefaultKotlinJavaToolchain_Decorated          : loaded 2 times (x 124B)
Class org.jetbrains.kotlin.gradle.tasks.configuration.AbstractKotlinCompileConfig$2$1 : loaded 2 times (x 81B)
Class kotlin.io.path.PathsKt__PathRecursiveFunctionsKt                                : loaded 2 times (x 73B)
Class it.unimi.dsi.fastutil.objects.AbstractObjectCollection                          : loaded 2 times (x 145B)
Class kotlin.reflect.jvm.internal.impl.serialization.deserialization.descriptors.DeserializedMemberScope$OptimizedImplementation$variableNames$2: loaded 2 times (x 81B)
Class org.jetbrains.kotlin.daemon.client.KotlinCompilerClient$tryFindSuitableDaemonOrNewOpts$$inlined$compareBy$1: loaded 2 times (x 92B)
Class kotlin.collections.AbstractList$SubList                                         : loaded 2 times (x 200B)
Class kotlin.coroutines.CoroutineContext$Element                                      : loaded 2 times (x 72B)
Class org.jetbrains.kotlin.com.intellij.util.io.IOUtil$1                              : loaded 2 times (x 84B)
Class [Lorg.jetbrains.kotlin.daemon.common.PropMapper;                                : loaded 2 times (x 71B)
Class kotlin.reflect.jvm.internal.CacheByClass                                        : loaded 2 times (x 75B)
Class kotlin.reflect.jvm.internal.impl.serialization.deserialization.descriptors.DeserializedClassDescriptor$sealedSubclasses$1: loaded 2 times (x 81B)
Class it.unimi.dsi.fastutil.ints.IntSpliterator                                       : loaded 2 times (x 72B)
Class [Lcom.android.resources.ResourceType$Kind;                                      : loaded 2 times (x 71B)
Class it.unimi.dsi.fastutil.objects.Object2IntFunction                                : loaded 2 times (x 72B)
Class org.codehaus.groovy.util.ReferenceType                                          : loaded 2 times (x 82B)
Class org.codehaus.groovy.util.ManagedReference$1                                     : loaded 2 times (x 78B)
Class org.codehaus.groovy.ast.expr.Expression                                         : loaded 2 times (x 129B)
Class groovyjarjarasm.asm.Opcodes                                                     : loaded 2 times (x 72B)
Class [Lorg.codehaus.groovy.reflection.CachedConstructor;                             : loaded 2 times (x 71B)
Class org.jetbrains.kotlin.gradle.plugin.PropertiesProvider$booleanPropertyWithValueReporting$1: loaded 2 times (x 80B)
Class org.jetbrains.kotlin.gradle.dsl.jvm.JvmTargetValidationMode                     : loaded 2 times (x 81B)
Class org.jetbrains.kotlin.gradle.plugin.KotlinTargetConfiguratorKt$WhenMappings      : loaded 2 times (x 73B)
Class com.google.common.collect.AbstractMapBasedMultimap$KeySet                       : loaded 2 times (x 139B)
Class com.google.common.collect.RegularImmutableSortedSet                             : loaded 2 times (x 302B)
Class org.jetbrains.kotlin.gradle.plugin.diagnostics.checkers.OverriddenKotlinNativeHomeChecker$StdlibExistenceCheckerValueSource$Params_Decorated: loaded 2 times (x 132B)
Class org.jetbrains.kotlin.project.model.LanguageSettings                             : loaded 2 times (x 72B)
Class org.jetbrains.kotlin.gradle.plugin.KotlinPluginLifecycleKt$kotlinPluginLifecycle$2: loaded 2 times (x 80B)
Class org.jetbrains.kotlin.gradle.targets.native.KonanPropertiesBuildService$Parameters: loaded 2 times (x 72B)
Class org.jetbrains.kotlin.gradle.plugin.statistics.BuildFusService$Companion$registerIfAbsent$1$1: loaded 2 times (x 81B)
Class org.jetbrains.kotlin.gradle.plugin.internal.CompatibilityConventionRegistrar$Factory: loaded 2 times (x 72B)
Class org.apache.groovy.parser.antlr4.GroovyParser$MultipleAssignmentExprAltContext   : loaded 2 times (x 164B)
Class com.google.protobuf.GeneratedMessageV3$FieldAccessorTable$OneofAccessor         : loaded 2 times (x 72B)
Class org.apache.groovy.parser.antlr4.GroovyParser$InclusiveOrExprAltContext          : loaded 2 times (x 164B)
Class org.apache.groovy.parser.antlr4.GroovyLangLexer$PositionAdjustingLexerATNSimulator: loaded 2 times (x 102B)
Class org.apache.groovy.parser.antlr4.GroovydocManager                                : loaded 2 times (x 74B)
Class org.apache.groovy.parser.antlr4.GroovyLangParser                                : loaded 2 times (x 181B)
Class [Lgroovyjarjarantlr4.v4.runtime.atn.RuleStopState;                              : loaded 2 times (x 71B)
Class org.apache.groovy.parser.antlr4.GroovyParser$LoopStatementContext               : loaded 2 times (x 159B)
Class org.apache.groovy.parser.antlr4.GroovyParser$LambdaBodyContext                  : loaded 2 times (x 160B)
Class groovyjarjarantlr4.v4.runtime.BufferedTokenStream                               : loaded 2 times (x 128B)
Class org.codehaus.groovy.control.io.ReaderSource                                     : loaded 2 times (x 72B)
Class org.codehaus.groovy.ast.expr.VariableExpression                                 : loaded 2 times (x 158B)
Class org.codehaus.groovy.runtime.dgmimpl.arrays.ArrayPutAtMetaMethod                 : loaded 2 times (x 99B)
Class org.codehaus.groovy.ast.stmt.Statement                                          : loaded 2 times (x 112B)
Class com.android.utils.DateProvider$1                                                : loaded 2 times (x 77B)
Class com.google.protobuf.LazyFieldLite                                               : loaded 2 times (x 86B)
Class [Lcom.android.resources.Density;                                                : loaded 2 times (x 71B)
Class com.android.resources.Navigation                                                : loaded 2 times (x 88B)
Class kotlin.reflect.jvm.internal.impl.name.FqName$Companion                          : loaded 2 times (x 73B)
Class kotlin.coroutines.AbstractCoroutineContextElement                               : loaded 2 times (x 91B)
Class com.android.ide.common.resources.DataItem                                       : loaded 2 times (x 92B)
Class com.android.ide.common.rendering.api.PluralsResourceValue                       : loaded 2 times (x 72B)
Class [Lkotlin.reflect.KFunction;                                                     : loaded 2 times (x 71B)
Class org.jetbrains.kotlin.incremental.classpathDiff.ClassSnapshot                    : loaded 2 times (x 73B)
Class org.jetbrains.kotlin.com.intellij.util.io.IOUtil$2                              : loaded 2 times (x 78B)
Class org.jetbrains.org.objectweb.asm.tree.AnnotationNode                             : loaded 2 times (x 82B)
Class com.google.common.collect.Tables$1                                              : loaded 2 times (x 86B)
Class kotlin.reflect.jvm.internal.impl.serialization.deserialization.DeserializedPackageFragmentImpl$initialize$1: loaded 2 times (x 81B)
Class com.google.common.cache.LocalCache$2                                            : loaded 2 times (x 144B)
Class org.jetbrains.kotlin.gradle.dsl.HasConfigurableKotlinCompilerOptions            : loaded 2 times (x 72B)
Class org.jetbrains.kotlin.gradle.utils.FileUtilsKt$localProperties$1                 : loaded 2 times (x 77B)
Class org.jetbrains.kotlin.gradle.plugin.mpp.compilationImpl.KotlinCompilationProcessorSideEffectKt: loaded 2 times (x 73B)
Class org.jetbrains.kotlin.gradle.plugin.diagnostics.checkers.KotlinTargetAlreadyDeclaredChecker: loaded 2 times (x 76B)
Class kotlin.reflect.jvm.internal.impl.types.ErrorUtils$ErrorClassDescriptor          : loaded 2 times (x 177B)
Class org.jetbrains.kotlin.gradle.plugin.KotlinTargetPreset                           : loaded 2 times (x 72B)
Class com.google.common.reflect.Types$TypeVariableInvocationHandler                   : loaded 2 times (x 77B)
Class org.jetbrains.kotlin.gradle.plugin.mpp.KotlinMetadataTarget                     : loaded 2 times (x 163B)
Class org.jetbrains.kotlin.gradle.tasks.configuration.BaseKotlinCompileConfig$1$jvmToolchain$1: loaded 2 times (x 76B)
Class org.jetbrains.kotlin.gradle.plugin.mpp.InternalKotlinCompilation$DefaultImpls   : loaded 2 times (x 73B)
Class org.jetbrains.kotlin.gradle.plugin.mpp.compilationImpl.KotlinCompilationSourceSetInclusion$DefaultAddSourcesToCompileTask: loaded 2 times (x 76B)
Class org.jetbrains.kotlin.gradle.internal.KotlinTestDependencyManagementKt$configureKotlinTestDependency$2: loaded 2 times (x 81B)
Class org.jetbrains.kotlin.gradle.dsl.PlatformSourceSetConventionsChecker$runChecks$$inlined$CheckedPlatformInfo$default$1: loaded 2 times (x 80B)
Class [Lorg.jetbrains.kotlin.gradle.plugin.KotlinPluginLifecycle$Stage;               : loaded 2 times (x 71B)
Class org.jetbrains.kotlin.gradle.artifacts.KotlinTargetArtifact$Companion            : loaded 2 times (x 73B)
Class org.jetbrains.kotlin.gradle.plugin.mpp.compilationImpl.KotlinCreateLifecycleTasksSideEffectKt$KotlinCreateLifecycleTasksSideEffect$1: loaded 2 times (x 76B)
Class org.jetbrains.kotlin.gradle.dsl.KotlinGradlePluginDsl                           : loaded 2 times (x 72B)
Class org.jetbrains.kotlin.tooling.core.MutableExtras                                 : loaded 2 times (x 72B)
Class org.jetbrains.kotlin.gradle.plugin.KotlinGradleBuildServices$detectKotlinPluginLoadedInMultipleProjects$onRegister$1: loaded 2 times (x 81B)
Class org.jetbrains.kotlin.gradle.plugin.BuildFinishAndConfigurationTimeMetricsFlowAction$Parameters_Decorated: loaded 2 times (x 138B)
Class org.jetbrains.kotlin.gradle.plugin.BuildFinishAndConfigurationTimeMetricsFlowAction$Parameters: loaded 2 times (x 72B)
Class org.objectweb.asm.commons.InstructionAdapter                                    : loaded 2 times (x 190B)
Class org.apache.groovy.ast.tools.ConstructorNodeUtils                                : loaded 2 times (x 73B)
Class [Lorg.codehaus.groovy.transform.sc.StaticCompilationMetadataKeys;               : loaded 2 times (x 71B)
Class org.apache.groovy.parser.antlr4.GroovyParser$ParenPrmrAltContext                : loaded 2 times (x 160B)
Class groovyjarjarantlr4.v4.runtime.atn.PrecedencePredicateTransition                 : loaded 2 times (x 78B)
Class groovyjarjarantlr4.v4.runtime.atn.BasicBlockStartState                          : loaded 2 times (x 92B)
Class org.apache.groovy.parser.antlr4.GroovyParser$EqualityExprAltContext             : loaded 2 times (x 168B)
Class org.apache.groovy.parser.antlr4.GroovyParserBaseVisitor                         : loaded 2 times (x 480B)
Class com.google.common.collect.ImmutableList$Builder                                 : loaded 2 times (x 79B)
Class org.codehaus.groovy.ast.stmt.CatchStatement                                     : loaded 2 times (x 116B)
Class org.codehaus.groovy.runtime.typehandling.ShortTypeHandling                      : loaded 2 times (x 73B)
Class groovy.lang.ExpandoMetaClass$Callable                                           : loaded 2 times (x 72B)
Class org.codehaus.groovy.runtime.metaclass.MissingPropertyExceptionNoStack           : loaded 2 times (x 91B)
Class groovy.lang.ObjectRange                                                         : loaded 2 times (x 246B)
Class com.google.common.collect.Sets$ImprovedAbstractSet                              : loaded 2 times (x 137B)
Class org.jetbrains.kotlin.gradle.plugin.KotlinCompilationWithResources               : loaded 2 times (x 72B)
Class com.google.common.collect.MapMakerInternalMap$AbstractStrongKeyEntry            : loaded 2 times (x 82B)
Class kotlinx.coroutines.CompletionStateKt                                            : loaded 2 times (x 73B)
Class com.google.common.reflect.TypeToken$SimpleTypeToken                             : loaded 2 times (x 75B)
Class com.android.prefs.LocationValue                                                 : loaded 2 times (x 72B)
Class kotlin.reflect.jvm.internal.KClassImpl$Data$qualifiedName$2                     : loaded 2 times (x 81B)
Class kotlin.reflect.jvm.internal.impl.load.java.Jsr305Settings$description$2         : loaded 2 times (x 81B)
Class org.jetbrains.kotlin.descriptors.CallableMemberDescriptor$Kind                  : loaded 2 times (x 81B)
Class org.jetbrains.kotlin.daemon.common.DaemonParamsKt$daemonJVMOptionsMemoryProps$3 : loaded 2 times (x 143B)
Class org.jetbrains.kotlin.incremental.classpathDiff.ExtraInfoExternalizer            : loaded 2 times (x 77B)
Class org.jetbrains.kotlin.buildtools.internal.trackers.BuildMetricsReporterAdapterKt : loaded 2 times (x 73B)
Class [Lorg.jetbrains.kotlin.daemon.common.CompilerMode;                              : loaded 2 times (x 71B)
Class kotlin.reflect.jvm.internal.calls.InlineClassAwareCallerKt                      : loaded 2 times (x 73B)
Class org.jetbrains.kotlin.incremental.classpathDiff.ClasspathEntrySnapshot           : loaded 2 times (x 74B)
Class org.jetbrains.kotlin.com.intellij.openapi.util.io.FileAttributes                : loaded 2 times (x 73B)
Class com.android.tools.lint.model.LintModelDependency                                : loaded 2 times (x 72B)
Class kotlinx.coroutines.scheduling.GlobalQueue                                       : loaded 2 times (x 74B)
Class kotlin.reflect.jvm.internal.KProperty2Impl$$Lambda$1                            : loaded 2 times (x 78B)
Class org.codehaus.groovy.vmplugin.v9.Java9                                           : loaded 2 times (x 111B)
Class com.google.common.base.Predicates                                               : loaded 2 times (x 73B)
Class com.google.common.collect.ImmutableMultimap                                     : loaded 2 times (x 148B)
Class org.jetbrains.kotlin.gradle.plugin.diagnostics.CheckKotlinGradlePluginConfigurationErrorsKt$locateOrRegisterCheckKotlinGradlePluginErrorsTask$taskProvider$1$2: loaded 2 times (x 77B)
Class org.jetbrains.kotlin.gradle.tasks.CompileUsingKotlinDaemon                      : loaded 2 times (x 72B)
Class org.jetbrains.kotlin.gradle.plugin.mpp.KotlinWithJavaTarget                     : loaded 2 times (x 162B)
Class org.jetbrains.kotlin.gradle.utils.StoredPropertyKt$extrasStoredProperty$1       : loaded 2 times (x 80B)
Class org.jetbrains.kotlin.gradle.plugin.mpp.compilationImpl.KotlinCreateNativeCompileTasksSideEffectKt$special$$inlined$KotlinCompilationSideEffect$1: loaded 2 times (x 76B)
Class org.jetbrains.kotlin.gradle.targets.KotlinTargetSideEffect$Companion            : loaded 2 times (x 73B)
Class org.jetbrains.kotlin.gradle.dsl.KotlinSingleJavaTargetExtension                 : loaded 2 times (x 126B)
Class org.jetbrains.kotlin.gradle.plugin.KotlinPluginLifecycle$IllegalLifecycleException: loaded 2 times (x 84B)
Class org.jetbrains.kotlin.gradle.internal.properties.NativePropertiesLoader$userProvidedNativeHome$1: loaded 2 times (x 77B)
Class org.jetbrains.kotlin.gradle.plugin.KotlinGradleFinishBuildHandler               : loaded 2 times (x 74B)
Class org.jetbrains.kotlin.statistics.metrics.StringOverridePolicy$CONCAT             : loaded 2 times (x 87B)
Class org.jetbrains.kotlin.gradle.dsl.KotlinTopLevelExtension                         : loaded 2 times (x 72B)
Class com.android.ide.common.rendering.api.ArrayResourceValueImpl                     : loaded 2 times (x 127B)
Class com.google.protobuf.DescriptorProtos$FieldOptions                               : loaded 2 times (x 275B)
Class org.codehaus.groovy.runtime.InvokerHelper$NullScript                            : loaded 2 times (x 97B)
Class com.android.tools.analytics.AnalyticsSettingsData$DataTypeAdapter               : loaded 2 times (x 75B)
Class org.codehaus.groovy.vmplugin.v8.Java8$1                                         : loaded 2 times (x 73B)
Class org.codehaus.groovy.ast.InterfaceHelperClassNode                                : loaded 2 times (x 251B)
Class org.apache.groovy.parser.antlr4.GroovyParser$QualifiedStandardClassNameContext  : loaded 2 times (x 163B)
Class org.codehaus.groovy.ast.stmt.EmptyStatement                                     : loaded 2 times (x 112B)
Class [Lorg.codehaus.groovy.runtime.memoize.EvictableCache$EvictionStrategy;          : loaded 2 times (x 71B)
Class groovyjarjarantlr4.v4.runtime.misc.MurmurHash                                   : loaded 2 times (x 73B)
Class org.apache.groovy.parser.antlr4.GroovyParser$ListContext                        : loaded 2 times (x 162B)
Class [Lgroovyjarjarantlr4.v4.runtime.CharStreams;                                    : loaded 2 times (x 71B)
Class org.apache.groovy.parser.antlr4.GroovyParser$VariableModifiersContext           : loaded 2 times (x 162B)
Class groovyjarjarantlr4.v4.runtime.atn.PredictionContext                             : loaded 2 times (x 86B)
Class org.apache.groovy.util.concurrent.concurrentlinkedhashmap.EvictionListener      : loaded 2 times (x 72B)
Class groovyjarjarasm.asm.SymbolTable$Entry                                           : loaded 2 times (x 75B)
Class kotlinx.coroutines.CoroutineDispatcher                                          : loaded 2 times (x 102B)
Class org.codehaus.groovy.classgen.asm.BinaryExpressionHelper                         : loaded 2 times (x 89B)
Class com.google.protobuf.UnsafeUtil$1                                                : loaded 2 times (x 78B)
Class com.google.gson.JsonParseException                                              : loaded 2 times (x 84B)
Class com.android.tools.lint.model.DefaultLintModelJavaLibrary                        : loaded 2 times (x 105B)
Class com.android.prefs.PathLocator                                                   : loaded 2 times (x 75B)
Class [Lcom.google.protobuf.Descriptors$FieldDescriptor$JavaType;                     : loaded 2 times (x 71B)
Class com.android.ide.common.rendering.api.StyleItemResourceValue                     : loaded 2 times (x 72B)
Class com.google.common.cache.LocalCache$1                                            : loaded 2 times (x 91B)
Class com.google.common.base.Ascii                                                    : loaded 2 times (x 73B)
Class org.jetbrains.kotlin.gradle.plugin.statistics.KotlinBuildStatsLoggerService$Companion: loaded 2 times (x 73B)
Class org.jetbrains.kotlin.gradle.plugin.diagnostics.checkers.AndroidSourceSetLayoutV1SourceSetsNotFoundChecker$androidSourceSetRegex$2: loaded 2 times (x 80B)
Class org.jetbrains.kotlin.gradle.plugin.diagnostics.checkers.WasmSourceSetsNotFoundChecker: loaded 2 times (x 76B)
Class kotlin.reflect.jvm.internal.KCallableImpl$_returnType$1                         : loaded 2 times (x 81B)
Class org.apache.commons.io.output.AbstractByteArrayOutputStream                      : loaded 2 times (x 104B)
Class org.jetbrains.kotlin.gradle.plugin.diagnostics.CheckKotlinGradlePluginConfigurationErrorsKt$locateOrRegisterCheckKotlinGradlePluginErrorsTask$taskProvider$1$3: loaded 2 times (x 77B)
Class org.jetbrains.kotlin.gradle.plugin.ProjectLocalConfigurationsKt                 : loaded 2 times (x 73B)
Class org.jetbrains.kotlin.gradle.plugin.mpp.compilationImpl.factory.KotlinCompilationImplFactory: loaded 2 times (x 74B)
Class org.jetbrains.kotlin.gradle.internal.KotlinDomApiDependencyManagementKt$addKotlinDomApiDependency$1: loaded 2 times (x 77B)
Class org.jetbrains.kotlin.gradle.plugin.diagnostics.checkers.KotlinTargetAlreadyDeclaredChecker$runChecks$1: loaded 2 times (x 89B)
Class org.jetbrains.kotlin.gradle.plugin.mpp.KotlinTargetWithBinaries                 : loaded 2 times (x 159B)
Class [Lorg.jetbrains.kotlin.gradle.plugin.KotlinSourceSet;                           : loaded 2 times (x 71B)
Class org.jetbrains.kotlin.gradle.plugin.diagnostics.checkers.JsEnvironmentChecker$1  : loaded 2 times (x 80B)
Class org.jetbrains.kotlin.gradle.plugin.diagnostics.KotlinToolingDiagnostics$JsLikeEnvironmentNotChosenExplicitly: loaded 2 times (x 75B)
Class org.jetbrains.kotlin.gradle.utils.StoredLazyProperty$getValue$1                 : loaded 2 times (x 81B)
Class org.jetbrains.kotlin.statistics.metrics.IMetricContainerFactory                 : loaded 2 times (x 72B)
Class org.jetbrains.kotlin.statistics.MetricValueValidationFailed                     : loaded 2 times (x 84B)
Class org.jetbrains.kotlin.gradle.plugin.PropertiesProvider$localProperties$2         : loaded 2 times (x 81B)
Class com.google.common.cache.CacheBuilder$OneWeigher                                 : loaded 2 times (x 84B)
Class [Lcom.android.resources.ScreenSize;                                             : loaded 2 times (x 71B)
Class com.android.ide.common.resources.configuration.ScreenRoundQualifier             : loaded 2 times (x 93B)
Class com.android.ide.common.resources.configuration.KeyboardStateQualifier           : loaded 2 times (x 92B)
Class com.google.protobuf.DescriptorProtos$EnumDescriptorProto$Builder                : loaded 2 times (x 315B)
Class [Lorg.jetbrains.kotlin.konan.target.KonanTarget;                                : loaded 2 times (x 71B)
Class org.codehaus.groovy.classgen.Verifier$DefaultArgsAction                         : loaded 2 times (x 72B)
Class [Lgroovyjarjarantlr4.v4.runtime.atn.ATNState;                                   : loaded 2 times (x 71B)
Class org.apache.groovy.parser.antlr4.AbstractLexer                                   : loaded 2 times (x 172B)
Class groovyjarjarantlr4.v4.runtime.CharStreams                                       : loaded 2 times (x 81B)
Class org.apache.groovy.parser.antlr4.GroovyParser$KeywordsContext                    : loaded 2 times (x 209B)
Class org.apache.groovy.parser.antlr4.GroovyParser$ShiftExprAltContext                : loaded 2 times (x 169B)
Class org.apache.groovy.parser.antlr4.GroovyParser$NewPrmrAltContext                  : loaded 2 times (x 162B)
Class org.apache.groovy.parser.antlr4.GroovyParser$ContinueStatementContext           : loaded 2 times (x 160B)
Class org.apache.groovy.parser.antlr4.GroovyParser$MapContext                         : loaded 2 times (x 163B)
Class [Lgroovy.lang.MetaMethod;                                                       : loaded 2 times (x 71B)
Class com.android.builder.model.MavenCoordinates                                      : loaded 2 times (x 72B)
Class org.jetbrains.kotlin.gradle.plugin.hierarchy.KotlinSourceSetTreeClassifierKt$classify$1: loaded 2 times (x 89B)
Class org.jetbrains.kotlin.gradle.utils.GradleAttributesContainerUtilsKt$copyAttributeTo$1: loaded 2 times (x 81B)
Class com.android.Version                                                             : loaded 2 times (x 73B)
Class org.jetbrains.kotlin.gradle.plugin.KotlinCompilerArgumentsProducer$CreateCompilerArgumentsContext: loaded 2 times (x 72B)
Class com.android.sdklib.AndroidVersion                                               : loaded 2 times (x 77B)
Class com.android.tools.lint.model.LintModelLibraryResolver                           : loaded 2 times (x 72B)
Class kotlin.text.MatchResult$DefaultImpls                                            : loaded 2 times (x 73B)
Class com.android.tools.lint.model.LintModelSerialization$LintModelSerializationAdapter: loaded 2 times (x 72B)
Class org.jetbrains.kotlin.buildtools.internal.ClasspathEntrySnapshotImpl             : loaded 2 times (x 80B)
Class org.jetbrains.kotlin.incremental.storage.InlineFunctionExternalizer             : loaded 2 times (x 77B)
Class org.jetbrains.kotlin.gradle.tasks.DefaultKotlinJavaToolchain$DefaultJavaToolchainSetter$useAsConvention$1: loaded 2 times (x 77B)
Class org.jetbrains.kotlin.daemon.common.PropMapper                                   : loaded 2 times (x 76B)
Class org.jetbrains.kotlin.daemon.common.OSKind$Companion                             : loaded 2 times (x 73B)
Class com.google.common.collect.ImmutableSortedMap$Builder                            : loaded 2 times (x 92B)
Class kotlin.reflect.jvm.internal.impl.serialization.deserialization.MemberDeserializer$getPropertyFieldAnnotations$1: loaded 2 times (x 81B)
Class org.apache.commons.io.FileExistsException                                       : loaded 2 times (x 84B)
Class build_4bpqkl11e2e92ygk5rzr4e51j$_run_closure1$_closure3                         : loaded 2 times (x 140B)
Class kotlin.reflect.jvm.internal.impl.renderer.DescriptorRenderer$Companion$COMPACT_WITH_MODIFIERS$1: loaded 2 times (x 80B)
Class kotlin.reflect.jvm.internal.impl.load.java.lazy.descriptors.LazyJavaPackageScope$knownClassNamesInPackage$1: loaded 2 times (x 81B)
Class kotlin.reflect.jvm.internal.impl.metadata.jvm.deserialization.JvmNameResolver$WhenMappings: loaded 2 times (x 73B)
Class org.jetbrains.kotlin.com.intellij.openapi.progress.ProcessCanceledException     : loaded 2 times (x 84B)
Class org.jetbrains.kotlin.daemon.common.DaemonParamsKt$daemonJVMOptionsMemoryProps$2 : loaded 2 times (x 143B)
Class kotlin.reflect.jvm.internal.impl.descriptors.deserialization.PlatformDependentTypeTransformer$None: loaded 2 times (x 76B)
Class org.jetbrains.kotlin.incremental.classpathDiff.impl.KotlinClassHeaderClassVisitor: loaded 2 times (x 90B)
Class org.jetbrains.kotlin.incremental.impl.UtilsKt                                   : loaded 2 times (x 73B)
Class com.android.tools.lint.model.LintModelModuleType                                : loaded 2 times (x 81B)
Class kotlin.reflect.jvm.internal.KProperty2Impl$$Lambda$0                            : loaded 2 times (x 78B)
Class org.codehaus.groovy.runtime.ComposedClosure                                     : loaded 2 times (x 134B)
Class org.codehaus.groovy.runtime.CurriedClosure                                      : loaded 2 times (x 134B)
Class org.codehaus.groovy.runtime.metaclass.NewStaticMetaMethod                       : loaded 2 times (x 101B)
Class groovy.transform.Internal                                                       : loaded 2 times (x 72B)
Class org.jetbrains.kotlin.buildtools.internal.arguments.CommonToolArgumentsImpl      : loaded 2 times (x 92B)
Class org.codehaus.groovy.ast.ImportNode                                              : loaded 2 times (x 132B)
Class com.google.common.reflect.Types$ClassOwnership$1LocalClass                      : loaded 2 times (x 73B)
Class com.google.common.collect.ImmutableSortedMap                                    : loaded 2 times (x 219B)
Class com.google.common.collect.Maps$EntryFunction                                    : loaded 2 times (x 93B)
Class com.google.common.collect.TreeMultimap                                          : loaded 2 times (x 230B)
Class org.jetbrains.kotlin.gradle.plugin.mpp.compilationImpl.DefaultKotlinCompilationFriendPathsResolver$resolveFriendPaths$1$1: loaded 2 times (x 81B)
Class org.jetbrains.kotlin.gradle.plugin.diagnostics.CheckKotlinGradlePluginConfigurationErrorsKt$locateOrRegisterCheckKotlinGradlePluginErrorsTask$taskProvider$1$4: loaded 2 times (x 76B)
Class org.jetbrains.kotlin.build.report.metrics.BuildMetricsReporterImpl              : loaded 2 times (x 100B)
Class org.jetbrains.kotlin.gradle.tasks.configuration.KaptGenerateStubsConfig         : loaded 2 times (x 74B)
Class org.jetbrains.kotlin.gradle.targets.js.npm.SemVer                               : loaded 2 times (x 77B)
Class org.jetbrains.kotlin.gradle.internal.properties.NativePropertiesLoader$konanDataDirProperty$1$1: loaded 2 times (x 76B)
Class org.jetbrains.kotlin.gradle.plugin.diagnostics.checkers.JsEnvironmentChecker$2  : loaded 2 times (x 80B)
Class org.jetbrains.kotlin.gradle.utils.WhenPluginEnabledKt$whenPluginsEnabled$1      : loaded 2 times (x 77B)
Class org.jetbrains.kotlin.gradle.tasks.AbstractKotlinCompileTool                     : loaded 2 times (x 366B)
Class org.jetbrains.kotlin.gradle.internal.report.BuildScanApi                        : loaded 2 times (x 72B)
Class org.jetbrains.kotlin.gradle.plugin.statistics.FlowActionBuildFusService$Companion$registerIfAbsentImpl$1$1: loaded 2 times (x 76B)
Class [Lorg.jetbrains.kotlin.gradle.report.BuildReportType;                           : loaded 2 times (x 71B)
Class org.jetbrains.kotlin.gradle.plugin.statistics.KotlinBuildStatsConfiguration     : loaded 2 times (x 74B)
Class org.jetbrains.kotlin.gradle.internal.properties.PropertiesBuildService$localProperties$2: loaded 2 times (x 81B)
Class org.gradle.internal.classloader.ClasspathUtil                                   : loaded 2 times (x 73B)
Class com.android.tools.lint.model.DefaultLintModelModuleLibrary                      : loaded 2 times (x 95B)
Class [Lcom.android.resources.Navigation;                                             : loaded 2 times (x 71B)
Class com.google.protobuf.DescriptorProtos$EnumDescriptorProto                        : loaded 2 times (x 215B)
Class org.codehaus.groovy.vmplugin.v9.ClassFinder                                     : loaded 2 times (x 73B)
Class org.codehaus.groovy.classgen.asm.MopWriter$MopKey                               : loaded 2 times (x 74B)
Class groovyjarjarantlr4.v4.runtime.atn.RuleStartState                                : loaded 2 times (x 91B)
Class com.google.protobuf.DescriptorProtos$SourceCodeInfoOrBuilder                    : loaded 2 times (x 72B)
Class org.codehaus.groovy.ast.tools.GeneralUtils$1                                    : loaded 2 times (x 130B)
Class org.gradle.internal.service.ServiceLocator                                      : loaded 2 times (x 72B)
Class org.jetbrains.kotlin.gradle.utils.IsolatedKotlinClasspathClassCastException     : loaded 2 times (x 84B)
Class org.apache.groovy.parser.antlr4.internal.atnmanager.AtnManager$AtnWrapper       : loaded 2 times (x 75B)
Class groovyjarjarantlr4.v4.runtime.Recognizer                                        : loaded 2 times (x 97B)
Class org.apache.groovy.parser.antlr4.GroovyParser$CommandExprAltContext              : loaded 2 times (x 160B)
Class org.apache.groovy.parser.antlr4.GroovyParser$StatementContext                   : loaded 2 times (x 159B)
Class org.codehaus.groovy.ast.expr.MethodReferenceExpression                          : loaded 2 times (x 133B)
Class org.codehaus.groovy.runtime.NumberAwareComparator                               : loaded 2 times (x 92B)
Class groovy.lang.ListWithDefault                                                     : loaded 2 times (x 177B)
Class [Lorg.codehaus.groovy.util.ReferenceType;                                       : loaded 2 times (x 71B)
Class com.android.utils.PositionXmlParser$SaxParserFactoryFunction                    : loaded 2 times (x 72B)
Class org.objectweb.asm.tree.MethodNode                                               : loaded 2 times (x 111B)
Class org.jetbrains.kotlin.gradle.plugin.statistics.BuildFinishBuildService$Parameters: loaded 2 times (x 72B)
Class kotlinx.coroutines.NonDisposableHandle                                          : loaded 2 times (x 80B)
Class kotlin.collections.builders.SetBuilder                                          : loaded 2 times (x 145B)
Class org.jetbrains.kotlin.gradle.plugin.StatisticsBuildFlowManager$subscribeForBuildResultAndConfigurationTimeMetrics$1$1: loaded 2 times (x 76B)
Class it.unimi.dsi.fastutil.Hash                                                      : loaded 2 times (x 72B)
Class org.jetbrains.kotlin.gradle.plugin.diagnostics.checkers.OverriddenKotlinNativeHomeChecker$StdlibExistenceCheckerValueSource: loaded 2 times (x 80B)
Class org.jetbrains.kotlin.inline.InlineUtilKt$WhenMappings                           : loaded 2 times (x 73B)
Class org.jetbrains.kotlin.gradle.plugin.mpp.compilationImpl.KotlinCompilationImpl$attributes$2: loaded 2 times (x 81B)
Class org.jetbrains.kotlin.gradle.plugin.mpp.InternalKotlinCompilationKt              : loaded 2 times (x 73B)
Class org.jetbrains.kotlin.daemon.client.LimitedLinkedList                            : loaded 2 times (x 282B)
Class org.jetbrains.kotlin.gradle.tasks.configuration.AbstractKotlinCompileConfig     : loaded 2 times (x 74B)
Class org.jetbrains.kotlin.gradle.plugin.hierarchy.KotlinSourceSetTreeClassifier$Default: loaded 2 times (x 73B)
Class org.jetbrains.kotlin.gradle.utils.ProviderApiUtilsKt$mapOrNull$1$1              : loaded 2 times (x 77B)
Class [Lorg.jetbrains.kotlin.build.report.metrics.BuildAttribute;                     : loaded 2 times (x 71B)
Class org.gradle.kotlin.dsl.Accessors2sci8yewa96g0fyfhouaecr70Kt                      : loaded 2 times (x 73B)
Class kotlin.reflect.jvm.internal.impl.load.java.lazy.descriptors.LazyJavaClassDescriptor$scopeHolder$1: loaded 2 times (x 81B)
Class kotlin.reflect.jvm.internal.impl.load.java.lazy.descriptors.LazyJavaClassMemberScope$computeMemberIndex$1: loaded 2 times (x 80B)
Class kotlin.reflect.jvm.internal.impl.builtins.jvm.JvmBuiltInsCustomizer$getFunctions$2: loaded 2 times (x 81B)
Class org.jetbrains.kotlin.daemon.common.DaemonParamsKt$daemonJVMOptionsMemoryProps$1 : loaded 2 times (x 143B)
Class org.jetbrains.kotlin.daemon.common.CompilerMode                                 : loaded 2 times (x 81B)
Class com.google.common.base.Splitter$5                                               : loaded 2 times (x 82B)
Class com.google.common.collect.ComparisonChain                                       : loaded 2 times (x 82B)
Class org.jetbrains.kotlin.gradle.plugin.diagnostics.CheckKotlinGradlePluginConfigurationErrorsKt$locateOrRegisterCheckKotlinGradlePluginErrorsTask$taskProvider$1$5: loaded 2 times (x 76B)
Class org.jetbrains.kotlin.gradle.dsl.KotlinCompile                                   : loaded 2 times (x 72B)
Class org.jetbrains.kotlin.gradle.plugin.mpp.compilationImpl.DefaultKotlinCompilationFriendPathsResolver$DefaultFriendArtifactResolver: loaded 2 times (x 76B)
Class org.jetbrains.kotlin.gradle.plugin.diagnostics.checkers.InternalGradlePropertiesUsageChecker$runChecks$1: loaded 2 times (x 89B)
Class org.jetbrains.kotlin.gradle.utils.StringUtilsKt$lowerCamelCaseName$1            : loaded 2 times (x 127B)
Class org.jetbrains.kotlin.gradle.plugin.diagnostics.checkers.JsEnvironmentChecker$3  : loaded 2 times (x 80B)
Class org.jetbrains.kotlin.gradle.dsl.JvmTarget$Companion                             : loaded 2 times (x 73B)
Class org.jetbrains.kotlin.gradle.internal.properties.NativePropertiesLoader$downloadFromMaven$1: loaded 2 times (x 77B)
Class org.jetbrains.kotlin.gradle.plugin.statistics.BuildFinishBuildService$Inject    : loaded 2 times (x 106B)
Class org.jetbrains.kotlin.gradle.plugin.internal.DefaultConfigurationCacheStartParameterAccessor_Decorated: loaded 2 times (x 123B)
Class org.jetbrains.kotlin.gradle.plugin.internal.DefaultConfigurationCacheStartParameterAccessor: loaded 2 times (x 79B)
Class org.jetbrains.kotlin.tooling.core.HasExtras                                     : loaded 2 times (x 72B)
Class com.google.common.util.concurrent.Uninterruptibles                              : loaded 2 times (x 73B)
Class com.google.common.collect.HashBasedTable$Factory                                : loaded 2 times (x 81B)
Class [Lcom.google.protobuf.Descriptors$FieldDescriptor$Type;                         : loaded 2 times (x 71B)
Class com.google.protobuf.SmallSortedMap$EmptySet                                     : loaded 2 times (x 73B)
Class com.google.protobuf.ByteString$2                                                : loaded 2 times (x 93B)
Class it.unimi.dsi.fastutil.ints.IntCollection                                        : loaded 2 times (x 72B)
Class org.codehaus.groovy.classgen.asm.util.LoggableClassVisitor                      : loaded 2 times (x 90B)
Class kotlinx.coroutines.scheduling.NanoTimeSource                                    : loaded 2 times (x 74B)
Class org.codehaus.groovy.ast.tools.GenericsUtils                                     : loaded 2 times (x 73B)
Class groovyjarjarantlr4.v4.runtime.dfa.DFAState$PredPrediction                       : loaded 2 times (x 74B)
Class groovyjarjarantlr4.v4.runtime.atn.ATNDeserializer                               : loaded 2 times (x 83B)
Class org.apache.groovy.parser.antlr4.GroovyLangLexer                                 : loaded 2 times (x 178B)
Class org.codehaus.groovy.ast.expr.NotExpression                                      : loaded 2 times (x 131B)
Class org.codehaus.groovy.control.messages.LocatedMessage                             : loaded 2 times (x 77B)
Class org.codehaus.groovy.control.ConfigurationException                              : loaded 2 times (x 90B)
Class groovy.lang.GroovyClassLoader$1                                                 : loaded 2 times (x 78B)
Class org.codehaus.groovy.control.CompilationUnit$PhaseOperation                      : loaded 2 times (x 72B)
Class org.codehaus.groovy.ast.ClassCodeVisitorSupport                                 : loaded 2 times (x 213B)
Class org.codehaus.groovy.runtime.dgmimpl.NumberNumberMetaMethod                      : loaded 2 times (x 116B)
Class groovy.io.FileType                                                              : loaded 2 times (x 81B)
Class org.codehaus.groovy.runtime.m12n.ExtensionModuleScanner$ExtensionModuleListener : loaded 2 times (x 72B)
Class kotlinx.coroutines.internal.ThreadState                                         : loaded 2 times (x 74B)
Class kotlin.sequences.DistinctSequence                                               : loaded 2 times (x 77B)
Class kotlin.Result                                                                   : loaded 2 times (x 74B)
Class org.codehaus.groovy.ast.expr.ClosureExpression                                  : loaded 2 times (x 135B)
Class kotlin.reflect.jvm.internal.impl.builtins.functions.FunctionTypeKind$KSuspendFunction: loaded 2 times (x 74B)
Class kotlin.reflect.jvm.internal.KClassImpl$$Lambda$0                                : loaded 2 times (x 78B)
Class org.codehaus.groovy.control.CompilerConfiguration                               : loaded 2 times (x 124B)
Class org.apache.groovy.parser.antlr4.Antlr4PluginFactory                             : loaded 2 times (x 74B)
Class groovyjarjarantlr4.v4.runtime.atn.OrderedATNConfigSet                           : loaded 2 times (x 161B)
Class it.unimi.dsi.fastutil.ints.IntList                                              : loaded 2 times (x 72B)
Class com.android.utils.StdLogger                                                     : loaded 2 times (x 88B)
Class org.codehaus.groovy.syntax.Token                                                : loaded 2 times (x 113B)
Class org.jetbrains.kotlin.incremental.storage.IntExternalizer                        : loaded 2 times (x 77B)
Class org.jetbrains.org.objectweb.asm.ModuleVisitor                                   : loaded 2 times (x 83B)
Class [Lorg.jetbrains.kotlin.build.report.metrics.GradleBuildTimeMetric;              : loaded 2 times (x 71B)
Class org.jetbrains.kotlin.com.intellij.openapi.diagnostic.ControlFlowException       : loaded 2 times (x 72B)
Class com.google.gson.stream.JsonWriter                                               : loaded 2 times (x 100B)
Class com.google.protobuf.DescriptorProtos$FieldDescriptorProtoOrBuilder              : loaded 2 times (x 72B)
Class kotlin.reflect.jvm.internal.impl.builtins.jvm.JvmBuiltInsCustomizer$notConsideredDeprecation$2: loaded 2 times (x 81B)
Class com.google.protobuf.DescriptorProtos$FieldDescriptorProto                       : loaded 2 times (x 223B)
Class kotlin.reflect.jvm.internal.impl.load.java.lazy.types.RawSubstitution$Companion : loaded 2 times (x 73B)
Class com.google.protobuf.ByteString$ByteIterator                                     : loaded 2 times (x 72B)
Class com.google.common.collect.AbstractMapBasedMultimap$WrappedSet                   : loaded 2 times (x 144B)
Class org.jetbrains.kotlin.gradle.report.TaskExecutionResult                          : loaded 2 times (x 74B)
Class org.jetbrains.kotlin.gradle.plugin.KotlinCompilationInfo$TCS$friendPaths$1      : loaded 2 times (x 81B)
Class org.jetbrains.kotlin.gradle.fus.internal.SynchronizedConfigurationMetrics$add$1 : loaded 2 times (x 81B)
Class org.jetbrains.kotlin.gradle.plugin.sources.DefaultLanguageSettingsBuilder$freeCompilerArgsProvider$1: loaded 2 times (x 97B)
Class org.jetbrains.kotlin.gradle.targets.js.npm.DevNpmDependencyExtension            : loaded 2 times (x 72B)
Class org.jetbrains.kotlin.gradle.plugin.diagnostics.checkers.PreHmppDependenciesUsageChecker: loaded 2 times (x 76B)
Class org.jetbrains.kotlin.gradle.targets.CreateArtifactsSideEffectKt                 : loaded 2 times (x 73B)
Class org.jetbrains.kotlin.gradle.plugin.AbstractKotlinMultiplatformPluginWrapper     : loaded 2 times (x 88B)
Class org.jetbrains.kotlin.konan.target.HostManager$Companion                         : loaded 2 times (x 73B)
Class org.jetbrains.kotlin.gradle.utils.GradleConfigurationUtilsKt$addGradlePluginMetadataAttributes$1: loaded 2 times (x 77B)
Class org.jetbrains.kotlin.gradle.plugin.internal.DefaultProjectIsolationStartParameterAccessor: loaded 2 times (x 79B)
Class org.jetbrains.kotlin.gradle.dsl.KotlinAndroidExtension                          : loaded 2 times (x 72B)
Class com.google.common.util.concurrent.LazyLogger                                    : loaded 2 times (x 74B)
Class org.gradle.api.specs.Spec                                                       : loaded 2 times (x 72B)
Class com.android.ide.common.rendering.api.StyleResourceValueImpl                     : loaded 2 times (x 123B)
Class com.android.ide.common.resources.configuration.GrammaticalGenderQualifier       : loaded 2 times (x 93B)
Class com.google.protobuf.LazyStringArrayList                                         : loaded 2 times (x 316B)
Class [Lcom.google.protobuf.ProtocolMessageEnum;                                      : loaded 2 times (x 71B)
Class org.codehaus.groovy.classgen.asm.OptimizingStatementWriter$StatementMeta        : loaded 2 times (x 75B)
Class org.jetbrains.kotlin.gradle.internal.IdeaKt$isInIdeaSync$1                      : loaded 2 times (x 76B)
Class org.codehaus.groovy.ast.tools.GenericsUtils$1                                   : loaded 2 times (x 238B)
Class org.apache.groovy.parser.antlr4.GroovyParser$ElementValuePairContext            : loaded 2 times (x 163B)
Class [Lgroovyjarjarantlr4.v4.runtime.atn.ATNType;                                    : loaded 2 times (x 71B)
Class groovyjarjarantlr4.v4.runtime.CodePointBuffer$1                                 : loaded 2 times (x 73B)
Class org.codehaus.groovy.ast.expr.AttributeExpression                                : loaded 2 times (x 141B)
Class org.codehaus.groovy.ast.expr.MapEntryExpression                                 : loaded 2 times (x 133B)
Class org.apache.groovy.parser.antlr4.GroovyParser$TypeArgumentContext                : loaded 2 times (x 164B)
Class groovy.lang.Tuple10                                                             : loaded 2 times (x 208B)
Class org.jetbrains.kotlin.gradle.internal.ClassLoadersCachingBuildService$Companion  : loaded 2 times (x 73B)
Class org.codehaus.groovy.runtime.memoize.StampedCommonCache                          : loaded 2 times (x 156B)
Class org.codehaus.groovy.reflection.AccessPermissionChecker                          : loaded 2 times (x 73B)
Class org.codehaus.groovy.runtime.metaclass.MixinInstanceMetaMethod                   : loaded 2 times (x 98B)
Class groovy.lang.MetaClass                                                           : loaded 2 times (x 72B)
Class org.codehaus.groovy.reflection.ClassInfo                                        : loaded 2 times (x 94B)
Class org.jetbrains.kotlin.gradle.targets.native.toolchain.KotlinNativeBundleBuildService$Parameters_Decorated: loaded 2 times (x 141B)
Class kotlin.reflect.jvm.internal.CachesKt$$Lambda$0                                  : loaded 2 times (x 77B)
Class org.jetbrains.kotlin.gradle.plugin.sources.KotlinSourceSetFactory               : loaded 2 times (x 82B)
Class org.jetbrains.kotlin.gradle.targets.jvm.KotlinJvmTargetTestFixturesSideEffectKt : loaded 2 times (x 73B)
Class org.jetbrains.kotlin.gradle.plugin.mpp.compilationImpl.KotlinCreateResourcesTaskSideEffectKt$KotlinCreateResourcesTaskSideEffect$1: loaded 2 times (x 76B)
Class [Lorg.jetbrains.kotlin.gradle.plugin.diagnostics.checkers.GradleDeprecatedPropertyChecker$DeprecatedProperty;: loaded 2 times (x 71B)
Class org.jetbrains.kotlin.gradle.plugin.KotlinPluginLifecycle$Stage                  : loaded 2 times (x 81B)
Class com.android.tools.lint.model.LintModelExternalLibrary                           : loaded 2 times (x 72B)
Class org.jetbrains.kotlin.descriptors.DelegatedDescriptorVisibility                  : loaded 2 times (x 81B)
Class org.jetbrains.kotlin.serialization.deserialization.ProtoEnumFlagsUtilsKt$WhenMappings: loaded 2 times (x 73B)
Class org.jetbrains.kotlin.incremental.storage.MapExternalizer                        : loaded 2 times (x 82B)
Class org.jetbrains.kotlin.daemon.common.CompilationOptions                           : loaded 2 times (x 74B)
Class org.jetbrains.kotlin.gradle.plugin.KotlinSourceSetTree                          : loaded 2 times (x 74B)
Class org.jetbrains.kotlin.gradle.plugin.AbstractKotlinPlugin$Companion               : loaded 2 times (x 73B)
Class org.jetbrains.kotlin.gradle.plugin.diagnostics.checkers.OverriddenKotlinNativeHomeChecker$allKonanMainSubdirectoriesExist$1: loaded 2 times (x 77B)
Class org.jetbrains.kotlin.gradle.tasks.configuration.TaskConfigAction                : loaded 2 times (x 74B)
Class org.jetbrains.kotlin.gradle.tasks.AbstractKotlinCompileTool$sources$1           : loaded 2 times (x 81B)
Class org.jetbrains.kotlin.gradle.plugin.statistics.BuildFusService$onFinish$2        : loaded 2 times (x 81B)
Class com.google.common.collect.BaseImmutableMultimap                                 : loaded 2 times (x 125B)
Class kotlin.reflect.jvm.internal.impl.builtins.jvm.JvmBuiltIns$initialize$1          : loaded 2 times (x 81B)
Class kotlin.reflect.jvm.internal.impl.builtins.jvm.JvmBuiltIns$customizer$2          : loaded 2 times (x 81B)
Class org.apache.commons.io.file.PathFilter                                           : loaded 2 times (x 72B)
Class com.google.common.reflect.Types$JavaVersion                                     : loaded 2 times (x 85B)
Class com.google.common.collect.AbstractSortedSetMultimap                             : loaded 2 times (x 215B)
Class org.jetbrains.kotlin.gradle.tasks.GradleCompileTaskProviderKt                   : loaded 2 times (x 73B)
Class org.jetbrains.kotlin.gradle.plugin.SubpluginEnvironment$Companion               : loaded 2 times (x 73B)
Class org.jetbrains.kotlin.gradle.plugin.mpp.ApplyUserDefinedAttributesKt$UserDefinedAttributesSetupAction$1$1$3: loaded 2 times (x 77B)
Class org.jetbrains.kotlin.gradle.tasks.configuration.BaseKotlinCompileConfig$Companion: loaded 2 times (x 73B)
Class org.jetbrains.kotlin.gradle.plugin.mpp.compilationImpl.KotlinCompilationImpl$Params: loaded 2 times (x 74B)
Class org.jetbrains.kotlin.gradle.tooling.BuildKotlinToolingMetadataTask              : loaded 2 times (x 316B)
Class org.jetbrains.kotlin.gradle.plugin.internal.CompatibilityConventionRegistrarKt  : loaded 2 times (x 73B)
Class org.jetbrains.kotlin.konan.target.UtilsKt                                       : loaded 2 times (x 73B)
Class org.jetbrains.kotlin.gradle.artifacts.KotlinJvmJarArtifactKt                    : loaded 2 times (x 73B)
Class org.jetbrains.kotlin.gradle.plugin.mpp.compilationImpl.CreateCInteropTasksSideEffectKt$special$$inlined$KotlinCompilationSideEffect$1: loaded 2 times (x 76B)
Class org.jetbrains.kotlin.gradle.plugin.statistics.FinalizeConfigurationFusMetricActionKt: loaded 2 times (x 73B)
Class org.jetbrains.kotlin.gradle.targets.native.toolchain.KotlinNativeBundleBuildService$Companion$registerIfAbsent$2$1: loaded 2 times (x 81B)
Class org.jetbrains.kotlin.gradle.plugin.statistics.KotlinBuildStatsBeanService       : loaded 2 times (x 89B)
Class org.jetbrains.kotlin.gradle.plugin.internal.MavenPublicationComponentAccessor$Factory: loaded 2 times (x 72B)
Class com.android.resources.Keyboard                                                  : loaded 2 times (x 88B)
Class com.android.ide.common.resources.configuration.ScreenWidthQualifier             : loaded 2 times (x 90B)
Class com.google.protobuf.UninitializedMessageException                               : loaded 2 times (x 86B)
Class org.apache.groovy.ast.tools.ExpressionUtils                                     : loaded 2 times (x 73B)
Class groovy.transform.SelfType                                                       : loaded 2 times (x 72B)
Class groovyjarjarantlr4.v4.runtime.atn.LexerIndexedCustomAction                      : loaded 2 times (x 79B)
Class org.apache.groovy.parser.antlr4.GroovyParser$ScriptStatementContext             : loaded 2 times (x 162B)
Class org.apache.groovy.parser.antlr4.GroovyParser$GstringPrmrAltContext              : loaded 2 times (x 160B)
Class org.apache.groovy.parser.antlr4.AstBuilder$DeclarationListStatement             : loaded 2 times (x 114B)
Class groovyjarjarantlr4.v4.runtime.tree.ParseTreeVisitor                             : loaded 2 times (x 72B)
Class groovy.lang.Tuple11                                                             : loaded 2 times (x 208B)
Class groovy.lang.Tuple0                                                              : loaded 2 times (x 208B)
Class [Lorg.codehaus.groovy.ast.ASTNode;                                              : loaded 2 times (x 71B)
Class groovy.lang.EmptyRange                                                          : loaded 2 times (x 244B)
Class org.codehaus.groovy.reflection.stdclasses.IntegerCachedClass                    : loaded 2 times (x 97B)
Class com.google.common.collect.EmptyImmutableListMultimap                            : loaded 2 times (x 178B)
Class com.google.common.reflect.TypeResolver$TypeVariableKey                          : loaded 2 times (x 74B)
Class org.apache.commons.io.output.ByteArrayOutputStream                              : loaded 2 times (x 104B)
Class kotlin.reflect.jvm.internal.CachesKt$$Lambda$1                                  : loaded 2 times (x 77B)
Class kotlin.reflect.jvm.internal.impl.builtins.jvm.JvmBuiltInClassDescriptorFactory$1: loaded 2 times (x 80B)
Class kotlinx.coroutines.CoroutineContextKt                                           : loaded 2 times (x 73B)
Class it.unimi.dsi.fastutil.HashCommon                                                : loaded 2 times (x 73B)
Class org.jetbrains.kotlin.daemon.client.DaemonProblemReportingOutputListenerKt       : loaded 2 times (x 73B)
Class com.android.tools.lint.model.LintModelVariant                                   : loaded 2 times (x 72B)
Class org.jetbrains.kotlin.descriptors.DescriptorVisibilities$9                       : loaded 2 times (x 81B)
Class org.jetbrains.kotlin.incremental.KotlinClassInfo$ExtraInfo                      : loaded 2 times (x 74B)
Class org.jetbrains.org.objectweb.asm.Symbol                                          : loaded 2 times (x 75B)
Class org.jetbrains.kotlin.com.intellij.util.containers.LinkedCustomHashMap           : loaded 2 times (x 74B)
Class kotlin.concurrent.ThreadsKt                                                     : loaded 2 times (x 73B)
Class kotlinx.coroutines.scheduling.CoroutineScheduler$Companion                      : loaded 2 times (x 73B)
Class kotlin.reflect.jvm.internal.impl.load.java.typeEnhancement.SignatureEnhancement$SignatureParts: loaded 2 times (x 74B)
Class kotlin.reflect.jvm.internal.impl.name.StandardClassIdsKt                        : loaded 2 times (x 73B)
Class kotlin.reflect.jvm.internal.impl.serialization.deserialization.descriptors.DeserializedMemberScope$OptimizedImplementation$typeAliasByName$1: loaded 2 times (x 81B)
Class kotlin.io.path.PathsKt                                                          : loaded 2 times (x 73B)
Class org.codehaus.groovy.ast.expr.ConstantExpression                                 : loaded 2 times (x 136B)
Class kotlin.reflect.jvm.internal.KClassImpl$Data$constructors$2                      : loaded 2 times (x 81B)
Class kotlin.reflect.jvm.internal.KClassCacheKt                                       : loaded 2 times (x 73B)
Class org.jetbrains.kotlin.gradle.plugin.statistics.DaemonReuseCounter                : loaded 2 times (x 78B)
Class com.google.common.collect.Sets$3$1                                              : loaded 2 times (x 84B)
Class org.jetbrains.kotlin.gradle.tasks.configuration.AbstractKotlinCompileConfig$1$1 : loaded 2 times (x 76B)
Class org.jetbrains.kotlin.gradle.tasks.KotlinCompile$kotlinOptions$1                 : loaded 2 times (x 81B)
Class org.jetbrains.kotlin.tooling.core.ExtrasLazyProperty                            : loaded 2 times (x 72B)
Class org.jetbrains.kotlin.gradle.internal.properties.NativeProperties$Companion      : loaded 2 times (x 73B)
Class org.jetbrains.kotlin.gradle.utils.StringUtilsKt                                 : loaded 2 times (x 73B)
Class org.jetbrains.kotlin.gradle.targets.ConfigureBuildSideEffectKt$ConfigureBuildSideEffect$1: loaded 2 times (x 76B)
Class org.jetbrains.kotlin.gradle.utils.CompletableFuture                             : loaded 2 times (x 72B)
Class org.jetbrains.kotlin.gradle.plugin.diagnostics.DiagnosticGroup$Kgp$Misconfiguration: loaded 2 times (x 84B)
Class [Lorg.jetbrains.kotlin.statistics.metrics.StringOverridePolicy;                 : loaded 2 times (x 71B)
Class org.jetbrains.kotlin.gradle.plugin.internal.JavaExecTaskParametersCompatibility : loaded 2 times (x 72B)
Class com.google.common.cache.LocalCache$LoadingValueReference                        : loaded 2 times (x 98B)
Class com.android.resources.WideGamutColor                                            : loaded 2 times (x 88B)
Class com.android.ide.common.resources.configuration.ScreenSizeQualifier              : loaded 2 times (x 94B)
Class com.google.protobuf.Descriptors$ServiceDescriptor                               : loaded 2 times (x 78B)
Class org.codehaus.groovy.runtime.metaclass.MethodMetaProperty$GetBeanMethodMetaProperty: loaded 2 times (x 80B)
Class com.google.protobuf.GeneratedMessageV3$1                                        : loaded 2 times (x 80B)
Class org.codehaus.groovy.classgen.asm.indy.IndyCallSiteWriter                        : loaded 2 times (x 87B)
Class groovyjarjarasm.asm.MethodVisitor                                               : loaded 2 times (x 107B)
Class org.codehaus.groovy.ast.tools.ClosureUtils                                      : loaded 2 times (x 73B)
Class groovyjarjarantlr4.v4.runtime.atn.ATNConfig$ActionSemanticContextATNConfig      : loaded 2 times (x 86B)
Class groovyjarjarantlr4.v4.runtime.atn.SingletonPredictionContext                    : loaded 2 times (x 87B)
Class groovyjarjarantlr4.v4.runtime.atn.Transition                                    : loaded 2 times (x 78B)
Class org.apache.groovy.parser.antlr4.SyntaxErrorReportable                           : loaded 2 times (x 72B)
Class org.codehaus.groovy.ast.EnumConstantClassNode                                   : loaded 2 times (x 249B)
Class org.apache.groovy.parser.antlr4.GroovyParser$ClassOrInterfaceModifierContext    : loaded 2 times (x 167B)
Class org.apache.groovy.parser.antlr4.GroovySyntaxError                               : loaded 2 times (x 87B)
Class groovy.lang.Tuple12                                                             : loaded 2 times (x 208B)
Class groovy.lang.Tuple1                                                              : loaded 2 times (x 208B)
Class org.codehaus.groovy.GroovyException                                             : loaded 2 times (x 90B)
Class org.codehaus.groovy.runtime.ScriptBytecodeAdapter                               : loaded 2 times (x 73B)
Class org.codehaus.groovy.runtime.callsite.CallSiteArray                              : loaded 2 times (x 74B)
Class org.codehaus.groovy.runtime.typehandling.GroovyCastException                    : loaded 2 times (x 84B)
Class org.codehaus.groovy.runtime.DefaultGroovyMethods                                : loaded 2 times (x 73B)
Class groovy.lang.StringWriterIOException                                             : loaded 2 times (x 85B)
Class groovy.lang.GroovySystem                                                        : loaded 2 times (x 73B)
Class com.android.utils.PositionXmlParser$DomBuilder                                  : loaded 2 times (x 150B)
Class org.codehaus.groovy.runtime.metaclass.MetaMethodIndex$Entry                     : loaded 2 times (x 74B)
Class org.apache.groovy.parser.antlr4.GroovyParser$GstringValueContext                : loaded 2 times (x 160B)
Class kotlin.reflect.jvm.internal.CachesKt$$Lambda$2                                  : loaded 2 times (x 77B)
Class kotlinx.coroutines.internal.DispatchedContinuation                              : loaded 2 times (x 91B)
Class kotlinx.coroutines.internal.Symbol                                              : loaded 2 times (x 74B)
Class org.apache.groovy.parser.antlr4.GroovyParser$ElementValueContext                : loaded 2 times (x 161B)
Class groovyjarjarantlr4.v4.runtime.CodePointBuffer$Builder                           : loaded 2 times (x 81B)
Class [Lcom.android.tools.lint.model.LintModelArtifactType;                           : loaded 2 times (x 71B)
Class com.android.tools.lint.model.LintModelMavenName                                 : loaded 2 times (x 72B)
Class org.apache.groovy.parser.antlr4.GroovyParser$PathExpressionContext              : loaded 2 times (x 162B)
Class org.jetbrains.kotlin.incremental.ClassProtoData                                 : loaded 2 times (x 74B)
Class org.jetbrains.kotlin.inline.InlineFunctionOrAccessor                            : loaded 2 times (x 72B)
Class org.jetbrains.kotlin.incremental.classpathDiff.impl.BasicClassInfoClassVisitor  : loaded 2 times (x 90B)
Class com.google.protobuf.GeneratedMessage$GeneratedExtension                         : loaded 2 times (x 89B)
Class com.google.protobuf.UnsafeUtil$MemoryAccessor                                   : loaded 2 times (x 93B)
Class com.google.common.collect.ImmutableMapEntry$NonTerminalImmutableBiMapEntry      : loaded 2 times (x 87B)
Class com.google.common.cache.CacheLoader$FunctionToCacheLoader                       : loaded 2 times (x 77B)
Class org.jetbrains.kotlin.gradle.plugin.BuildFinishedListenerService                 : loaded 2 times (x 82B)
Class org.jetbrains.kotlin.gradle.plugin.BuildFinishedListenerService$Companion       : loaded 2 times (x 73B)
Class org.jetbrains.kotlin.gradle.plugin.statistics.BuildFusServiceKt                 : loaded 2 times (x 73B)
Class org.jetbrains.kotlin.gradle.targets.NativeForwardImplementationToApiElementsSideEffectKt$special$$inlined$KotlinTargetSideEffect$1: loaded 2 times (x 76B)
Class org.jetbrains.kotlin.gradle.plugin.sources.FragmentConsistencyChecks$optInAnnotationsCheck$2: loaded 2 times (x 80B)
Class com.google.common.collect.ImmutableRangeSet$AsSet                               : loaded 2 times (x 302B)
Class build_6es61oajgz29f449dnpj6zb31                                                 : loaded 2 times (x 174B)
Class com.google.common.collect.ImmutableListMultimap                                 : loaded 2 times (x 178B)
Class com.google.common.reflect.Invokable$MethodInvokable                             : loaded 2 times (x 109B)
Class com.google.common.collect.MapMakerInternalMap$StrongKeyDummyValueEntry          : loaded 2 times (x 84B)
Class com.google.common.io.LineReader$1                                               : loaded 2 times (x 77B)
Class com.google.common.collect.CollectSpliterators                                   : loaded 2 times (x 73B)
Class com.google.common.collect.AbstractMapBasedMultimap$AsMap                        : loaded 2 times (x 130B)
Class org.jetbrains.kotlin.gradle.tasks.configuration.AbstractKotlinCompileConfig$getClasspathSnapshotDir$1: loaded 2 times (x 76B)
Class org.jetbrains.kotlin.gradle.tasks.configuration.AbstractKotlinCompileConfig$1$2 : loaded 2 times (x 76B)
Class org.jetbrains.kotlin.gradle.plugin.statistics.ConfigurationMetricsBuildFusParameters: loaded 2 times (x 72B)
Class org.jetbrains.kotlin.gradle.tasks.configuration.AbstractKotlinCompileConfigKt$explicitApiMode$1: loaded 2 times (x 77B)
Class com.google.common.collect.Multimaps$Entries                                     : loaded 2 times (x 120B)
Class org.jetbrains.kotlin.gradle.plugin.diagnostics.checkers.OverriddenKotlinNativeHomeChecker$StdlibExistenceCheckerValueSource$Params$Inject: loaded 2 times (x 108B)
Class org.jetbrains.kotlin.gradle.plugin.diagnostics.checkers.CommonMainOrTestWithDependsOnChecker: loaded 2 times (x 76B)
Class org.jetbrains.kotlin.gradle.artifacts.KotlinNativeHostSpecificMetadataArtifactKt: loaded 2 times (x 73B)
Class org.jetbrains.kotlin.gradle.plugin.mpp.compilationImpl.KotlinCreateLifecycleTasksSideEffectKt: loaded 2 times (x 73B)
Class org.jetbrains.kotlin.gradle.plugin.KotlinTarget                                 : loaded 2 times (x 72B)
Class org.jetbrains.kotlin.gradle.utils.ConfigurationsKt$createResolvable$1           : loaded 2 times (x 80B)
Class [Lorg.jetbrains.kotlin.statistics.metrics.BooleanAnonymizationPolicy;           : loaded 2 times (x 71B)
Class com.google.protobuf.Descriptors$DescriptorPool                                  : loaded 2 times (x 74B)
Class com.google.protobuf.DescriptorProtos$MessageOptionsOrBuilder                    : loaded 2 times (x 72B)
Class com.google.protobuf.Internal$LongList                                           : loaded 2 times (x 72B)
Class com.google.gson.JsonIOException                                                 : loaded 2 times (x 84B)
Class com.google.common.collect.Maps$IteratorBasedAbstractMap$1                       : loaded 2 times (x 140B)
Class com.google.common.reflect.Types$ParameterizedTypeImpl                           : loaded 2 times (x 83B)
Class groovyjarjarantlr4.v4.runtime.atn.PredictionContext$IdentityEqualityComparator  : loaded 2 times (x 79B)
Class groovy.lang.Tuple13                                                             : loaded 2 times (x 208B)
Class groovy.lang.Tuple2                                                              : loaded 2 times (x 208B)
Class org.codehaus.groovy.reflection.ReflectionUtils$ClassContextHelper               : loaded 2 times (x 103B)
Class org.codehaus.groovy.ast.ClassNode                                               : loaded 2 times (x 244B)
Class org.codehaus.groovy.reflection.stdclasses.ByteCachedClass                       : loaded 2 times (x 97B)
Class kotlin.reflect.jvm.internal.KMutableProperty1Impl$$Lambda$0                     : loaded 2 times (x 78B)
Class org.apache.commons.io.output.UnsynchronizedByteArrayOutputStream                : loaded 2 times (x 104B)
Class kotlin.reflect.jvm.internal.KClassImpl$data$1                                   : loaded 2 times (x 81B)
Class kotlin.coroutines.jvm.internal.RestrictedSuspendLambda                          : loaded 2 times (x 93B)
Class kotlin.reflect.jvm.internal.CachesKt$$Lambda$3                                  : loaded 2 times (x 77B)
Class com.android.tools.lint.model.LintModelLibrary                                   : loaded 2 times (x 72B)
Class kotlin.reflect.jvm.internal.KPropertyImpl$_javaField$1                          : loaded 2 times (x 81B)
Class kotlin.reflect.jvm.internal.impl.descriptors.NotFoundClasses$classes$1          : loaded 2 times (x 81B)
Class kotlin.reflect.jvm.internal.impl.builtins.jvm.JvmBuiltInsCustomizer$cloneableType$2: loaded 2 times (x 81B)
Class kotlin.reflect.jvm.internal.impl.serialization.deserialization.IncompatibleVersionErrorData: loaded 2 times (x 74B)
Class kotlin.reflect.jvm.internal.KPropertyImpl$Getter$caller$2                       : loaded 2 times (x 81B)
Class org.jetbrains.kotlin.daemon.client.KotlinCompilerClientKt$report$sourceMessage$2: loaded 2 times (x 81B)
Class org.jetbrains.kotlin.daemon.common.BoolPropMapper                               : loaded 2 times (x 76B)
Class org.jetbrains.kotlin.buildtools.internal.DaemonAdaptersKt                       : loaded 2 times (x 73B)
Class org.jetbrains.kotlin.daemon.common.RestPropMapper                               : loaded 2 times (x 76B)
Class org.jetbrains.kotlin.daemon.client.KotlinCompilerClient$DaemonSearchResult$Found: loaded 2 times (x 74B)
Class [Lorg.jetbrains.kotlin.daemon.common.CompileService$TargetPlatform;             : loaded 2 times (x 71B)
Class [Lorg.jetbrains.org.objectweb.asm.SymbolTable$Entry;                            : loaded 2 times (x 71B)
Class org.jetbrains.kotlin.descriptors.DescriptorVisibilities$8                       : loaded 2 times (x 81B)
Class com.android.tools.lint.model.DefaultLintModelArtifact                           : loaded 2 times (x 86B)
Class it.unimi.dsi.fastutil.objects.ReferenceCollection                               : loaded 2 times (x 72B)
Class org.jetbrains.kotlin.buildtools.internal.jvm.operations.JvmCompilationOperationImpl$Option: loaded 2 times (x 74B)
Class org.jetbrains.kotlin.buildtools.internal.BaseOptionWithDefault                  : loaded 2 times (x 74B)
Class org.jetbrains.kotlin.buildtools.internal.DeepCopyable                           : loaded 2 times (x 72B)
Class kotlinx.coroutines.DisposableHandle                                             : loaded 2 times (x 72B)
Class com.google.common.collect.CompoundOrdering                                      : loaded 2 times (x 117B)
Class com.google.common.collect.AbstractMapBasedMultimap$WrappedList                  : loaded 2 times (x 207B)
Class org.jetbrains.kotlin.gradle.internal.KotlinDependenciesManagementKt$allNonProjectDependencies$1: loaded 2 times (x 76B)
Class [Lorg.jetbrains.kotlin.build.report.metrics.BuildAttributeKind;                 : loaded 2 times (x 71B)
Class org.jetbrains.kotlin.gradle.tasks.K2MultiplatformStructure                      : loaded 2 times (x 76B)
Class org.jetbrains.kotlin.compilerRunner.CompilerSystemPropertiesService$Parameters  : loaded 2 times (x 72B)
Class org.jetbrains.kotlin.gradle.plugin.mpp.compilationImpl.KotlinCompilationSourceSetsContainer: loaded 2 times (x 72B)
Class org.jetbrains.kotlin.gradle.artifacts.KotlinNativeKlibArtifactKt                : loaded 2 times (x 73B)
Class org.jetbrains.kotlin.gradle.plugin.ProjectLocalConfigurations                   : loaded 2 times (x 73B)
Class org.jetbrains.kotlin.gradle.plugin.mpp.KotlinUsages$KotlinUsagesDisambiguation  : loaded 2 times (x 78B)
Class org.jetbrains.kotlin.gradle.plugin.diagnostics.KotlinToolingDiagnosticsCollector$Parameter: loaded 2 times (x 72B)
Class org.jetbrains.kotlin.gradle.plugin.diagnostics.KotlinToolingDiagnosticsCollectorKt$kotlinToolingDiagnosticsCollectorProvider$1: loaded 2 times (x 77B)
Class org.jetbrains.kotlin.tooling.core.Extras$Key$Companion                          : loaded 2 times (x 73B)
Class org.jetbrains.kotlin.tooling.core.Extras$Key                                    : loaded 2 times (x 74B)
Class [Lorg.objectweb.asm.AnnotationWriter;                                           : loaded 2 times (x 71B)
Class [Lkotlin.coroutines.intrinsics.CoroutineSingletons;                             : loaded 2 times (x 71B)
Class [Lcom.android.resources.KeyboardState;                                          : loaded 2 times (x 71B)
Class com.google.protobuf.DescriptorProtos$EnumDescriptorProtoOrBuilder               : loaded 2 times (x 72B)
Class com.google.protobuf.InvalidProtocolBufferException                              : loaded 2 times (x 89B)
Class kotlin.collections.MutableMapWithDefaultImpl                                    : loaded 2 times (x 146B)
Class org.codehaus.groovy.transform.stc.StaticTypesMarker                             : loaded 2 times (x 81B)
Class org.codehaus.groovy.classgen.asm.CompileStack$StateStackElement                 : loaded 2 times (x 74B)
Class org.codehaus.groovy.classgen.FinalVariableAnalyzer$VariableState                : loaded 2 times (x 81B)
Class [Lorg.apache.groovy.util.concurrent.concurrentlinkedhashmap.ConcurrentLinkedHashMap$DiscardingListener;: loaded 2 times (x 71B)
Class groovy.transform.CompileStatic                                                  : loaded 2 times (x 72B)
Class org.codehaus.groovy.classgen.EnumVisitor                                        : loaded 2 times (x 214B)
Class org.apache.groovy.parser.antlr4.GroovyParser$TryCatchStmtAltContext             : loaded 2 times (x 160B)
Class org.apache.groovy.parser.antlr4.GroovyParser$LoopStmtAltContext                 : loaded 2 times (x 160B)
Class org.apache.groovy.parser.antlr4.GroovyParser$DoWhileStmtAltContext              : loaded 2 times (x 165B)
Class org.apache.groovy.parser.antlr4.GroovyParser$AssertStatementContext             : loaded 2 times (x 165B)
Class org.codehaus.groovy.control.ParserPluginFactory                                 : loaded 2 times (x 74B)
Class groovy.lang.Tuple14                                                             : loaded 2 times (x 208B)
Class groovy.lang.Tuple3                                                              : loaded 2 times (x 208B)
Class org.codehaus.groovy.control.HasCleanup                                          : loaded 2 times (x 72B)
Class org.codehaus.groovy.ast.stmt.AssertStatement                                    : loaded 2 times (x 116B)
Class org.codehaus.groovy.control.ResolveVisitor                                      : loaded 2 times (x 238B)
Class org.codehaus.groovy.runtime.typehandling.DefaultTypeTransformation              : loaded 2 times (x 73B)
Class org.codehaus.groovy.util.SingleKeyHashMap$Copier                                : loaded 2 times (x 72B)
Class groovy.lang.MetaClassImpl                                                       : loaded 2 times (x 195B)
Class kotlin.reflect.jvm.internal.impl.name.StandardClassIds                          : loaded 2 times (x 73B)
Class kotlin.sequences.SequencesKt__SequenceBuilderKt$sequence$$inlined$Sequence$1    : loaded 2 times (x 77B)
Class kotlin.reflect.jvm.internal.CachesKt$$Lambda$4                                  : loaded 2 times (x 77B)
Class kotlin.collections.ArrayAsCollection                                            : loaded 2 times (x 107B)
Class kotlin.io.path.PathsKt__PathUtilsKt                                             : loaded 2 times (x 73B)
Class it.unimi.dsi.fastutil.longs.LongSet                                             : loaded 2 times (x 72B)
Class com.android.utils.EnvironmentProvider                                           : loaded 2 times (x 72B)
Class com.android.utils.PositionXmlParser                                             : loaded 2 times (x 73B)
Class groovy.lang.Writable                                                            : loaded 2 times (x 72B)
Class org.jetbrains.kotlin.descriptors.DescriptorVisibilities$10                      : loaded 2 times (x 78B)
Class org.jetbrains.kotlin.daemon.common.DaemonOptions$mappers$10                     : loaded 2 times (x 131B)
Class groovy.lang.MetaObjectProtocol                                                  : loaded 2 times (x 72B)
Class org.codehaus.groovy.vmplugin.VMPluginFactory                                    : loaded 2 times (x 73B)
Class org.codehaus.groovy.ast.FieldNode                                               : loaded 2 times (x 163B)
Class kotlin.reflect.jvm.internal.impl.serialization.deserialization.TypeDeserializer$simpleType$annotations$1: loaded 2 times (x 81B)
Class groovy.lang.MetaClassImpl$9                                                     : loaded 2 times (x 79B)
Class org.codehaus.groovy.ast.expr.CastExpression                                     : loaded 2 times (x 135B)
Class org.codehaus.groovy.control.CompilationUnit$IPrimaryClassNodeOperation          : loaded 2 times (x 72B)
Class org.codehaus.groovy.ast.decompiled.DecompiledClassNode                          : loaded 2 times (x 246B)
Class org.apache.groovy.parser.antlr4.GroovyParser$ReturnTypeContext                  : loaded 2 times (x 160B)
Class org.codehaus.groovy.ast.expr.SpreadMapExpression                                : loaded 2 times (x 130B)
Class org.apache.groovy.parser.antlr4.GroovyParser$ListPrmrAltContext                 : loaded 2 times (x 160B)
Class groovyjarjarantlr4.v4.runtime.misc.ObjectEqualityComparator                     : loaded 2 times (x 79B)
Class com.google.common.base.Predicates$CompositionPredicate                          : loaded 2 times (x 90B)
Class com.google.common.collect.ImmutableRangeSet$Builder                             : loaded 2 times (x 79B)
Class com.google.common.collect.Lists$ReverseList$1                                   : loaded 2 times (x 101B)
Class org.jetbrains.kotlin.gradle.plugin.diagnostics.CheckKotlinGradlePluginConfigurationErrors: loaded 2 times (x 318B)
Class org.jetbrains.kotlin.gradle.plugin.sources.DefaultKotlinSourceSetKt             : loaded 2 times (x 73B)
Class org.jetbrains.kotlin.gradle.dsl.KotlinJvmOptions                                : loaded 2 times (x 72B)
Class org.jetbrains.kotlin.gradle.plugin.mpp.HierarchyAttributeContainer$1            : loaded 2 times (x 80B)
Class org.jetbrains.kotlin.gradle.plugin.KotlinPluginLifecycle                        : loaded 2 times (x 72B)
Class org.jetbrains.kotlin.gradle.plugin.KotlinJsPluginWrapper                        : loaded 2 times (x 88B)
Class org.jetbrains.kotlin.gradle.dsl.ToolchainSupport                                : loaded 2 times (x 72B)
Class org.jetbrains.kotlin.tooling.core.Extras                                        : loaded 2 times (x 72B)
Class org.jetbrains.kotlin.gradle.plugin.mpp.InternalKotlinTarget                     : loaded 2 times (x 72B)
Class org.jetbrains.kotlin.statistics.metrics.NumberAnonymizationPolicy$RANDOM_10_PERCENT: loaded 2 times (x 87B)
Class org.jetbrains.kotlin.statistics.metrics.StringMetrics                           : loaded 2 times (x 81B)
Class com.google.common.cache.LocalCache$StrongValueReference                         : loaded 2 times (x 92B)
Class com.google.common.collect.RegularImmutableBiMap$Inverse                         : loaded 2 times (x 145B)
Class com.google.protobuf.Extension                                                   : loaded 2 times (x 87B)
Class com.google.protobuf.MessageOrBuilder                                            : loaded 2 times (x 72B)
Class org.codehaus.groovy.classgen.AsmClassGenerator                                  : loaded 2 times (x 228B)
Class org.codehaus.groovy.classgen.asm.OptimizingStatementWriter$ClassNodeSkip        : loaded 2 times (x 73B)
Class org.codehaus.groovy.util.URLStreams                                             : loaded 2 times (x 73B)
Class org.apache.groovy.parser.antlr4.GroovyParser$EmptyDimsContext                   : loaded 2 times (x 164B)
Class [Lgroovyjarjarantlr4.v4.runtime.atn.LexerActionType;                            : loaded 2 times (x 71B)
Class org.codehaus.groovy.ast.expr.PostfixExpression                                  : loaded 2 times (x 132B)
Class groovy.lang.Tuple15                                                             : loaded 2 times (x 208B)
Class groovy.lang.Tuple4                                                              : loaded 2 times (x 208B)
Class org.codehaus.groovy.control.CompilationUnit$IGroovyClassOperation               : loaded 2 times (x 72B)
Class org.codehaus.groovy.ast.expr.MethodCallExpression                               : loaded 2 times (x 154B)
Class org.codehaus.groovy.runtime.dgmimpl.arrays.LongArrayGetAtMetaMethod             : loaded 2 times (x 99B)
Class org.codehaus.groovy.runtime.dgmimpl.arrays.ArrayGetAtMetaMethod                 : loaded 2 times (x 99B)
Class org.codehaus.groovy.classgen.asm.ClosureWriter$CorrectAccessedVariableVisitor   : loaded 2 times (x 189B)
Class it.unimi.dsi.fastutil.ints.AbstractIntSet                                       : loaded 2 times (x 235B)
Class [Lkotlin.annotation.AnnotationTarget;                                           : loaded 2 times (x 71B)
Class com.google.protobuf.AbstractParser                                              : loaded 2 times (x 152B)
Class [Lcom.google.protobuf.Descriptors$EnumValueDescriptor;                          : loaded 2 times (x 71B)
Class kotlin.jvm.internal.Ref$ObjectRef                                               : loaded 2 times (x 74B)
Class com.google.common.collect.Tables$AbstractCell                                   : loaded 2 times (x 83B)
Class org.jetbrains.kotlin.descriptors.DescriptorVisibilities$11                      : loaded 2 times (x 78B)
Class org.jetbrains.kotlin.daemon.client.CompileServiceSession                        : loaded 2 times (x 74B)
Class org.jetbrains.kotlin.daemon.common.CompileService$CallResult$Good               : loaded 2 times (x 75B)
Class kotlin.reflect.jvm.internal.calls.Caller$DefaultImpls                           : loaded 2 times (x 73B)
Class org.gradle.internal.classloader.InstrumentingClassLoader                        : loaded 2 times (x 72B)
Class org.gradle.internal.classpath.TransformedClassPath                              : loaded 2 times (x 98B)
Class com.google.common.cache.CacheBuilder$NullListener                               : loaded 2 times (x 84B)
Class org.objectweb.asm.FieldWriter                                                   : loaded 2 times (x 79B)
Class org.jetbrains.kotlin.tooling.core.Extras$Type                                   : loaded 2 times (x 74B)
Class org.jetbrains.kotlin.gradle.internal.properties.PropertiesBuildService$property$1$1: loaded 2 times (x 77B)
Class org.jetbrains.kotlin.statistics.metrics.StringMetrics$Companion                 : loaded 2 times (x 73B)
Class org.jetbrains.kotlin.gradle.plugin.StatisticsBuildFlowManager$Companion         : loaded 2 times (x 73B)
Class Build_gradle$4                                                                  : loaded 2 times (x 77B)
Class org.jetbrains.kotlin.gradle.tasks.CompilerPluginOptions                         : loaded 2 times (x 74B)
Class org.jetbrains.kotlin.gradle.plugin.mpp.KotlinTargetSoftwareComponentImpl        : loaded 2 times (x 92B)
Class org.jetbrains.kotlin.gradle.plugin.mpp.DefaultKotlinUsageContext$PublishOnlyIf  : loaded 2 times (x 72B)
Class [Lcom.google.gson.stream.JsonToken;                                             : loaded 2 times (x 71B)
Class org.jetbrains.kotlin.gradle.dsl.KotlinCommonCompilerOptionsHelper               : loaded 2 times (x 73B)
Class org.jetbrains.kotlin.gradle.plugin.KotlinJvmPlugin$Companion                    : loaded 2 times (x 73B)
Class org.jetbrains.kotlin.gradle.artifacts.KotlinMetadataArtifactKt                  : loaded 2 times (x 73B)
Class org.jetbrains.kotlin.gradle.targets.CreateArtifactsSideEffectKt$CreateArtifactsSideEffect$1: loaded 2 times (x 76B)
Class org.jetbrains.kotlin.gradle.plugin.diagnostics.KotlinToolingDiagnostics         : loaded 2 times (x 73B)
Class org.jetbrains.kotlin.gradle.internal.properties.PropertiesBuildService$property$1$valueFromGradleAndLocalProperties$1: loaded 2 times (x 77B)
Class org.jetbrains.kotlin.gradle.plugin.KotlinPluginWrapperKt$kotlinToolingVersion$2 : loaded 2 times (x 80B)
Class org.gradle.internal.classloader.VisitableURLClassLoader$InstrumentingVisitableURLClassLoader: loaded 2 times (x 124B)
Class com.android.ide.common.rendering.api.TextResourceValueImpl                      : loaded 2 times (x 114B)
Class com.google.protobuf.DescriptorProtos$UninterpretedOption                        : loaded 2 times (x 214B)
Class com.android.ide.common.gradle.DEV                                               : loaded 2 times (x 79B)
Class [Lorg.codehaus.groovy.transform.stc.StaticTypesMarker;                          : loaded 2 times (x 71B)
Class org.codehaus.groovy.classgen.asm.BytecodeHelper$LoadVarHandler                  : loaded 2 times (x 81B)
Class org.codehaus.groovy.classgen.asm.ClosureWriter                                  : loaded 2 times (x 83B)
Class org.codehaus.groovy.control.LabelVerifier                                       : loaded 2 times (x 215B)
Class [Lorg.apache.groovy.util.concurrent.concurrentlinkedhashmap.Weighers$SingletonEntryWeigher;: loaded 2 times (x 71B)
Class org.codehaus.groovy.ast.expr.MethodCallExpression$1                             : loaded 2 times (x 140B)
Class org.apache.groovy.parser.antlr4.GroovyParser$BuiltInTypePrmrAltContext          : loaded 2 times (x 160B)
Class org.apache.groovy.parser.antlr4.GroovyParser$StatementExpressionContext         : loaded 2 times (x 159B)
Class com.google.common.collect.MapMakerInternalMap$AbstractWeakKeyEntry              : loaded 2 times (x 90B)
Class groovy.lang.Tuple16                                                             : loaded 2 times (x 208B)
Class groovy.lang.Tuple5                                                              : loaded 2 times (x 208B)
Class org.codehaus.groovy.syntax.SyntaxException                                      : loaded 2 times (x 99B)
Class groovy.lang.MetaClassImpl$DummyMetaMethod                                       : loaded 2 times (x 99B)
Class org.codehaus.groovy.runtime.dgmimpl.arrays.ShortArrayPutAtMetaMethod            : loaded 2 times (x 99B)
Class org.codehaus.groovy.transform.trait.Traits$Implemented                          : loaded 2 times (x 72B)
Class org.jetbrains.kotlin.gradle.utils.ConfigurationsKt$maybeCreateResolvable$1      : loaded 2 times (x 80B)
Class [Lorg.jetbrains.kotlin.gradle.dsl.JvmTarget;                                    : loaded 2 times (x 71B)
Class org.jetbrains.kotlin.gradle.plugin.mpp.KotlinUsages$KotlinMetadataCompatibility : loaded 2 times (x 78B)
Class org.jetbrains.kotlin.gradle.artifacts.KotlinMetadataArtifactKt$KotlinMetadataArtifact$1: loaded 2 times (x 76B)
Class org.jetbrains.kotlin.gradle.plugin.mpp.AbstractKotlinCompilationToRunnableFiles : loaded 2 times (x 202B)
Class org.jetbrains.kotlin.gradle.plugin.sources.FragmentConsistencyChecks$optInAnnotationsCheck$1: loaded 2 times (x 81B)
Class kotlinx.coroutines.Job$DefaultImpls                                             : loaded 2 times (x 73B)
Class kotlin.coroutines.CoroutineContext$Element$DefaultImpls                         : loaded 2 times (x 73B)
Class kotlin.coroutines.Continuation                                                  : loaded 2 times (x 72B)
Class org.jetbrains.kotlin.gradle.plugin.mpp.compilationImpl.DefaultKotlinCompilationFriendPathsResolver$CompositeFriendArtifactResolver: loaded 2 times (x 77B)
Class org.jetbrains.kotlin.gradle.tasks.KotlinCompilerPluginData$InputsOutputsState   : loaded 2 times (x 74B)
Class com.android.tools.lint.model.LintModelArtifactType                              : loaded 2 times (x 81B)
Class com.google.common.collect.MapMaker$Dummy                                        : loaded 2 times (x 81B)
Class com.google.common.reflect.Invokable                                             : loaded 2 times (x 105B)
Class kotlin.reflect.jvm.internal.impl.load.java.NullabilityAnnotationStatesImpl$cache$1: loaded 2 times (x 81B)
Class org.jetbrains.kotlin.descriptors.DescriptorVisibilities$12                      : loaded 2 times (x 78B)
Class org.jetbrains.kotlin.daemon.common.DaemonOptions$mappers$12                     : loaded 2 times (x 143B)
Class org.jetbrains.kotlin.compilerRunner.KotlinCompilerRunnerUtils                   : loaded 2 times (x 73B)
Class kotlin.reflect.jvm.internal.impl.load.java.lazy.descriptors.LazyJavaScope$declaredField$1: loaded 2 times (x 81B)
Class [Lorg.jetbrains.kotlin.cli.common.arguments.Disables;                           : loaded 2 times (x 71B)
Class kotlin.reflect.jvm.internal.impl.load.java.typeEnhancement.SignatureEnhancement$SignatureParts$enhance$containsFunctionN$2: loaded 2 times (x 80B)
Class org.jetbrains.kotlin.daemon.common.CompilationResults                           : loaded 2 times (x 72B)
Class org.jetbrains.kotlin.daemon.common.CompileIterationResult                       : loaded 2 times (x 74B)
Class org.jetbrains.kotlin.descriptors.DescriptorVisibilities$7                       : loaded 2 times (x 81B)
Class com.android.utils.Pair                                                          : loaded 2 times (x 74B)
Class kotlin.reflect.jvm.internal.impl.renderer.DescriptorRenderer$Companion$COMPACT_WITH_SHORT_TYPES$1: loaded 2 times (x 80B)
Class kotlin.reflect.jvm.internal.impl.builtins.functions.FunctionTypeKind            : loaded 2 times (x 74B)
Class org.apache.groovy.util.SystemUtil                                               : loaded 2 times (x 73B)
Class org.codehaus.groovy.runtime.metaclass.MissingMethodExecutionFailed              : loaded 2 times (x 94B)
Class org.apache.commons.io.FileUtils                                                 : loaded 2 times (x 73B)
Class com.google.common.collect.MapMakerInternalMap$StrongKeyDummyValueEntry$Helper   : loaded 2 times (x 81B)
Class org.jetbrains.kotlin.gradle.tasks.FailedCompilationException                    : loaded 2 times (x 84B)
Class org.jetbrains.kotlin.gradle.plugin.mpp.DefaultKotlinUsageContext$1              : loaded 2 times (x 76B)
Class [Lorg.jetbrains.kotlin.gradle.tasks.KotlinCompilerExecutionStrategy;            : loaded 2 times (x 71B)
Class org.jetbrains.kotlin.gradle.plugin.mpp.compilationImpl.KotlinCompilationImpl$associateWith$2: loaded 2 times (x 81B)
Class org.jetbrains.kotlin.gradle.plugin.hierarchy.KotlinSourceSetTreeClassifier      : loaded 2 times (x 72B)
Class org.jetbrains.kotlin.gradle.plugin.mpp.compilationImpl.KotlinCompilationAssociator: loaded 2 times (x 72B)
Class org.jetbrains.kotlin.gradle.utils.WhenEvaluatedKt$whenEvaluated$afterAndroidDispatchQueue$1$1$1: loaded 2 times (x 77B)
Class org.jetbrains.kotlin.gradle.plugin.mpp.KotlinNativeTarget                       : loaded 2 times (x 169B)
Class org.jetbrains.kotlin.gradle.plugin.diagnostics.checkers.KotlinSourceSetTreeDependsOnMismatchChecker$runChecks$1: loaded 2 times (x 89B)
Class org.jetbrains.kotlin.gradle.plugin.diagnostics.checkers.PreHmppDependenciesUsageChecker$runChecks$1: loaded 2 times (x 89B)
Class org.jetbrains.kotlin.gradle.utils.ProjectExtensionsKt                           : loaded 2 times (x 73B)
Class org.jetbrains.kotlin.gradle.plugin.KotlinSourceSetTree$Companion                : loaded 2 times (x 73B)
Class org.jetbrains.kotlin.konan.target.UtilsKt$evaluatePresetName$1                  : loaded 2 times (x 80B)
Class org.jetbrains.kotlin.gradle.plugin.diagnostics.KotlinGradleProjectChecker$Companion: loaded 2 times (x 73B)
Class org.jetbrains.kotlin.gradle.plugin.KotlinGradleBuildServices$Parameters         : loaded 2 times (x 72B)
Class org.jetbrains.kotlin.gradle.plugin.statistics.BuildFusService$Companion$registerIfAbsent$1$1$1: loaded 2 times (x 77B)
Class org.jetbrains.kotlin.statistics.fileloggers.MetricsContainer$Companion          : loaded 2 times (x 73B)
Class org.objectweb.asm.ByteVector                                                    : loaded 2 times (x 81B)
Class [Lcom.google.common.cache.CacheBuilder$NullListener;                            : loaded 2 times (x 71B)
Class org.gradle.internal.classloader.VisitableURLClassLoader$Spec                    : loaded 2 times (x 76B)
Class org.gradle.internal.classpath.DefaultClassPath                                  : loaded 2 times (x 92B)
Class com.google.protobuf.GeneratedMessageV3$FieldAccessorTable$FieldAccessor         : loaded 2 times (x 72B)
Class com.google.protobuf.Utf8$Processor                                              : loaded 2 times (x 79B)
Class com.google.protobuf.Reader                                                      : loaded 2 times (x 72B)
Class org.codehaus.groovy.classgen.asm.StatementMetaTypeChooser                       : loaded 2 times (x 77B)
Class org.codehaus.groovy.classgen.asm.WriterControllerFactory                        : loaded 2 times (x 72B)
Class org.apache.groovy.util.concurrent.concurrentlinkedhashmap.ConcurrentLinkedHashMap$DiscardingQueue: loaded 2 times (x 144B)
Class groovyjarjarantlr4.v4.runtime.atn.ATNConfigSet$1                                : loaded 2 times (x 94B)
Class org.apache.groovy.parser.antlr4.GroovyLexer$Paren                               : loaded 2 times (x 78B)
Class groovyjarjarantlr4.v4.runtime.dfa.ArrayEdgeMap                                  : loaded 2 times (x 100B)
Class groovyjarjarantlr4.v4.runtime.atn.SemanticContext$PrecedencePredicate           : loaded 2 times (x 80B)
Class org.apache.groovy.parser.antlr4.GroovyParser$SepContext                         : loaded 2 times (x 162B)
Class groovyjarjarantlr4.v4.runtime.IntStream                                         : loaded 2 times (x 72B)
Class groovy.lang.Tuple6                                                              : loaded 2 times (x 208B)
Class [Lgroovy.lang.groovydoc.GroovydocHolder;                                        : loaded 2 times (x 71B)
Class org.codehaus.groovy.runtime.metaclass.ClosureStaticMetaMethod                   : loaded 2 times (x 104B)
Class org.codehaus.groovy.runtime.dgmimpl.NumberNumberPlus                            : loaded 2 times (x 116B)
Class org.codehaus.groovy.util.ReferenceType$1                                        : loaded 2 times (x 82B)
Class it.unimi.dsi.fastutil.ints.IntArrays                                            : loaded 2 times (x 73B)
Class groovy.lang.MetaClassImpl$8                                                     : loaded 2 times (x 79B)
Class kotlin.Result$Companion                                                         : loaded 2 times (x 73B)
Class kotlin.coroutines.jvm.internal.BaseContinuationImpl                             : loaded 2 times (x 89B)
Class it.unimi.dsi.fastutil.Hash$Strategy                                             : loaded 2 times (x 72B)
Class org.codehaus.groovy.runtime.metaclass.MetaMethodIndex$EntryIterator             : loaded 2 times (x 72B)
Class org.codehaus.groovy.control.messages.SyntaxErrorMessage                         : loaded 2 times (x 76B)
Class com.android.tools.lint.model.LintModelDependencies                              : loaded 2 times (x 72B)
Class org.codehaus.groovy.runtime.wrappers.PojoWrapper                                : loaded 2 times (x 90B)
Class com.google.common.collect.MapMakerInternalMap$WeakKeyStrongValueEntry$Helper    : loaded 2 times (x 81B)
Class org.apache.groovy.parser.antlr4.AstBuilder                                      : loaded 2 times (x 651B)
Class org.apache.groovy.parser.antlr4.GroovyParser$VariableModifierContext            : loaded 2 times (x 168B)
Class org.jetbrains.kotlin.incremental.DifferenceCalculator                           : loaded 2 times (x 75B)
Class org.jetbrains.kotlin.com.intellij.util.io.DataExternalizer                      : loaded 2 times (x 72B)
Class org.jetbrains.kotlin.incremental.impl.ExtraClassInfoGenerator                   : loaded 2 times (x 75B)
Class org.jetbrains.kotlin.daemon.common.DaemonOptions$mappers$13                     : loaded 2 times (x 131B)
Class org.codehaus.groovy.ast.expr.GStringExpression                                  : loaded 2 times (x 136B)
Class org.apache.groovy.parser.antlr4.AbstractParser                                  : loaded 2 times (x 180B)
Class org.apache.groovy.parser.antlr4.GroovyParser$ResourcesContext                   : loaded 2 times (x 163B)
Class org.codehaus.groovy.classgen.ReturnAdder$ReturnStatementListener                : loaded 2 times (x 72B)
Class kotlin.reflect.jvm.internal.impl.serialization.deserialization.descriptors.DeserializedClassDescriptor$companionObjectDescriptor$1: loaded 2 times (x 81B)
Class groovy.transform.stc.IncorrectTypeHintException                                 : loaded 2 times (x 99B)
Class com.google.protobuf.GeneratedMessageV3$ExtendableMessage                        : loaded 2 times (x 214B)
Class kotlin.reflect.jvm.internal.impl.types.ErrorUtils$ErrorScope                    : loaded 2 times (x 97B)
Class com.google.protobuf.ByteString$ByteArrayCopier                                  : loaded 2 times (x 72B)
Class kotlin.reflect.jvm.internal.KMutableProperty1Impl$_setter$1                     : loaded 2 times (x 81B)
Class com.google.protobuf.GeneratedMessageV3$ExtendableBuilder                        : loaded 2 times (x 319B)
Class com.google.protobuf.WireFormat$FieldType                                        : loaded 2 times (x 84B)
Class com.android.ide.common.resources.configuration.CountryCodeQualifier             : loaded 2 times (x 90B)
Class com.google.common.reflect.Types$ClassOwnership                                  : loaded 2 times (x 82B)
Class com.google.common.collect.ImmutableSortedMap$1EntrySet$1                        : loaded 2 times (x 215B)
Class org.jetbrains.kotlin.gradle.plugin.statistics.BuildFinishMetrics                : loaded 2 times (x 73B)
Class org.jetbrains.kotlin.gradle.plugin.DefaultKotlinBasePlugin$addKotlinCompilerConfiguration$2$1$1: loaded 2 times (x 77B)
Class org.jetbrains.kotlin.gradle.plugin.mpp.KotlinSoftwareComponentKt                : loaded 2 times (x 73B)
Class org.jetbrains.kotlin.gradle.plugin.mpp.compilationImpl.KotlinCompilationSourceSetInclusion$AddSourcesToCompileTask: loaded 2 times (x 72B)
Class [Lorg.jetbrains.kotlin.gradle.plugin.HasProject;                                : loaded 2 times (x 71B)
Class org.jetbrains.kotlin.gradle.utils.MutableObservableSetImpl                      : loaded 2 times (x 165B)
Class org.jetbrains.kotlin.gradle.tasks.KotlinTasksProvider                           : loaded 2 times (x 74B)
Class org.jetbrains.kotlin.gradle.dsl.DefaultToolchainSupport$wireToolchainToTasks$1  : loaded 2 times (x 77B)
Class org.jetbrains.kotlin.gradle.dsl.KotlinCommonCompilerOptions                     : loaded 2 times (x 72B)
Class org.jetbrains.kotlin.gradle.plugin.KotlinJsCompilerTypeHolder                   : loaded 2 times (x 72B)
Class org.jetbrains.kotlin.konan.target.Architecture                                  : loaded 2 times (x 81B)
Class org.jetbrains.kotlin.gradle.internal.properties.PropertiesBuildService$MemoizedCallable: loaded 2 times (x 77B)
Class org.jetbrains.kotlin.gradle.plugin.internal.DefaultMavenPublicationComponentAccessorFactory: loaded 2 times (x 78B)
Class org.objectweb.asm.Symbol                                                        : loaded 2 times (x 75B)
Class [Lcom.google.protobuf.WireFormat$FieldType;                                     : loaded 2 times (x 71B)
Class com.google.common.cache.LocalCache$Strength$3                                   : loaded 2 times (x 83B)
Class com.google.protobuf.AbstractMessage$BuilderParent                               : loaded 2 times (x 72B)
Class org.jetbrains.kotlin.gradle.report.BuildReportType$Companion                    : loaded 2 times (x 73B)
Class org.codehaus.groovy.syntax.Numbers                                              : loaded 2 times (x 73B)
Class org.jetbrains.kotlin.gradle.plugin.KotlinPluginInMultipleProjectsHolder         : loaded 2 times (x 74B)
Class org.apache.groovy.parser.antlr4.GroovyParser$SynchronizedStmtAltContext         : loaded 2 times (x 163B)
Class org.apache.groovy.parser.antlr4.Antlr4ParserPlugin                              : loaded 2 times (x 79B)
Class groovy.lang.Tuple7                                                              : loaded 2 times (x 208B)
Class org.codehaus.groovy.runtime.InvokerInvocationException                          : loaded 2 times (x 89B)
Class org.codehaus.groovy.util.ReferenceType$2                                        : loaded 2 times (x 82B)
Class groovy.lang.Closure                                                             : loaded 2 times (x 133B)
Class com.android.utils.PositionXmlParser$ParserFactoryFunction                       : loaded 2 times (x 72B)
Class org.jetbrains.kotlin.gradle.plugin.mpp.KotlinUsages$KotlinCinteropDisambiguation: loaded 2 times (x 78B)
Class org.jetbrains.kotlin.gradle.plugin.diagnostics.checkers.WasmJsEnvironmentChecker$4: loaded 2 times (x 80B)
Class org.jetbrains.kotlin.gradle.dsl.PlatformSourceSetConventionsChecker$CheckedPlatformInfo: loaded 2 times (x 74B)
Class org.jetbrains.kotlin.gradle.plugin.diagnostics.checkers.OverriddenKotlinNativeHomeChecker$allKonanMainSubdirectoriesExist$1$1: loaded 2 times (x 77B)
Class org.jetbrains.kotlin.gradle.internal.StdlibDependencyManagementKt$configureStdlibVersionAlignment$1: loaded 2 times (x 77B)
Class org.jetbrains.kotlin.gradle.plugin.KotlinPluginLifecycle$ProjectConfigurationResult$Success: loaded 2 times (x 73B)
Class org.jetbrains.kotlin.gradle.tasks.KotlinJavaToolchain$JdkSetter                 : loaded 2 times (x 72B)
Class com.google.common.collect.Interner                                              : loaded 2 times (x 72B)
Class com.google.common.collect.AllEqualOrdering                                      : loaded 2 times (x 116B)
Class org.jetbrains.kotlin.incremental.classpathDiff.JavaElementSnapshot              : loaded 2 times (x 74B)
Class org.jetbrains.kotlin.daemon.client.DaemonInitMessageListener                    : loaded 2 times (x 77B)
Class com.google.common.collect.ComparisonChain$1                                     : loaded 2 times (x 83B)
Class com.google.common.collect.Interners$InternerImpl                                : loaded 2 times (x 77B)
Class [Lcom.google.common.collect.Maps$EntryFunction;                                 : loaded 2 times (x 71B)
Class kotlin.reflect.jvm.internal.impl.serialization.deserialization.descriptors.DeserializedMemberScope$classifierNamesLazy$2: loaded 2 times (x 81B)
Class org.jetbrains.kotlin.statistics.fileloggers.MetricsContainer$MetricDescriptor   : loaded 2 times (x 77B)
Class org.jetbrains.kotlin.buildtools.internal.CancellableBuildOperationImpl$Companion: loaded 2 times (x 73B)
Class org.jetbrains.kotlin.buildtools.internal.arguments.CommonCompilerArgumentsImpl$CommonCompilerArgument: loaded 2 times (x 74B)
Class kotlin.reflect.jvm.internal.KClassImpl$Data$descriptor$2                        : loaded 2 times (x 81B)
Class org.jetbrains.kotlin.statistics.metrics.OrMetricContainer                       : loaded 2 times (x 82B)
Class com.google.common.collect.Sets$FilteredSet                                      : loaded 2 times (x 139B)
Class com.google.common.io.Java8Compatibility                                         : loaded 2 times (x 73B)
Class org.jetbrains.kotlin.gradle.tasks.AbstractKotlinCompile$friendPathsSet$1        : loaded 2 times (x 77B)
Class org.jetbrains.kotlin.build.report.metrics.BuildAttributes                       : loaded 2 times (x 74B)
Class org.jetbrains.kotlin.gradle.plugin.cocoapods.KotlinCocoapodsPlugin$Companion    : loaded 2 times (x 73B)
Class org.jetbrains.kotlin.gradle.plugin.mpp.compilationImpl.KotlinCompilationImpl    : loaded 2 times (x 147B)
Class [Lorg.jetbrains.kotlin.gradle.plugin.mpp.compilationImpl.factory.KotlinCompilationImplFactory$PostConfigure;: loaded 2 times (x 71B)
Class org.jetbrains.kotlin.gradle.plugin.KotlinSourceSet$Companion                    : loaded 2 times (x 73B)
Class org.jetbrains.kotlin.konan.target.KonanTarget$MACOS_X64                         : loaded 2 times (x 80B)
Class org.jetbrains.kotlin.konan.util.Named                                           : loaded 2 times (x 72B)
Class [Lorg.jetbrains.kotlin.gradle.report.BuildReportMode;                           : loaded 2 times (x 71B)
Class org.jetbrains.kotlin.statistics.metrics.BooleanOverridePolicy                   : loaded 2 times (x 87B)
Class org.jetbrains.kotlin.gradle.plugin.AbstractKotlinAndroidPluginWrapper           : loaded 2 times (x 88B)
Class org.gradle.internal.classloader.ClassLoaderSpec                                 : loaded 2 times (x 73B)
Class com.google.common.collect.AbstractMapBasedMultimap$1                            : loaded 2 times (x 86B)
Class com.google.protobuf.ByteString                                                  : loaded 2 times (x 103B)
Class kotlin.reflect.jvm.internal.impl.load.java.lazy.descriptors.LazyJavaPackageFragment$partToFacade$2: loaded 2 times (x 81B)
Class com.android.ide.common.rendering.api.ResourceNamespace                          : loaded 2 times (x 82B)
Class com.android.tools.analytics.Environment                                         : loaded 2 times (x 75B)
Class org.apache.groovy.parser.antlr4.SemanticPredicates                              : loaded 2 times (x 73B)
Class org.apache.groovy.parser.antlr4.GroovyParser$SwitchLabelContext                 : loaded 2 times (x 162B)
Class groovy.lang.Tuple8                                                              : loaded 2 times (x 208B)
Class org.codehaus.groovy.GroovyExceptionInterface                                    : loaded 2 times (x 72B)
Class org.codehaus.groovy.runtime.memoize.UnlimitedConcurrentCache                    : loaded 2 times (x 136B)
Class org.codehaus.groovy.ast.ConstructorNode                                         : loaded 2 times (x 159B)
Class org.codehaus.groovy.reflection.ReflectionCache                                  : loaded 2 times (x 73B)
Class org.codehaus.groovy.util.ReferenceType$3                                        : loaded 2 times (x 82B)
Class kotlin.reflect.jvm.internal.impl.load.java.typeEnhancement.SignatureEnhancement$SignatureParts$enhance$containsFunctionN$1: loaded 2 times (x 131B)
Class it.unimi.dsi.fastutil.ints.IntArrays$ForkJoinQuickSortComp                      : loaded 2 times (x 97B)
Class org.jetbrains.kotlin.buildtools.internal.DaemonExecutionPolicyImpl$Option       : loaded 2 times (x 74B)
Class [Lorg.jetbrains.kotlin.daemon.common.DaemonReportCategory;                      : loaded 2 times (x 71B)
Class kotlin.text.DelimitedRangesSequence                                             : loaded 2 times (x 77B)
Class com.android.tools.lint.model.LintModelSerialization$LintModelSerializationFileAdapter: loaded 2 times (x 89B)
Class org.jetbrains.kotlin.descriptors.DescriptorVisibilities$6                       : loaded 2 times (x 81B)
Class com.android.prefs.VariableType                                                  : loaded 2 times (x 81B)
Class com.android.tools.lint.model.LintModelSerialization$TargetFile                  : loaded 2 times (x 81B)
Class org.jetbrains.kotlin.com.intellij.util.io.FileAccessorCache                     : loaded 2 times (x 85B)
Class org.jetbrains.kotlin.incremental.classpathDiff.JavaElementSnapshotExternalizer  : loaded 2 times (x 77B)
Class org.jetbrains.org.objectweb.asm.tree.InnerClassNode                             : loaded 2 times (x 75B)
Class org.jetbrains.kotlin.daemon.common.DaemonOptions$mappers$15                     : loaded 2 times (x 143B)
Class com.android.tools.lint.model.LintModelModuleLibrary                             : loaded 2 times (x 72B)
Class kotlinx.coroutines.DispatchedTask                                               : loaded 2 times (x 82B)
Class it.unimi.dsi.fastutil.ints.IntIterator                                          : loaded 2 times (x 72B)
Class org.objectweb.asm.Handle                                                        : loaded 2 times (x 74B)
Class org.codehaus.groovy.reflection.GroovyClassValue                                 : loaded 2 times (x 72B)
Class org.codehaus.groovy.GroovyBugError                                              : loaded 2 times (x 86B)
Class org.codehaus.groovy.reflection.GeneratedMetaMethod                              : loaded 2 times (x 98B)
Class groovy.lang.MetaClassImpl$7                                                     : loaded 2 times (x 79B)
Class org.jetbrains.kotlin.buildtools.internal.BuildOperationImpl$Companion           : loaded 2 times (x 73B)
Class org.jetbrains.kotlin.gradle.plugin.statistics.DaemonReuseCounter$Companion      : loaded 2 times (x 73B)
Class org.jetbrains.kotlin.gradle.tasks.DefaultKotlinJavaToolchain$DefaultJavaToolchainSetter: loaded 2 times (x 77B)
Class org.jetbrains.kotlin.build.report.metrics.BuildAttributeKind                    : loaded 2 times (x 81B)
Class org.jetbrains.kotlin.gradle.plugin.mpp.KotlinCompilationsKt$moduleNameForCompilation$1: loaded 2 times (x 77B)
Class org.jetbrains.kotlin.gradle.plugin.sources.KotlinDependencyScopeKt              : loaded 2 times (x 73B)
Class org.jetbrains.kotlin.gradle.plugin.diagnostics.TransformActionUsingKotlinToolingDiagnostics$Parameters: loaded 2 times (x 72B)
Class org.jetbrains.kotlin.compilerRunner.CompilerSystemPropertiesService$Companion$registerIfAbsent$2$1: loaded 2 times (x 81B)
Class org.jetbrains.kotlin.gradle.plugin.mpp.KotlinCompilationsKt$addSourcesToKotlinCompileTask$1: loaded 2 times (x 77B)
Class org.jetbrains.kotlin.gradle.internal.KotlinDependenciesManagementKt$configureDefaultVersionsResolutionStrategy$1$1: loaded 2 times (x 77B)
Class org.jetbrains.kotlin.gradle.utils.KotlinExtensionUtilsKt$forAllTargets$1        : loaded 2 times (x 97B)
Class org.jetbrains.kotlin.gradle.plugin.diagnostics.CheckKotlinGradlePluginConfigurationErrorsKt$locateOrRegisterCheckKotlinGradlePluginErrorsTask$taskProvider$1: loaded 2 times (x 77B)
Class org.jetbrains.kotlin.gradle.plugin.diagnostics.checkers.KmpPartiallyResolvedDependenciesChecker$runChecks$1: loaded 2 times (x 89B)
Class org.jetbrains.kotlin.gradle.plugin.diagnostics.checkers.OverriddenKotlinNativeHomeChecker$StdlibExistenceCheckerValueSource$Params: loaded 2 times (x 72B)
Class org.jetbrains.kotlin.gradle.dsl.PlatformSourceSetConventionsChecker$nativeTargetPresets$1$1: loaded 2 times (x 81B)
Class org.jetbrains.kotlin.gradle.tooling.BuildKotlinToolingMetadataTaskKt$buildKotlinToolingMetadataTask$1: loaded 2 times (x 80B)
Class org.jetbrains.kotlin.gradle.internal.Kapt3GradleSubplugin$Companion             : loaded 2 times (x 73B)
Class org.jetbrains.kotlin.gradle.plugin.mpp.compilationImpl.KotlinCreateCompilationArchiveTaskKt$KotlinRegisterCompilationArchiveTasksExtension$1: loaded 2 times (x 76B)
Class [Lorg.jetbrains.kotlin.statistics.metrics.NumberOverridePolicy;                 : loaded 2 times (x 71B)
Class org.jetbrains.kotlin.gradle.internal.properties.PropertiesBuildService$GradleProperty: loaded 2 times (x 72B)
Class org.jetbrains.kotlin.gradle.plugin.statistics.BuildFinishBuildService$Companion : loaded 2 times (x 73B)
Class org.jetbrains.kotlin.gradle.utils.StoredPropertyKt$projectStoredProperty$1      : loaded 2 times (x 80B)
Class org.objectweb.asm.AnnotationWriter                                              : loaded 2 times (x 80B)
Class com.google.common.cache.CacheStats                                              : loaded 2 times (x 73B)
Class com.google.protobuf.DescriptorProtos$EnumDescriptorProto$EnumReservedRange      : loaded 2 times (x 199B)
Class com.google.protobuf.DescriptorProtos$FileDescriptorProto$Builder                : loaded 2 times (x 342B)
Class com.google.protobuf.Internal$ListAdapter$Converter                              : loaded 2 times (x 72B)
Class org.codehaus.groovy.transform.ErrorCollecting                                   : loaded 2 times (x 72B)
Class groovyjarjarantlr4.v4.runtime.atn.LexerActionExecutor                           : loaded 2 times (x 77B)
Class groovyjarjarantlr4.v4.runtime.atn.ATNConfigSet                                  : loaded 2 times (x 161B)
Class groovyjarjarantlr4.v4.runtime.atn.RuleTransition                                : loaded 2 times (x 78B)
Class groovyjarjarantlr4.v4.runtime.CodePointCharStream$CodePoint32BitCharStream      : loaded 2 times (x 93B)
Class org.apache.groovy.parser.antlr4.GroovyParser$ConditionalStatementContext        : loaded 2 times (x 160B)
Class org.apache.groovy.parser.antlr4.GroovyParser$PathElementContext                 : loaded 2 times (x 175B)
Class org.apache.groovy.parser.antlr4.GroovyParser$NullLiteralAltContext              : loaded 2 times (x 160B)
Class com.google.common.collect.MapMakerInternalMap$WeakKeyStrongValueEntry$LinkedWeakKeyStrongValueEntry: loaded 2 times (x 93B)
Class groovy.lang.Tuple9                                                              : loaded 2 times (x 208B)
Class org.codehaus.groovy.runtime.metaclass.DefaultMetaClassInfo                      : loaded 2 times (x 73B)
Class org.codehaus.groovy.util.ComplexKeyHashMap$Entry                                : loaded 2 times (x 76B)
Class [Lgroovy.lang.MetaClass;                                                        : loaded 2 times (x 71B)
Class org.codehaus.groovy.reflection.ClassInfo$LazyClassLoaderRef                     : loaded 2 times (x 84B)
Class org.codehaus.groovy.util.ReferenceType$4                                        : loaded 2 times (x 82B)
Class kotlin.jdk7.AutoCloseableKt                                                     : loaded 2 times (x 73B)
Class it.unimi.dsi.fastutil.objects.AbstractObject2IntMap                             : loaded 2 times (x 241B)
Class com.android.resources.ResourceType                                              : loaded 2 times (x 81B)
Class groovyjarjarantlr4.v4.runtime.atn.AbstractPredicateTransition                   : loaded 2 times (x 78B)
Class kotlin.time.DurationKt                                                          : loaded 2 times (x 73B)
Class org.apache.groovy.parser.antlr4.GroovyParser$ElementValuesContext               : loaded 2 times (x 160B)
Class [Lgroovyjarjarasm.asm.Symbol;                                                   : loaded 2 times (x 71B)
Class kotlinx.coroutines.CoroutineStart$WhenMappings                                  : loaded 2 times (x 73B)
Class com.google.protobuf.MessageLiteOrBuilder                                        : loaded 2 times (x 72B)
Class com.google.protobuf.Internal$BooleanList                                        : loaded 2 times (x 72B)
Class com.google.protobuf.Internal$FloatList                                          : loaded 2 times (x 72B)
Class com.google.protobuf.InvalidProtocolBufferException$InvalidWireTypeException     : loaded 2 times (x 89B)
Class [Lcom.android.resources.TouchScreen;                                            : loaded 2 times (x 71B)
Class com.google.common.cache.LocalCache$Strength$2                                   : loaded 2 times (x 83B)
Class com.android.tools.lint.model.PathVariables                                      : loaded 2 times (x 74B)
Class com.google.common.util.concurrent.SettableFuture                                : loaded 2 times (x 116B)
Class org.jetbrains.kotlin.incremental.IncrementalJvmCacheKt                          : loaded 2 times (x 73B)
Class org.jetbrains.kotlin.incremental.classpathDiff.impl.InlinedClassSnapshotter     : loaded 2 times (x 77B)
Class org.jetbrains.kotlin.daemon.common.DaemonOptions$mappers$16                     : loaded 2 times (x 131B)
Class org.jetbrains.kotlin.gradle.internal.properties.PropertiesBuildService$Inject   : loaded 2 times (x 98B)
Class org.jetbrains.kotlin.gradle.plugin.BuildEventsListenerRegistryHolder$Companion  : loaded 2 times (x 73B)
Class kotlin.reflect.jvm.internal.impl.descriptors.impl.LazyPackageViewDescriptorImpl$empty$2: loaded 2 times (x 81B)
Class [Lorg.jetbrains.kotlin.statistics.metrics.StringMetrics;                        : loaded 2 times (x 71B)
Class org.jetbrains.kotlin.gradle.plugin.statistics.BuildFusService$Companion$registerIfAbsentImpl$generalConfigurationMetricsProvider$1: loaded 2 times (x 77B)
Class org.jetbrains.kotlin.buildtools.internal.arguments.JvmCompilerArgumentsImpl$Companion: loaded 2 times (x 73B)
Class [Lcom.google.common.base.Predicate;                                             : loaded 2 times (x 71B)
Class org.jetbrains.kotlin.statistics.BuildSessionLogger$Companion$listProfileFiles$lambda$4$$inlined$sortedBy$1: loaded 2 times (x 91B)
Class com.google.common.collect.Interners                                             : loaded 2 times (x 73B)
Class com.google.common.collect.ImmutableMultisetGwtSerializationDependencies         : loaded 2 times (x 127B)
Class org.jetbrains.kotlin.gradle.tasks.K2MultiplatformStructure$RefinesEdge          : loaded 2 times (x 74B)
Class org.jetbrains.kotlin.gradle.plugin.mpp.SyncLanguageSettingsWithKotlinExtensionSetupActionKt$SyncLanguageSettingsWithKotlinExtensionSetupAction$1$1: loaded 2 times (x 77B)
Class org.jetbrains.kotlin.gradle.tasks.configuration.TaskConfigAction$configureTask$1: loaded 2 times (x 81B)
Class com.google.common.collect.AbstractMapBasedMultimap$2                            : loaded 2 times (x 87B)
Class org.jetbrains.kotlin.gradle.dsl.abi.AbiValidationExtension                      : loaded 2 times (x 72B)
Class org.jetbrains.kotlin.gradle.plugin.diagnostics.checkers.DuplicateSourceSetChecker$runChecks$1: loaded 2 times (x 89B)
Class org.jetbrains.kotlin.gradle.dsl.JvmTarget                                       : loaded 2 times (x 81B)
Class org.jetbrains.kotlin.gradle.plugin.diagnostics.ToolingDiagnostic$Severity       : loaded 2 times (x 81B)
Class org.jetbrains.kotlin.gradle.internal.ClassLoadersCachingBuildService            : loaded 2 times (x 78B)
Class org.jetbrains.kotlin.gradle.plugin.VariantImplementationFactories$Inject        : loaded 2 times (x 108B)
Class org.jetbrains.kotlin.gradle.plugin.internal.DefaultJavaExecTaskParametersCompatibility$Factory: loaded 2 times (x 78B)
Class org.jetbrains.kotlin.gradle.plugin.VariantImplementationFactoriesConfigurator$Companion: loaded 2 times (x 73B)
Class org.objectweb.asm.RecordComponentWriter                                         : loaded 2 times (x 79B)
Class com.google.common.util.concurrent.AbstractFuture$Listener                       : loaded 2 times (x 74B)
Class Settings_gradle$1$1                                                             : loaded 2 times (x 76B)
Class com.google.common.collect.StandardTable$CellIterator                            : loaded 2 times (x 85B)
Class org.jetbrains.kotlin.gradle.targets.ConfigureBuildSideEffectKt                  : loaded 2 times (x 73B)
Class [Lorg.apache.groovy.util.concurrent.concurrentlinkedhashmap.EntryWeigher;       : loaded 2 times (x 71B)
Class org.codehaus.groovy.transform.trait.Traits$TraitBridge                          : loaded 2 times (x 72B)
Class groovyjarjarantlr4.v4.runtime.atn.PredictionContextCache$PredictionContextAndInt: loaded 2 times (x 74B)
Class groovyjarjarantlr4.v4.runtime.atn.ATNConfigSet$ATNConfigSetIterator             : loaded 2 times (x 81B)
Class org.apache.groovy.parser.antlr4.GroovyParser$QualifiedNameElementsContext       : loaded 2 times (x 162B)
Class groovyjarjarantlr4.v4.runtime.atn.LexerAction                                   : loaded 2 times (x 72B)
Class groovyjarjarantlr4.v4.runtime.atn.ATNState                                      : loaded 2 times (x 91B)
Class groovyjarjarantlr4.v4.runtime.UnicodeCharStream                                 : loaded 2 times (x 72B)
Class org.apache.groovy.parser.antlr4.GroovyParser$MethodNameContext                  : loaded 2 times (x 160B)
Class org.apache.groovy.parser.antlr4.GroovyParser$ExpressionListElementContext       : loaded 2 times (x 160B)
Class org.codehaus.groovy.runtime.metaclass.ReflectionMetaMethod                      : loaded 2 times (x 99B)
Class org.codehaus.groovy.reflection.CachedMethod                                     : loaded 2 times (x 113B)
Class [Lorg.objectweb.asm.Label;                                                      : loaded 2 times (x 71B)
Class org.jetbrains.kotlin.gradle.plugin.diagnostics.checkers.WasmJsEnvironmentChecker$3: loaded 2 times (x 80B)
Class org.jetbrains.kotlin.gradle.plugin.diagnostics.checkers.WasmWasiEnvironmentChecker: loaded 2 times (x 78B)
Class org.jetbrains.kotlin.gradle.plugin.LanguageSettingsBuilder                      : loaded 2 times (x 72B)
Class com.android.ide.common.gradle.Version$Companion$ParseState                      : loaded 2 times (x 72B)
Class org.jetbrains.kotlin.com.intellij.openapi.vfs.impl.ArchiveHandler               : loaded 2 times (x 81B)
Class org.jetbrains.kotlin.cli.common.ModuleVisibilityHelperImpl                      : loaded 2 times (x 76B)
Class org.jetbrains.kotlin.gradle.targets.js.npm.NpmDependencyExtension               : loaded 2 times (x 72B)
Class org.jetbrains.kotlin.incremental.classpathDiff.impl.PrefixBasedSnapshotter$special$$inlined$sortedBy$1: loaded 2 times (x 91B)
Class org.jetbrains.kotlin.gradle.internal.properties.PropertiesBuildServiceKt$propertyWithDeprecatedName$1: loaded 2 times (x 77B)
Class org.jetbrains.kotlin.gradle.plugin.mpp.compilationImpl.factory.KotlinCompilationImplFactory$KotlinCompilerOptionsFactory: loaded 2 times (x 72B)
Class org.jetbrains.kotlin.gradle.plugin.mpp.compilationImpl.KotlinCompilationTaskNamesContainer: loaded 2 times (x 74B)
Class org.jetbrains.kotlin.gradle.plugin.mpp.KotlinCompilationsKt$addSourcesToKotlinCompileTask$configureAction$2: loaded 2 times (x 81B)
Class org.jetbrains.kotlin.gradle.tasks.configuration.BaseKotlinCompileConfig$2$1$1$2 : loaded 2 times (x 76B)
Class com.google.common.collect.Collections2$FilteredCollection                       : loaded 2 times (x 121B)
Class com.google.common.reflect.Types$ClassOwnership$3                                : loaded 2 times (x 73B)
Class org.apache.commons.io.output.QueueOutputStream                                  : loaded 2 times (x 89B)
Class kotlin.reflect.jvm.internal.impl.renderer.DescriptorRenderer$Companion$SHORT_NAMES_IN_TYPES$1: loaded 2 times (x 80B)
Class org.jetbrains.kotlin.buildtools.internal.arguments.ArgumentUtilsKt              : loaded 2 times (x 73B)
Class com.google.common.collect.ForwardingSet                                         : loaded 2 times (x 153B)
Class [Lorg.jetbrains.kotlin.compilerRunner.KotlinCompilerArgumentsLogLevel;          : loaded 2 times (x 71B)
Class org.jetbrains.kotlin.gradle.tasks.KotlinCompile_Decorated                       : loaded 2 times (x 608B)
Class org.jetbrains.kotlin.gradle.plugin.mpp.SyncLanguageSettingsWithKotlinExtensionSetupActionKt$SyncLanguageSettingsWithKotlinExtensionSetupAction$1$2: loaded 2 times (x 77B)
Class org.jetbrains.kotlin.gradle.plugin.internal.BuildIdService$Companion            : loaded 2 times (x 73B)
Class org.jetbrains.kotlin.gradle.plugin.diagnostics.checkers.OverriddenKotlinNativeHomeChecker$StdlibExistenceCheckerValueSource$Companion: loaded 2 times (x 73B)
Class org.jetbrains.kotlin.gradle.targets.js.dsl.KotlinWasmSubTargetContainerDsl      : loaded 2 times (x 72B)
Class org.jetbrains.kotlin.gradle.plugin.diagnostics.checkers.WasmWasiEnvironmentChecker$1: loaded 2 times (x 80B)
Class org.jetbrains.kotlin.gradle.plugin.diagnostics.checkers.DisabledCinteropCommonizationInHmppProjectChecker: loaded 2 times (x 76B)
Class org.jetbrains.kotlin.gradle.plugin.diagnostics.checkers.NoKotlinTargetsDeclaredChecker: loaded 2 times (x 76B)
Class org.jetbrains.kotlin.gradle.targets.jvm.KotlinJvmTargetTestFixturesSideEffectKt$ConfigureJavaTestFixturesSideEffect$1: loaded 2 times (x 76B)
Class org.jetbrains.kotlin.gradle.utils.StoredPropertyStorage                         : loaded 2 times (x 74B)
Class org.jetbrains.kotlin.gradle.plugin.KotlinSourceSetContainer                     : loaded 2 times (x 72B)
Class org.gradle.internal.classloader.VisitableURLClassLoader                         : loaded 2 times (x 118B)
Class kotlin.reflect.jvm.internal.impl.descriptors.impl.LazyPackageViewDescriptorImpl$memberScope$1: loaded 2 times (x 81B)
Class [Lcom.android.resources.ScreenRound;                                            : loaded 2 times (x 71B)
Class [Lkotlin.DeprecationLevel;                                                      : loaded 2 times (x 71B)
Class com.google.protobuf.DescriptorProtos$FeatureSet                                 : loaded 2 times (x 253B)
Class com.google.protobuf.DescriptorProtos$EnumDescriptorProto$EnumReservedRangeOrBuilder: loaded 2 times (x 72B)
Class com.google.protobuf.DescriptorProtos$OneofDescriptorProto                       : loaded 2 times (x 201B)
Class com.google.protobuf.IntArrayList                                                : loaded 2 times (x 264B)
Class com.google.protobuf.ExtensionRegistryLite                                       : loaded 2 times (x 76B)
Class org.codehaus.groovy.classgen.asm.OptimizingStatementWriter                      : loaded 2 times (x 94B)
Class org.apache.groovy.util.concurrent.concurrentlinkedhashmap.ConcurrentLinkedHashMap$DiscardingListener: loaded 2 times (x 84B)
Class org.apache.groovy.parser.antlr4.GroovyParser$ScriptStatementsContext            : loaded 2 times (x 162B)
Class org.apache.groovy.parser.antlr4.GroovyParser$ForInitContext                     : loaded 2 times (x 160B)
Class org.apache.groovy.parser.antlr4.GroovyParser$ExclusiveOrExprAltContext          : loaded 2 times (x 164B)
Class org.apache.groovy.parser.antlr4.GroovyParser$QualifiedClassNameContext          : loaded 2 times (x 160B)
Class org.apache.groovy.parser.antlr4.GroovyParser$EnhancedStatementExpressionContext : loaded 2 times (x 160B)
Class org.codehaus.groovy.control.io.AbstractReaderSource                             : loaded 2 times (x 89B)
Class org.codehaus.groovy.tools.GroovyClass                                           : loaded 2 times (x 76B)
Class org.codehaus.groovy.ast.MixinNode                                               : loaded 2 times (x 244B)
Class org.codehaus.groovy.runtime.wrappers.Wrapper                                    : loaded 2 times (x 90B)
Class org.codehaus.groovy.control.CompilerConfiguration$1                             : loaded 2 times (x 124B)
Class org.codehaus.groovy.ast.stmt.LoopingStatement                                   : loaded 2 times (x 72B)
Class org.codehaus.groovy.runtime.metaclass.MetaMethodIndex                           : loaded 2 times (x 95B)
Class it.unimi.dsi.fastutil.objects.Object2IntMap                                     : loaded 2 times (x 72B)
Class kotlin.reflect.jvm.internal.impl.serialization.deserialization.descriptors.DeserializedMemberScope$OptimizedImplementation$properties$1: loaded 2 times (x 81B)
Class kotlin.reflect.jvm.internal.impl.load.java.JvmAnnotationNamesKt                 : loaded 2 times (x 73B)
Class kotlin.reflect.jvm.internal.impl.serialization.deserialization.MemberDeserializer$getAnnotations$1: loaded 2 times (x 81B)
Class org.jetbrains.kotlin.cli.common.repl.ReplCodeLine                               : loaded 2 times (x 74B)
Class com.android.ide.common.repository.AgpVersion$Companion                          : loaded 2 times (x 73B)
Class org.jetbrains.kotlin.incremental.storage.ExternalizersKt                        : loaded 2 times (x 73B)
Class com.android.prefs.AbstractAndroidLocations                                      : loaded 2 times (x 84B)
Class org.jetbrains.kotlin.inline.InlineFunction                                      : loaded 2 times (x 77B)
Class [Lorg.jetbrains.kotlin.build.report.metrics.BuildTimeMetric;                    : loaded 2 times (x 71B)
Class org.jetbrains.kotlin.daemon.common.CompilationOptions$Companion                 : loaded 2 times (x 73B)
Class org.jetbrains.kotlin.incremental.ClasspathChanges$ClasspathSnapshotEnabled$NotAvailableDueToMissingClasspathSnapshot: loaded 2 times (x 75B)
Class org.jetbrains.kotlin.daemon.common.DaemonOptions$mappers$18                     : loaded 2 times (x 143B)
Class org.jetbrains.kotlin.incremental.classpathDiff.MultifileClassKotlinClassSnapshot: loaded 2 times (x 78B)
Class org.jetbrains.kotlin.descriptors.DescriptorVisibilities$5                       : loaded 2 times (x 81B)
Class kotlinx.coroutines.internal.SystemPropsKt                                       : loaded 2 times (x 73B)
Class kotlin.coroutines.jvm.internal.ContinuationImpl                                 : loaded 2 times (x 89B)
Class kotlin.coroutines.jvm.internal.SuspendLambda                                    : loaded 2 times (x 93B)
Class it.unimi.dsi.fastutil.objects.ObjectSpliterator                                 : loaded 2 times (x 72B)
Class kotlin.collections.MapWithDefault                                               : loaded 2 times (x 72B)
Class [Lcom.android.resources.ResourceType;                                           : loaded 2 times (x 71B)
Class org.jetbrains.kotlin.statistics.metrics.NumberOverridePolicy$OVERRIDE$fromStringRepresentation$1: loaded 2 times (x 80B)
Class com.google.common.collect.ImmutableList$SerializedForm                          : loaded 2 times (x 75B)
Class org.jetbrains.kotlin.gradle.plugin.statistics.plugins.ObservablePlugins         : loaded 2 times (x 81B)
Class org.jetbrains.kotlin.gradle.plugin.sources.InternalKotlinSourceSetKt$awaitPlatformCompilations$1: loaded 2 times (x 89B)
Class [Lorg.jetbrains.kotlin.gradle.plugin.sources.KotlinDependencyScope;             : loaded 2 times (x 71B)
Class org.jetbrains.kotlin.gradle.tasks.configuration.BaseKotlinCompileConfig$configureCommonParameters$1: loaded 2 times (x 76B)
Class org.jetbrains.kotlin.gradle.plugin.mpp.compilationImpl.factory.ConfigurationNaming: loaded 2 times (x 72B)
Class org.jetbrains.kotlin.gradle.plugin.mpp.compilationImpl.DefaultKotlinCompilationPostConfigureKt: loaded 2 times (x 73B)
Class org.jetbrains.kotlin.konan.target.KonanTarget$WATCHOS_X64                       : loaded 2 times (x 80B)
Class org.jetbrains.kotlin.gradle.plugin.diagnostics.KotlinGradleProjectCheckersRunnerKt: loaded 2 times (x 73B)
Class [Lorg.jetbrains.kotlin.tooling.core.HasExtras;                                  : loaded 2 times (x 71B)
Class org.jetbrains.kotlin.gradle.plugin.diagnostics.checkers.IncorrectCompileOnlyDependenciesChecker: loaded 2 times (x 76B)
Class org.jetbrains.kotlin.gradle.plugin.diagnostics.checkers.WasmWasiEnvironmentChecker$2: loaded 2 times (x 80B)
Class org.jetbrains.kotlin.gradle.dsl.DefaultToolchainSupport$wireToolchainToTasks$1$1: loaded 2 times (x 77B)
Class org.jetbrains.kotlin.gradle.internal.IdeaKt$isInIdeaEnvironment$1               : loaded 2 times (x 76B)
Class org.jetbrains.kotlin.gradle.plugin.statistics.FusUtilKt                         : loaded 2 times (x 73B)
Class org.jetbrains.kotlin.gradle.utils.SingleActionPerProject                        : loaded 2 times (x 75B)
Class org.jetbrains.kotlin.gradle.plugin.DefaultKotlinBasePlugin                      : loaded 2 times (x 84B)
Class org.gradle.internal.Cast                                                        : loaded 2 times (x 73B)
Class org.gradle.api.Action                                                           : loaded 2 times (x 72B)
Class org.codehaus.groovy.reflection.stdclasses.NumberCachedClass                     : loaded 2 times (x 97B)
Class org.codehaus.groovy.reflection.stdclasses.CharacterCachedClass                  : loaded 2 times (x 97B)
Class com.android.tools.analytics.AnalyticsSettingsData$Companion                     : loaded 2 times (x 73B)
Class groovyjarjarasm.asm.Attribute                                                   : loaded 2 times (x 79B)
Class org.apache.groovy.util.concurrent.concurrentlinkedhashmap.EntryWeigher          : loaded 2 times (x 72B)
Class org.codehaus.groovy.runtime.dgmimpl.NumberNumberDiv                             : loaded 2 times (x 116B)
Class groovyjarjarantlr4.v4.runtime.tree.SyntaxTree                                   : loaded 2 times (x 72B)
Class org.codehaus.groovy.runtime.dgmimpl.arrays.BooleanArrayPutAtMetaMethod          : loaded 2 times (x 99B)
Class org.codehaus.groovy.ast.expr.ElvisOperatorExpression                            : loaded 2 times (x 132B)
Class org.codehaus.groovy.util.LockableObject                                         : loaded 2 times (x 80B)
Class com.android.ide.common.resources.configuration.ResourceQualifier                : loaded 2 times (x 90B)
Class it.unimi.dsi.fastutil.ints.IntArrays$ArrayHashStrategy                          : loaded 2 times (x 77B)
Class org.codehaus.groovy.runtime.RangeInfo                                           : loaded 2 times (x 73B)
Class org.codehaus.groovy.runtime.metaclass.MethodMetaProperty$GetMethodMetaProperty  : loaded 2 times (x 80B)
Class groovy.lang.MetaClassImpl$6                                                     : loaded 2 times (x 79B)
Class kotlin.reflect.jvm.internal.impl.name.ClassId$Companion                         : loaded 2 times (x 73B)
Class [Lorg.codehaus.groovy.control.CompilePhase;                                     : loaded 2 times (x 71B)
Class kotlinx.coroutines.CompletedExceptionally                                       : loaded 2 times (x 74B)
Class kotlin.coroutines.AbstractCoroutineContextKey                                   : loaded 2 times (x 74B)
Class org.jetbrains.kotlin.cli.common.messages.GradleStyleMessageRenderer             : loaded 2 times (x 80B)
Class com.android.ide.common.gradle.Version$Companion                                 : loaded 2 times (x 73B)
Class com.android.tools.lint.model.DefaultLintModelMavenName                          : loaded 2 times (x 87B)
Class org.apache.groovy.parser.antlr4.GroovyParser$VariableDeclaratorContext          : loaded 2 times (x 163B)
Class groovyjarjarantlr4.v4.runtime.atn.ATNDeserializer$3                             : loaded 2 times (x 73B)
Class org.apache.groovy.parser.antlr4.GroovyParser$FormalParametersContext            : loaded 2 times (x 161B)
Class org.jetbrains.kotlin.daemon.common.DaemonOptions$mappers$19                     : loaded 2 times (x 143B)
Class org.jetbrains.kotlin.daemon.client.KotlinCompilerClientKt                       : loaded 2 times (x 73B)
Class org.codehaus.groovy.classgen.asm.MethodCaller                                   : loaded 2 times (x 77B)
Class org.codehaus.groovy.classgen.asm.BytecodeHelper$PrimitiveTypeHandler            : loaded 2 times (x 81B)
Class kotlin.annotation.AnnotationRetention                                           : loaded 2 times (x 81B)
Class kotlin.reflect.jvm.internal.impl.descriptors.runtime.structure.ReflectJavaModifierListOwner$DefaultImpls: loaded 2 times (x 73B)
Class com.google.protobuf.ExtensionRegistry                                           : loaded 2 times (x 89B)
Class com.google.protobuf.Utf8$UnpairedSurrogateException                             : loaded 2 times (x 84B)
Class [Lcom.android.resources.WideGamutColor;                                         : loaded 2 times (x 71B)
Class com.google.common.cache.LocalCache$Strength$1                                   : loaded 2 times (x 83B)
Class org.objectweb.asm.ModuleVisitor                                                 : loaded 2 times (x 83B)
Class org.jetbrains.kotlin.gradle.dsl.KotlinSingleTargetExtension                     : loaded 2 times (x 126B)
Class com.google.common.io.Resources                                                  : loaded 2 times (x 73B)
Class org.jetbrains.kotlin.statistics.metrics.StatisticsValuesConsumer$DefaultImpls   : loaded 2 times (x 73B)
Class [Lorg.jetbrains.kotlin.gradle.plugin.mpp.KotlinUsageContext$MavenScope;         : loaded 2 times (x 71B)
Class org.jetbrains.kotlin.gradle.tasks.configuration.BaseKotlinCompileConfig$configureCommonParameters$2: loaded 2 times (x 77B)
Class org.jetbrains.kotlin.gradle.plugin.mpp.compilationImpl.KotlinCompilationCompilerOptionsFromTargetConfigurator: loaded 2 times (x 76B)
Class [Lorg.jetbrains.kotlin.gradle.plugin.mpp.compilationImpl.DefaultKotlinCompilationFriendPathsResolver$FriendArtifactResolver;: loaded 2 times (x 71B)
Class org.jetbrains.kotlin.gradle.utils.FailuresKt$ideaSyncClasspathModeUtil$1        : loaded 2 times (x 74B)
Class org.jetbrains.kotlin.gradle.artifacts.KotlinJsKlibArtifactKt                    : loaded 2 times (x 73B)
Class org.jetbrains.kotlin.gradle.dsl.KotlinTargetContainerWithWasmPresetFunctions    : loaded 2 times (x 72B)
Class org.jetbrains.kotlin.gradle.internal.IdeaKt$isInIdeaEnvironment$2               : loaded 2 times (x 76B)
Class org.jetbrains.kotlin.gradle.plugin.diagnostics.KotlinToolingDiagnosticsCollector$Inject: loaded 2 times (x 98B)
Class org.jetbrains.kotlin.gradle.plugin.GradleUtilsKt                                : loaded 2 times (x 73B)
Class org.jetbrains.kotlin.gradle.internal.properties.PropertiesBuildService          : loaded 2 times (x 78B)
Class org.jetbrains.kotlin.gradle.plugin.BuildFinishedListenerService$Companion$registerIfAbsent$1$1$1: loaded 2 times (x 77B)
Class org.objectweb.asm.Handler                                                       : loaded 2 times (x 74B)
Class com.google.common.base.Ticker                                                   : loaded 2 times (x 74B)
Class com.google.protobuf.WireFormat$JavaType                                         : loaded 2 times (x 81B)
Class com.google.protobuf.Utf8$SafeProcessor                                          : loaded 2 times (x 79B)
Class [Lcom.android.tools.analytics.Environment$EnvironmentVariable;                  : loaded 2 times (x 71B)
Class org.jetbrains.kotlin.gradle.plugin.VariantImplementationFactoriesConfigurator$Inject: loaded 2 times (x 98B)
Class org.jetbrains.kotlin.gradle.internal.properties.NativePropertiesLoader$kotlinNativeVersion$1: loaded 2 times (x 77B)
Class org.codehaus.groovy.ast.stmt.CaseStatement                                      : loaded 2 times (x 116B)
Class groovy.transform.Generated                                                      : loaded 2 times (x 72B)
Class org.jetbrains.kotlin.gradle.plugin.mpp.AbstractKotlinTarget                     : loaded 2 times (x 152B)
Class com.android.SdkConstants                                                        : loaded 2 times (x 73B)
Class kotlin.reflect.jvm.internal.KClassImpl$Data$$Lambda$10                          : loaded 2 times (x 78B)
Class kotlin.reflect.jvm.internal.KDeclarationContainerImpl$Data$$Lambda$0            : loaded 2 times (x 78B)
Class org.jetbrains.kotlin.gradle.plugin.diagnostics.checkers.WasmJsEnvironmentChecker$2: loaded 2 times (x 80B)
Class org.jetbrains.kotlin.gradle.plugin.KotlinPluginLifecycleKt                      : loaded 2 times (x 73B)
Class org.jetbrains.kotlin.gradle.targets.android.internal.InternalKotlinTargetPreset : loaded 2 times (x 72B)
Class kotlin.KotlinNothingValueException                                              : loaded 2 times (x 84B)
Class org.jetbrains.kotlin.buildtools.internal.CompilationServiceImplKt$WhenMappings  : loaded 2 times (x 73B)
Class org.jetbrains.kotlin.gradle.targets.js.npm.DefaultPeerNpmDependencyExtension    : loaded 2 times (x 142B)
Class kotlin.concurrent.ThreadsKt$thread$thread$1                                     : loaded 2 times (x 114B)
Class org.jetbrains.kotlin.konan.target.KonanTarget$TVOS_ARM64                        : loaded 2 times (x 80B)
Class org.jetbrains.kotlin.gradle.plugin.diagnostics.checkers.ComposePluginSuggestApplyChecker$runChecks$1: loaded 2 times (x 89B)
Class org.jetbrains.kotlin.gradle.tasks.KotlinCompile$ScriptFilterSpec                : loaded 2 times (x 77B)
Class org.jetbrains.kotlin.gradle.tasks.configuration.BaseKotlinCompileConfig$2$1$1$1 : loaded 2 times (x 76B)
Class com.google.common.reflect.TypeResolver                                          : loaded 2 times (x 74B)
Class com.google.common.reflect.Types$ClassOwnership$2                                : loaded 2 times (x 82B)
Class build_dmzt9rhu6sahlru3fk7du8x0b$_run_closure1                                   : loaded 2 times (x 140B)
Class org.jetbrains.kotlin.daemon.common.NetworkUtilsKt                               : loaded 2 times (x 73B)
Class kotlin.reflect.jvm.internal.KCallableImpl$_typeParameters$1                     : loaded 2 times (x 81B)
Class kotlin.reflect.jvm.internal.pcollections.MapEntry                               : loaded 2 times (x 74B)
Class org.jetbrains.kotlin.buildtools.internal.arguments.CommonCompilerArgumentsImpl$Companion: loaded 2 times (x 73B)
Class org.jetbrains.kotlin.buildtools.internal.jvm.JvmPlatformToolchainImpl           : loaded 2 times (x 80B)
Class org.jetbrains.kotlin.incremental.ClasspathChanges$ClasspathSnapshotEnabled$IncrementalRun$ToBeComputedByIncrementalCompiler: loaded 2 times (x 75B)
Class build_cg9lxzi6yzmuzbfd6b0x45odh$_run_closure1                                   : loaded 2 times (x 140B)
Class com.google.common.collect.ImmutableSortedSet$Builder                            : loaded 2 times (x 87B)
Class com.google.common.cache.RemovalCause$1                                          : loaded 2 times (x 82B)
Class org.jetbrains.kotlin.gradle.tasks.KotlinCompile$javaSources$1                   : loaded 2 times (x 77B)
Class org.jetbrains.kotlin.gradle.plugin.KotlinTarget$DefaultImpls                    : loaded 2 times (x 73B)
Class org.jetbrains.kotlin.gradle.plugin.mpp.compilationImpl.KotlinCreateCompilationArchiveTaskKt: loaded 2 times (x 73B)
Class org.jetbrains.kotlin.tooling.core.MutableExtrasImpl                             : loaded 2 times (x 167B)
Class org.jetbrains.kotlin.gradle.plugin.diagnostics.KotlinToolingDiagnosticsCollector: loaded 2 times (x 78B)
Class org.jetbrains.kotlin.gradle.plugin.statistics.KotlinBuildStatsMXBean            : loaded 2 times (x 72B)
Class org.jetbrains.kotlin.gradle.utils.FileUtilsKt                                   : loaded 2 times (x 73B)
Class [Lcom.google.common.cache.LocalCache$Segment;                                   : loaded 2 times (x 71B)
Class [Lcom.google.common.cache.LocalCache$Strength;                                  : loaded 2 times (x 71B)
Class com.google.common.cache.CacheBuilder$1                                          : loaded 2 times (x 87B)
Class org.gradle.internal.classpath.DefaultClassPath$ImmutableUniqueList$Builder      : loaded 2 times (x 77B)
Class com.google.common.collect.RowSortedTable                                        : loaded 2 times (x 72B)
Class com.android.resources.GrammaticalGender                                         : loaded 2 times (x 88B)
Class com.android.ide.common.resources.configuration.DensityQualifier                 : loaded 2 times (x 91B)
Class org.jetbrains.kotlin.descriptors.DescriptorVisibilities$4                       : loaded 2 times (x 81B)
Class org.codehaus.groovy.transform.stc.AbstractExtensionMethodCache                  : loaded 2 times (x 78B)
Class org.apache.groovy.parser.antlr4.GroovyParser$FieldDeclarationContext            : loaded 2 times (x 159B)
Class org.apache.groovy.parser.antlr4.GroovyParser$ClassBodyContext                   : loaded 2 times (x 168B)
Class groovyjarjarantlr4.v4.runtime.atn.RangeTransition                               : loaded 2 times (x 78B)
Class org.apache.groovy.parser.antlr4.GroovyParser$VariableDeclarationContext         : loaded 2 times (x 166B)
Class org.codehaus.groovy.classgen.GeneratorContext                                   : loaded 2 times (x 79B)
Class kotlinx.coroutines.IncompleteStateBox                                           : loaded 2 times (x 74B)
Class org.codehaus.groovy.ast.stmt.BreakStatement                                     : loaded 2 times (x 113B)
Class org.codehaus.groovy.runtime.metaclass.NewInstanceMetaMethod                     : loaded 2 times (x 101B)
Class groovy.io.GroovyPrintWriter                                                     : loaded 2 times (x 130B)
Class org.codehaus.groovy.ast.expr.PropertyExpression                                 : loaded 2 times (x 141B)
Class [Lgroovy.lang.MetaObjectProtocol;                                               : loaded 2 times (x 71B)
Class org.codehaus.groovy.util.ReferenceManager                                       : loaded 2 times (x 78B)
Class org.codehaus.groovy.reflection.stdclasses.FloatCachedClass                      : loaded 2 times (x 97B)
Class it.unimi.dsi.fastutil.longs.LongIterable                                        : loaded 2 times (x 72B)
Class org.jetbrains.kotlin.utils.exceptions.KotlinExceptionWithAttachments            : loaded 2 times (x 72B)
Class kotlin.reflect.jvm.internal.KClassImpl$Data$$Lambda$11                          : loaded 2 times (x 78B)
Class groovy.lang.MetaClassImpl$5                                                     : loaded 2 times (x 79B)
Class groovyjarjarantlr4.v4.runtime.atn.ATNDeserializer$2                             : loaded 2 times (x 77B)
Class kotlinx.coroutines.CoroutineStart                                               : loaded 2 times (x 81B)
Class groovyjarjarantlr4.v4.runtime.misc.Utils                                        : loaded 2 times (x 73B)
Class [Lcom.android.prefs.LocationValue;                                              : loaded 2 times (x 71B)
Class org.codehaus.groovy.classgen.Verifier$SwapInitStatement                         : loaded 2 times (x 114B)
Class org.jetbrains.kotlin.incremental.classpathDiff.PackageFacadeKotlinClassSnapshot : loaded 2 times (x 78B)
Class org.jetbrains.kotlin.incremental.classpathDiff.ClassSnapshotExternalizer        : loaded 2 times (x 78B)
Class org.jetbrains.kotlin.incremental.classpathDiff.impl.ClassListSnapshotterWithInlinedClassSupport: loaded 2 times (x 77B)
Class org.jetbrains.kotlin.daemon.client.CompositeErrorReportingOutputListener        : loaded 2 times (x 78B)
Class com.android.tools.analytics.AnalyticsSettingsData                               : loaded 2 times (x 74B)
Class org.jetbrains.kotlin.daemon.common.LoopbackNetworkInterface                     : loaded 2 times (x 73B)
Class com.google.protobuf.UnsafeUtil$Android64MemoryAccessor                          : loaded 2 times (x 93B)
Class org.gradle.internal.service.UnknownServiceException                             : loaded 2 times (x 85B)
Class com.google.common.cache.LocalCache$LocalLoadingCache                            : loaded 2 times (x 136B)
Class [Lorg.objectweb.asm.AnnotationVisitor;                                          : loaded 2 times (x 71B)
Class kotlin.reflect.jvm.internal.KProperty1Impl$_getter$1                            : loaded 2 times (x 81B)
Class com.google.common.cache.RemovalCause$2                                          : loaded 2 times (x 82B)
Class org.jetbrains.kotlin.gradle.plugin.PropertiesProvider$propertyWithValueReporting$1: loaded 2 times (x 77B)
Class org.jetbrains.kotlin.gradle.plugin.mpp.KotlinCompilationFactory$DefaultImpls    : loaded 2 times (x 73B)
Class com.google.gson.stream.JsonToken                                                : loaded 2 times (x 81B)
Class com.google.common.collect.AbstractRangeSet                                      : loaded 2 times (x 116B)
Class org.jetbrains.kotlin.gradle.plugin.diagnostics.checkers.InternalGradlePropertiesUsageChecker: loaded 2 times (x 76B)
Class org.jetbrains.kotlin.gradle.plugin.mpp.compilationImpl.CreateCInteropTasksSideEffectKt: loaded 2 times (x 73B)
Class org.jetbrains.kotlin.gradle.testing.internal.KotlinTestsRegistry$Companion      : loaded 2 times (x 73B)
Class org.jetbrains.kotlin.gradle.dsl.KotlinCommonCompilerToolOptions                 : loaded 2 times (x 72B)
Class org.jetbrains.kotlin.gradle.internal.properties.PropertiesBuildService$Companion$registerIfAbsent$1: loaded 2 times (x 77B)
Class org.jetbrains.kotlin.gradle.plugin.internal.DefaultConfigurationCacheStartParameterAccessorVariantFactory: loaded 2 times (x 78B)
Class com.google.common.cache.LocalCache                                              : loaded 2 times (x 188B)
Class com.google.common.cache.CacheBuilder$2                                          : loaded 2 times (x 81B)
Class org.jetbrains.kotlin.gradle.internal.properties.PropertiesBuildService$NullableBooleanGradleProperty: loaded 2 times (x 78B)
Class com.google.protobuf.DescriptorProtos$MessageOptions$1                           : loaded 2 times (x 153B)
Class com.google.protobuf.DescriptorProtos$UninterpretedOptionOrBuilder               : loaded 2 times (x 72B)
Class com.google.protobuf.DescriptorProtos$DescriptorProto$ReservedRange              : loaded 2 times (x 199B)
Class com.google.gson.TypeAdapter$1                                                   : loaded 2 times (x 76B)
Class org.jetbrains.kotlin.gradle.plugin.statistics.FlowActionBuildFusService         : loaded 2 times (x 86B)
Class org.jetbrains.kotlin.gradle.plugin.statistics.BuildFinishBuildService$Parameters$Inject: loaded 2 times (x 116B)
Class org.apache.groovy.parser.antlr4.GroovyParser$PrimitiveTypeContext               : loaded 2 times (x 159B)
Class org.apache.groovy.parser.antlr4.GroovyParser$ReturnStmtAltContext               : loaded 2 times (x 161B)
Class org.codehaus.groovy.runtime.ProcessGroovyMethods                                : loaded 2 times (x 73B)
Class org.codehaus.groovy.util.ComplexKeyHashMap                                      : loaded 2 times (x 81B)
Class org.codehaus.groovy.util.Reference                                              : loaded 2 times (x 72B)
Class org.codehaus.groovy.reflection.stdclasses.CachedSAMClass                        : loaded 2 times (x 97B)
Class it.unimi.dsi.fastutil.objects.AbstractObject2IntFunction                        : loaded 2 times (x 121B)
Class [Lorg.jetbrains.kotlin.konan.target.Family;                                     : loaded 2 times (x 71B)
Class org.jetbrains.kotlin.gradle.targets.js.npm.NpmDependencyExtensionKt$AddNpmDependencyExtensionProjectSetupAction$1: loaded 2 times (x 76B)
Class org.jetbrains.kotlin.gradle.plugin.diagnostics.checkers.WasmJsEnvironmentChecker$1: loaded 2 times (x 80B)
Class org.jetbrains.kotlin.gradle.dsl.AndroidMainSourceSetConventionsChecker          : loaded 2 times (x 76B)
Class org.jetbrains.kotlin.gradle.targets.js.npm.PeerNpmDependencyExtension           : loaded 2 times (x 72B)
Class org.jetbrains.kotlin.gradle.plugin.diagnostics.checkers.UnusedSourceSetsChecker$runChecks$1: loaded 2 times (x 89B)
Class kotlin.reflect.jvm.internal.KClassImpl$Data$$Lambda$12                          : loaded 2 times (x 78B)
Class org.jetbrains.kotlin.konan.target.HostManager$targetValues$2                    : loaded 2 times (x 80B)
Class kotlinx.coroutines.CoroutineId                                                  : loaded 2 times (x 95B)
Class org.jetbrains.kotlin.gradle.tasks.CacheableTasksKt                              : loaded 2 times (x 73B)
Class org.jetbrains.kotlin.gradle.tasks.KotlinJvmCompile$DefaultImpls                 : loaded 2 times (x 73B)
Class org.jetbrains.kotlin.gradle.plugin.diagnostics.CheckKotlinGradlePluginConfigurationErrors$Companion: loaded 2 times (x 73B)
Class org.jetbrains.kotlin.incremental.classpathDiff.impl.BasicClassInfo$Companion    : loaded 2 times (x 73B)
Class org.jetbrains.kotlin.incremental.classpathDiff.impl.ClassMultiHashProvider      : loaded 2 times (x 72B)
Class org.jetbrains.kotlin.daemon.client.DaemonGcAutoConfigurationProblemsListener    : loaded 2 times (x 78B)
Class [Lkotlin.reflect.KMutableProperty1;                                             : loaded 2 times (x 71B)
Class org.jetbrains.kotlin.buildtools.internal.DaemonExecutionPolicyImpl$Companion    : loaded 2 times (x 73B)
Class kotlin.reflect.jvm.internal.impl.descriptors.runtime.structure.ReflectJavaClass$innerClassNames$1: loaded 2 times (x 80B)
Class org.jetbrains.kotlin.gradle.plugin.statistics.ExecutedTaskMetrics               : loaded 2 times (x 73B)
Class org.jetbrains.kotlin.gradle.plugin.statistics.BuildFinishMetrics$reportBuildFinished$1: loaded 2 times (x 81B)
Class com.google.common.reflect.Types$ClassOwnership$1                                : loaded 2 times (x 82B)
Class kotlin.reflect.jvm.internal.impl.metadata.jvm.deserialization.JvmMetadataVersion: loaded 2 times (x 74B)
Class kotlin.reflect.jvm.internal.KTypeImpl$arguments$2                               : loaded 2 times (x 81B)
Class org.jetbrains.kotlin.descriptors.DescriptorVisibilities$3                       : loaded 2 times (x 81B)
Class kotlinx.coroutines.ParentJob                                                    : loaded 2 times (x 72B)
Class kotlin.reflect.jvm.internal.impl.renderer.DescriptorRendererOptionsImpl$defaultParameterValueRenderer$2: loaded 2 times (x 80B)
Class kotlinx.coroutines.JobNode                                                      : loaded 2 times (x 88B)
Class kotlin.reflect.jvm.internal.KProperty1Impl$$Lambda$1                            : loaded 2 times (x 78B)
Class kotlin.reflect.jvm.internal.KClassImpl$Data$typeParameters$2                    : loaded 2 times (x 81B)
Class kotlin.reflect.jvm.internal.ReflectProperties$LazyVal                           : loaded 2 times (x 77B)
Class Build_gradle$inlined$sam$i$org_gradle_api_Action$0                              : loaded 2 times (x 77B)
Class org.jetbrains.kotlin.gradle.plugin.statistics.BuildFinishBuildService$Companion$collectAllFusReportsIntoOne$2$1: loaded 2 times (x 81B)
Class com.google.common.cache.RemovalCause$3                                          : loaded 2 times (x 82B)
Class org.jetbrains.kotlin.build.report.metrics.BuildPerformanceMetrics$Companion     : loaded 2 times (x 73B)
Class org.jetbrains.kotlin.gradle.plugin.mpp.compilationImpl.DefaultKotlinCompilationSourceSetsContainer$source$1: loaded 2 times (x 81B)
Class org.jetbrains.kotlin.gradle.internal.KotlinTestDependencyManagementKt           : loaded 2 times (x 73B)
Class [Lorg.jetbrains.kotlin.gradle.plugin.sources.ConsistencyCheck;                  : loaded 2 times (x 71B)
Class org.jetbrains.kotlin.konan.target.KonanTarget$ANDROID_X64                       : loaded 2 times (x 80B)
Class org.jetbrains.kotlin.gradle.plugin.statistics.FlowActionBuildFusService$Companion: loaded 2 times (x 73B)
Class org.jetbrains.kotlin.gradle.report.ReportingSettings                            : loaded 2 times (x 74B)
Class org.jetbrains.kotlin.statistics.metrics.StringAnonymizationPolicy$ComponentVersionAnonymizer: loaded 2 times (x 80B)
Class org.jetbrains.kotlin.gradle.plugin.KotlinBasePluginWrapper                      : loaded 2 times (x 88B)
Class com.google.common.cache.CacheBuilder$3                                          : loaded 2 times (x 74B)
Class org.gradle.api.GradleException                                                  : loaded 2 times (x 84B)
Class org.codehaus.groovy.reflection.stdclasses.CachedClosureClass                    : loaded 2 times (x 99B)
Class com.google.common.collect.HashBasedTable                                        : loaded 2 times (x 126B)
Class com.android.ide.common.resources.ResourceMergerItem$1                           : loaded 2 times (x 127B)
Class [Lcom.android.resources.LayoutDirection;                                        : loaded 2 times (x 71B)
Class com.google.protobuf.DescriptorProtos$DescriptorProto$ExtensionRange             : loaded 2 times (x 202B)
Class [Lcom.google.protobuf.Descriptors$FileDescriptor;                               : loaded 2 times (x 71B)
Class groovyjarjarasm.asm.Label                                                       : loaded 2 times (x 75B)
Class org.codehaus.groovy.classgen.asm.OptimizingStatementWriter$OptimizeFlagsCollector: loaded 2 times (x 80B)
Class org.codehaus.groovy.classgen.ClassCompletionVerifier                            : loaded 2 times (x 215B)
Class org.apache.groovy.parser.antlr4.GroovyParser$EnhancedForControlContext          : loaded 2 times (x 164B)
Class org.apache.groovy.parser.antlr4.GroovyParser$TypeArgumentsContext               : loaded 2 times (x 166B)
Class org.apache.groovy.parser.antlr4.GroovyParser$DimContext                         : loaded 2 times (x 162B)
Class groovyjarjarantlr4.v4.runtime.Token                                             : loaded 2 times (x 72B)
Class org.codehaus.groovy.ast.expr.SpreadExpression                                   : loaded 2 times (x 130B)
Class org.codehaus.groovy.vmplugin.v9.ClassFinder$1                                   : loaded 2 times (x 86B)
Class groovy.lang.SpreadMapEvaluatingException                                        : loaded 2 times (x 89B)
Class org.codehaus.groovy.runtime.m12n.ExtensionModuleRegistry                        : loaded 2 times (x 79B)
Class org.codehaus.groovy.reflection.GeneratedMetaMethod$Proxy                        : loaded 2 times (x 98B)
Class groovy.lang.MetaClassRegistry                                                   : loaded 2 times (x 72B)
Class com.android.ide.common.resources.configuration.FolderConfiguration              : loaded 2 times (x 77B)
Class org.codehaus.groovy.runtime.SocketGroovyMethods                                 : loaded 2 times (x 73B)
Class groovy.lang.MetaClassImpl$4                                                     : loaded 2 times (x 79B)
Class org.codehaus.groovy.ast.expr.BooleanExpression                                  : loaded 2 times (x 130B)
Class kotlin.reflect.jvm.internal.KClassImpl$Data$$Lambda$13                          : loaded 2 times (x 78B)
Class org.codehaus.groovy.ast.CompileUnit                                             : loaded 2 times (x 113B)
Class com.android.ide.common.gradle.Version                                           : loaded 2 times (x 77B)
Class org.apache.groovy.parser.antlr4.GroovyParser$AnnotationContext                  : loaded 2 times (x 164B)
Class org.apache.groovy.parser.antlr4.GroovyParser$ClosureOrLambdaExpressionContext   : loaded 2 times (x 160B)
Class org.jetbrains.kotlin.incremental.PackagePartProtoData                           : loaded 2 times (x 74B)
Class org.jetbrains.org.objectweb.asm.SymbolTable$Entry                               : loaded 2 times (x 75B)
Class org.jetbrains.kotlin.daemon.common.StringPropMapper$3                           : loaded 2 times (x 131B)
Class kotlin.reflect.jvm.internal.KPropertyImpl$Getter$descriptor$2                   : loaded 2 times (x 81B)
Class kotlin.reflect.jvm.internal.impl.descriptors.runtime.structure.ReflectJavaClass$innerClassNames$2: loaded 2 times (x 80B)
Class org.codehaus.groovy.ast.expr.NamedArgumentListExpression                        : loaded 2 times (x 133B)
Class org.apache.groovy.parser.antlr4.GroovyParser$TypeNamePairContext                : loaded 2 times (x 160B)
Class org.apache.groovy.parser.antlr4.GroovyParser$CastExprAltContext                 : loaded 2 times (x 161B)
Class groovyjarjarantlr4.v4.runtime.atn.ATNDeserializer$1                             : loaded 2 times (x 77B)
Class groovyjarjarantlr4.v4.runtime.misc.IntegerStack                                 : loaded 2 times (x 74B)
Class org.codehaus.groovy.classgen.Verifier$SwapInitStatement$SwapInitInstruction     : loaded 2 times (x 75B)
Class kotlin.reflect.jvm.internal.impl.renderer.DescriptorRendererImpl$functionTypeAnnotationsRenderer$2: loaded 2 times (x 81B)
Class groovyjarjarasm.asm.ModuleWriter                                                : loaded 2 times (x 83B)
Class [Lcom.google.protobuf.Descriptors$ServiceDescriptor;                            : loaded 2 times (x 71B)
Class build_1hts65v4zhrrud5ci62yryu2c                                                 : loaded 2 times (x 174B)
Class org.apache.commons.io.StandardLineSeparator                                     : loaded 2 times (x 81B)
Class org.jetbrains.kotlin.statistics.metrics.MetricPoliciesKt                        : loaded 2 times (x 73B)
Class com.google.common.cache.RemovalCause$4                                          : loaded 2 times (x 82B)
Class org.jetbrains.kotlin.gradle.plugin.statistics.NonSynchronizedMetricsContainer$MetricDescriptor: loaded 2 times (x 77B)
Class com.google.common.base.Suppliers$MemoizingSupplier                              : loaded 2 times (x 81B)
Class org.jetbrains.kotlin.gradle.plugin.diagnostics.KotlinToolingDiagnostics$JsEnvironmentNotChosenExplicitly: loaded 2 times (x 75B)
Class org.jetbrains.kotlin.gradle.plugin.ProjectLocalConfigurations$ProjectLocalCompatibility: loaded 2 times (x 78B)
Class org.jetbrains.kotlin.gradle.dsl.JvmDefaultMode                                  : loaded 2 times (x 81B)
Class org.jetbrains.kotlin.gradle.dsl.KotlinJvmCompilerOptions                        : loaded 2 times (x 72B)
Class org.jetbrains.kotlin.gradle.plugin.internal.DefaultMavenPublicationComponentAccessor: loaded 2 times (x 77B)
Class org.jetbrains.kotlin.gradle.plugin.statistics.BuildFinishBuildService           : loaded 2 times (x 86B)
Class org.jetbrains.kotlin.gradle.plugin.internal.DefaultProjectIsolationStartParameterAccessor$Factory: loaded 2 times (x 78B)
Class com.google.common.collect.AbstractTable$CellSet                                 : loaded 2 times (x 138B)
Class com.android.ide.common.resources.ResourceMergerItem$2                           : loaded 2 times (x 121B)
Class com.android.ide.common.resources.ResourceItem                                   : loaded 2 times (x 72B)
Class com.android.resources.FolderTypeRelationship                                    : loaded 2 times (x 73B)
Class com.google.protobuf.TextFormat$InvalidEscapeSequenceException                   : loaded 2 times (x 84B)
Class com.google.protobuf.Internal$EnumLiteMap                                        : loaded 2 times (x 72B)
Class groovyjarjarasm.asm.Edge                                                        : loaded 2 times (x 74B)
Class groovyjarjarasm.asm.Frame                                                       : loaded 2 times (x 75B)
Class groovyjarjarantlr4.v4.runtime.atn.SimulatorState                                : loaded 2 times (x 74B)
Class org.apache.groovy.parser.antlr4.GroovyParser$NonWildcardTypeArgumentsContext    : loaded 2 times (x 163B)
Class org.apache.groovy.parser.antlr4.GroovyParser$VariableInitializersContext        : loaded 2 times (x 164B)
Class groovyjarjarantlr4.v4.runtime.atn.ATNType                                       : loaded 2 times (x 81B)
Class groovyjarjarantlr4.v4.runtime.CodePointCharStream$1                             : loaded 2 times (x 73B)
Class org.apache.groovy.parser.antlr4.GroovyParser$AndExprAltContext                  : loaded 2 times (x 164B)
Class com.android.ide.common.resources.configuration.SmallestScreenWidthQualifier     : loaded 2 times (x 90B)
Class org.codehaus.groovy.ast.AnnotationNode                                          : loaded 2 times (x 120B)
Class org.codehaus.groovy.ast.stmt.SwitchStatement                                    : loaded 2 times (x 119B)
Class org.codehaus.groovy.runtime.GroovyCategorySupport                               : loaded 2 times (x 73B)
Class org.codehaus.groovy.runtime.metaclass.NewMetaMethod                             : loaded 2 times (x 101B)
Class org.codehaus.groovy.reflection.stdclasses.DoubleCachedClass                     : loaded 2 times (x 97B)
Class org.gradle.api.internal.ClassPathProvider                                       : loaded 2 times (x 72B)
Class [Lorg.gradle.api.internal.ClassPathProvider;                                    : loaded 2 times (x 71B)
Class kotlin.reflect.jvm.internal.KClassImpl$Data$$Lambda$14                          : loaded 2 times (x 78B)
Class org.jetbrains.kotlin.gradle.plugin.VariantImplementationFactories$Companion$getProvider$2$1: loaded 2 times (x 81B)
Class kotlinx.coroutines.Unconfined                                                   : loaded 2 times (x 102B)
Class kotlinx.coroutines.GlobalScope                                                  : loaded 2 times (x 76B)
Class org.jetbrains.kotlin.statistics.metrics.NumericalMetrics                        : loaded 2 times (x 81B)
Class org.jetbrains.kotlin.gradle.plugin.mpp.SyncLanguageSettingsWithKotlinExtensionSetupActionKt: loaded 2 times (x 73B)
Class org.jetbrains.kotlin.gradle.targets.CreateDefaultCompilationsSideEffectKt       : loaded 2 times (x 73B)
Class org.jetbrains.kotlin.gradle.plugin.diagnostics.checkers.KotlinSourceSetTreeDependsOnMismatchChecker: loaded 2 times (x 76B)
Class org.jetbrains.kotlin.incremental.classpathDiff.ClasspathEntrySnapshotExternalizer: loaded 2 times (x 77B)
Class org.jetbrains.kotlin.daemon.common.ReportSeverity$Companion                     : loaded 2 times (x 73B)
Class org.jetbrains.kotlin.daemon.common.DaemonWithMetadata                           : loaded 2 times (x 74B)
Class org.jetbrains.kotlin.daemon.common.LoopbackNetworkInterface$AbstractClientLoopbackSocketFactory: loaded 2 times (x 74B)
Class org.jetbrains.kotlin.daemon.common.InitialClientInformation                     : loaded 2 times (x 77B)
Class org.jetbrains.kotlin.gradle.dsl.PlatformSourceSetConventionsChecker             : loaded 2 times (x 76B)
Class org.jetbrains.kotlin.gradle.plugin.KotlinPluginLifecycleCoroutineContextElement : loaded 2 times (x 86B)
Class org.jetbrains.kotlin.gradle.tasks.abi.AbiToolsTask                              : loaded 2 times (x 320B)
Class org.jetbrains.kotlin.gradle.tasks.configuration.KaptGenerateStubsConfig$Companion$wireJavaAndKotlinOutputs$1: loaded 2 times (x 81B)
Class com.google.common.collect.Maps$ViewCachingAbstractMap                           : loaded 2 times (x 127B)
Class com.google.common.collect.NaturalOrdering                                       : loaded 2 times (x 117B)
Class kotlin.reflect.jvm.internal.impl.serialization.deserialization.descriptors.DeserializedClassDescriptor$DeserializedClassTypeConstructor$parameters$1: loaded 2 times (x 81B)
Class [Lcom.google.common.base.Function;                                              : loaded 2 times (x 71B)
Class org.jetbrains.kotlin.statistics.metrics.OverrideMetricContainer                 : loaded 2 times (x 82B)
Class kotlin.reflect.jvm.internal.impl.builtins.PrimitiveType$arrayTypeFqName$2       : loaded 2 times (x 81B)
Class kotlin.reflect.jvm.internal.impl.load.java.lazy.descriptors.LazyJavaScope$functions$1: loaded 2 times (x 81B)
Class kotlin.reflect.jvm.internal.impl.load.java.lazy.LazyJavaTypeParameterResolver$resolve$1: loaded 2 times (x 81B)
Class kotlin.reflect.jvm.internal.impl.load.java.lazy.descriptors.LazyJavaClassMemberScope$nestedClassIndex$1: loaded 2 times (x 81B)
Class kotlin.reflect.jvm.internal.impl.types.ErrorType                                : loaded 2 times (x 93B)
Class [Lorg.jetbrains.kotlin.daemon.common.ReportCategory;                            : loaded 2 times (x 71B)
Class org.jetbrains.kotlin.incremental.classpathDiff.impl.ClassListSnapshotter        : loaded 2 times (x 72B)
Class org.jetbrains.kotlin.descriptors.DescriptorVisibilities$2                       : loaded 2 times (x 81B)
Class org.jetbrains.kotlin.incremental.BuildUtilKt                                    : loaded 2 times (x 73B)
Class kotlin.reflect.jvm.internal.KPropertyImpl$_descriptor$1                         : loaded 2 times (x 81B)
Class com.google.common.cache.RemovalCause$5                                          : loaded 2 times (x 82B)
Class com.google.common.collect.Maps$AbstractFilteredMap                              : loaded 2 times (x 129B)
Class org.jetbrains.kotlin.buildtools.api.SourcesChanges                              : loaded 2 times (x 72B)
Class org.jetbrains.kotlin.gradle.plugin.KotlinPluginLifecycleImpl$launch$1           : loaded 2 times (x 81B)
Class org.jetbrains.kotlin.gradle.plugin.diagnostics.checkers.GradleDeprecatedPropertyChecker$DeprecatedProperty: loaded 2 times (x 74B)
Class org.jetbrains.kotlin.gradle.utils.Completable                                   : loaded 2 times (x 74B)
Class org.jetbrains.kotlin.konan.target.HostManager$Companion$targetAliases$2         : loaded 2 times (x 80B)
Class org.jetbrains.kotlin.gradle.plugin.DefaultKotlinBasePlugin$addKotlinCompilerConfiguration$2$1: loaded 2 times (x 77B)
Class org.jetbrains.kotlin.gradle.plugin.statistics.KotlinBuildStatsServicesRegistry$Companion: loaded 2 times (x 73B)
Class org.jetbrains.kotlin.gradle.plugin.internal.DefaultCompatibilityConventionRegistrar$Factory: loaded 2 times (x 78B)
Class com.android.resources.NightMode                                                 : loaded 2 times (x 88B)
Class [Lcom.android.resources.UiMode;                                                 : loaded 2 times (x 71B)
Class com.google.protobuf.DescriptorProtos$EnumOptions                                : loaded 2 times (x 255B)
Class com.google.protobuf.LazyStringList                                              : loaded 2 times (x 72B)
Class it.unimi.dsi.fastutil.ints.IntIterable                                          : loaded 2 times (x 72B)
Class org.codehaus.groovy.control.OptimizerVisitor                                    : loaded 2 times (x 219B)
Class it.unimi.dsi.fastutil.ints.IntSet                                               : loaded 2 times (x 72B)
Class groovyjarjarantlr4.v4.runtime.atn.Transition$1                                  : loaded 2 times (x 135B)
Class groovyjarjarantlr4.v4.runtime.atn.StarBlockStartState                           : loaded 2 times (x 92B)
Class groovyjarjarantlr4.v4.runtime.atn.AtomTransition                                : loaded 2 times (x 78B)
Class org.apache.groovy.parser.antlr4.GroovyParser$BooleanLiteralAltContext           : loaded 2 times (x 160B)
Class groovyjarjarantlr4.v4.runtime.tree.AbstractParseTreeVisitor                     : loaded 2 times (x 86B)
Class org.codehaus.groovy.runtime.metaclass.DefaultMetaClassInfo$ConstantMetaClassVersioning: loaded 2 times (x 74B)
Class groovy.lang.MetaBeanProperty                                                    : loaded 2 times (x 85B)
Class org.codehaus.groovy.runtime.DefaultGroovyMethods$1                              : loaded 2 times (x 80B)
Class org.codehaus.groovy.runtime.GeneratedClosure                                    : loaded 2 times (x 72B)
Class kotlin.sequences.SequencesKt___SequencesKt$asIterable$$inlined$Iterable$1       : loaded 2 times (x 81B)
Class [Lkotlin.time.DurationUnit;                                                     : loaded 2 times (x 71B)
Class kotlin.coroutines.ContinuationInterceptor$DefaultImpls                          : loaded 2 times (x 73B)
Class kotlin.reflect.jvm.internal.KProperty1Impl$$Lambda$0                            : loaded 2 times (x 78B)
Class kotlin.reflect.jvm.internal.KClassImpl$Data$$Lambda$15                          : loaded 2 times (x 78B)
Class kotlin.sequences.SequenceScope                                                  : loaded 2 times (x 75B)
Class groovy.lang.MetaClassImpl$3                                                     : loaded 2 times (x 79B)
Class kotlinx.coroutines.AbstractCoroutine                                            : loaded 2 times (x 145B)
Class it.unimi.dsi.fastutil.objects.ObjectSet                                         : loaded 2 times (x 72B)
Class com.android.tools.lint.model.DefaultLintModelSourceProvider                     : loaded 2 times (x 85B)
Class org.apache.groovy.parser.antlr4.GroovyParser$VariableInitializerContext         : loaded 2 times (x 159B)
Class [Lcom.android.prefs.VariableType;                                               : loaded 2 times (x 71B)
Class [Lorg.jetbrains.org.objectweb.asm.Symbol;                                       : loaded 2 times (x 71B)
Class org.jetbrains.kotlin.buildtools.internal.jvm.operations.JvmClasspathSnapshottingOperationImpl$Option: loaded 2 times (x 74B)
Class com.google.common.collect.LinkedHashMultimapGwtSerializationDependencies        : loaded 2 times (x 175B)
Class kotlin.reflect.jvm.internal.impl.descriptors.runtime.structure.ReflectJavaAnnotationOwner$DefaultImpls: loaded 2 times (x 73B)
Class groovyjarjarantlr4.v4.runtime.atn.PlusBlockStartState                           : loaded 2 times (x 92B)
Class kotlin.reflect.jvm.internal.impl.load.java.lazy.descriptors.LazyJavaScope$properties$1: loaded 2 times (x 81B)
Class org.apache.groovy.parser.antlr4.GroovyParser$MapEntryListContext                : loaded 2 times (x 162B)
Class org.apache.groovy.parser.antlr4.GroovyParser$LocalVariableDeclarationStmtAltContext: loaded 2 times (x 160B)
Class org.codehaus.groovy.classgen.FinalVariableAnalyzer                              : loaded 2 times (x 215B)
Class com.google.common.cache.LocalCache$WriteThroughEntry                            : loaded 2 times (x 81B)
Class com.google.common.cache.LocalCache$HashIterator                                 : loaded 2 times (x 88B)
Class com.google.common.collect.MapMakerInternalMap$StrongKeyDummyValueSegment        : loaded 2 times (x 143B)
Class com.google.common.collect.Iterables$4                                           : loaded 2 times (x 83B)
Class org.jetbrains.kotlin.gradle.tasks.DefaultKotlinJavaToolchain$DefaultJdkSetter   : loaded 2 times (x 78B)
Class org.jetbrains.kotlin.gradle.plugin.diagnostics.checkers.IncorrectCompileOnlyDependenciesChecker$runChecks$1: loaded 2 times (x 89B)
Class org.jetbrains.kotlin.gradle.plugin.mpp.KotlinOnlyTarget                         : loaded 2 times (x 155B)
Class org.jetbrains.kotlin.gradle.targets.js.npm.BaseNpmDependencyExtension           : loaded 2 times (x 72B)
Class org.jetbrains.kotlin.gradle.dsl.KotlinVersion$Companion                         : loaded 2 times (x 73B)
Class org.jetbrains.kotlin.gradle.InternalKotlinGradlePluginApi                       : loaded 2 times (x 72B)
Class org.jetbrains.kotlin.gradle.targets.ConfigureNonPackedKlibConsumingSideEffectKt$ConfigureNonPackedKlibConsumingSideEffect$1: loaded 2 times (x 76B)
Class org.jetbrains.kotlin.gradle.dsl.DefaultToolchainSupport                         : loaded 2 times (x 78B)
Class org.jetbrains.kotlin.gradle.plugin.diagnostics.DiagnosticGroup$Base             : loaded 2 times (x 83B)
Class org.jetbrains.kotlin.gradle.plugin.internal.CustomPropertiesFileValueSource     : loaded 2 times (x 84B)
Class com.google.common.cache.LocalCache$EntryFactory                                 : loaded 2 times (x 85B)
Class com.google.protobuf.FieldSet                                                    : loaded 2 times (x 74B)
Class com.google.protobuf.GeneratedMessageV3$Builder                                  : loaded 2 times (x 280B)
Class com.google.protobuf.MutabilityOracle                                            : loaded 2 times (x 72B)
Class [Lkotlin.annotation.AnnotationRetention;                                        : loaded 2 times (x 71B)
Class com.google.protobuf.AbstractMessage                                             : loaded 2 times (x 166B)
Class org.codehaus.groovy.reflection.ReflectionUtils                                  : loaded 2 times (x 73B)
Class it.unimi.dsi.fastutil.ints.IntArrays$ForkJoinQuickSortIndirect                  : loaded 2 times (x 97B)
Class com.google.protobuf.DescriptorProtos$DescriptorProto                            : loaded 2 times (x 240B)
Class com.android.ide.common.resources.configuration.EnumBasedResourceQualifier       : loaded 2 times (x 91B)
Class org.gradle.api.internal.DefaultClassPathProvider                                : loaded 2 times (x 78B)
Class kotlin.reflect.jvm.internal.KClassImpl$Data$$Lambda$16                          : loaded 2 times (x 78B)
Class org.jetbrains.kotlin.gradle.plugin.VariantImplementationFactoriesConfigurator$Companion$getProvider$1: loaded 2 times (x 76B)
Class org.jetbrains.kotlin.gradle.fus.BuildUidService$Companion                       : loaded 2 times (x 73B)
Class [Lcom.android.ide.common.gradle.Separator;                                      : loaded 2 times (x 71B)
Class com.android.prefs.QueryResult                                                   : loaded 2 times (x 84B)
Class org.jetbrains.kotlin.gradle.plugin.PropertiesProvider$kotlinExperimentalTryNext$1: loaded 2 times (x 77B)
Class com.google.common.base.CharMatcher$Whitespace                                   : loaded 2 times (x 114B)
Class com.google.common.base.Splitter$1$1                                             : loaded 2 times (x 88B)
Class org.jetbrains.kotlin.statistics.metrics.BooleanOverridePolicy$OVERRIDE          : loaded 2 times (x 87B)
Class org.jetbrains.kotlin.statistics.metrics.BooleanAnonymizationPolicy              : loaded 2 times (x 87B)
Class org.jetbrains.kotlin.incremental.ProtoData                                      : loaded 2 times (x 73B)
Class org.jetbrains.kotlin.buildtools.internal.jvm.JvmSnapshotBasedIncrementalCompilationConfigurationImpl: loaded 2 times (x 93B)
Class org.jetbrains.kotlin.gradle.targets.native.toolchain.KotlinNativeBundleBuildService$Companion$registerIfAbsent$1: loaded 2 times (x 77B)
Class org.jetbrains.kotlin.konan.target.KonanTarget                                   : loaded 2 times (x 80B)
Class org.jetbrains.kotlin.gradle.utils.ProviderApiUtilsKt$mapOrNull$1                : loaded 2 times (x 77B)
Class org.jetbrains.kotlin.gradle.targets.CreateDefaultTestRunSideEffectKt            : loaded 2 times (x 73B)
Class org.jetbrains.kotlin.gradle.plugin.diagnostics.KotlinGradleProjectCheckersRunnerKt$launchKotlinGradleProjectCheckers$1$1: loaded 2 times (x 97B)
Class org.jetbrains.kotlin.gradle.plugin.diagnostics.checkers.AndroidSourceSetLayoutV1SourceSetsNotFoundChecker$runChecks$1: loaded 2 times (x 89B)
Class org.jetbrains.kotlin.gradle.plugin.diagnostics.checkers.AndroidPluginWithoutAndroidTargetChecker$runChecks$1: loaded 2 times (x 89B)
Class com.google.common.reflect.Types$NativeTypeVariableEquals                        : loaded 2 times (x 73B)
Class com.google.common.reflect.TypeParameter                                         : loaded 2 times (x 74B)
Class com.google.common.collect.Iterables$5                                           : loaded 2 times (x 83B)
Class [Lcom.google.common.collect.MapMaker$Dummy;                                     : loaded 2 times (x 71B)
Class com.google.common.collect.NullsLastOrdering                                     : loaded 2 times (x 117B)
Class org.jetbrains.kotlin.gradle.tasks.TaskOutputsBackup                             : loaded 2 times (x 74B)
Class org.jetbrains.kotlin.gradle.plugin.cocoapods.KotlinCocoapodsPlugin              : loaded 2 times (x 78B)
Class org.jetbrains.kotlin.gradle.internal.CompilerOptionsDslHelpersKt                : loaded 2 times (x 73B)
Class org.jetbrains.kotlin.gradle.tasks.configuration.AbstractKotlinCompileConfigKt   : loaded 2 times (x 73B)
Class org.jetbrains.kotlin.gradle.internal.StdlibDependencyManagementKt$configureStdlibVersionAlignment$1$1: loaded 2 times (x 77B)
Class org.jetbrains.kotlin.gradle.dsl.KotlinProjectExtension$awaitSourceSets$1        : loaded 2 times (x 89B)
Class org.jetbrains.kotlin.gradle.plugin.KotlinPluginLifecycle$CoroutineStart         : loaded 2 times (x 81B)
Class org.jetbrains.kotlin.gradle.tasks.TasksProviderKt$sam$org_gradle_api_Action$0   : loaded 2 times (x 77B)
Class org.jetbrains.kotlin.gradle.tooling.BuildKotlinToolingMetadataTask$FromKotlinExtension: loaded 2 times (x 316B)
Class org.jetbrains.kotlin.gradle.utils.FailuresKt                                    : loaded 2 times (x 73B)
Class org.jetbrains.kotlin.gradle.targets.native.internal.CInteropConfigurationsKt$special$$inlined$KotlinTargetSideEffect$1: loaded 2 times (x 76B)
Class org.jetbrains.kotlin.konan.target.Family                                        : loaded 2 times (x 81B)
Class org.jetbrains.kotlin.gradle.plugin.diagnostics.DiagnosticGroup                  : loaded 2 times (x 72B)
Class org.jetbrains.kotlin.gradle.internal.properties.NativePropertiesLoader$konanDataDirProperty$1: loaded 2 times (x 77B)
Class org.jetbrains.kotlin.gradle.plugin.KotlinGradleBuildServices$Companion$registerIfAbsent$2$1: loaded 2 times (x 81B)
Class org.jetbrains.kotlin.gradle.plugin.statistics.BuildFusService$Parameters_Decorated: loaded 2 times (x 141B)
Class org.jetbrains.kotlin.gradle.internal.properties.PropertiesBuildService$Params$Inject: loaded 2 times (x 108B)
Class org.jetbrains.kotlin.tooling.core.HasMutableExtras                              : loaded 2 times (x 72B)
Class com.google.common.cache.LocalCache$AbstractReferenceEntry                       : loaded 2 times (x 109B)
Class org.gradle.internal.IoActions                                                   : loaded 2 times (x 73B)
Class com.google.protobuf.Descriptors$DescriptorValidationException                   : loaded 2 times (x 87B)
Class org.jetbrains.kotlin.gradle.ExternalKotlinTargetApi                             : loaded 2 times (x 72B)
Class com.google.protobuf.Android                                                     : loaded 2 times (x 73B)
Class org.jetbrains.kotlin.buildtools.api.jvm.ClassSnapshotGranularity                : loaded 2 times (x 81B)
Class com.google.common.collect.ComparatorOrdering                                    : loaded 2 times (x 117B)
Class com.google.common.collect.ImmutableSet$SerializedForm                           : loaded 2 times (x 75B)
Class org.codehaus.groovy.classgen.asm.MopWriter                                      : loaded 2 times (x 76B)
Class groovyjarjarantlr4.v4.runtime.atn.PredictionContextCache$IdentityCommutativePredictionContextOperands: loaded 2 times (x 74B)
Class org.codehaus.groovy.control.ClassNodeResolver$1                                 : loaded 2 times (x 244B)
Class org.codehaus.groovy.ast.expr.MethodCall                                         : loaded 2 times (x 72B)
Class org.codehaus.groovy.ast.expr.ExpressionTransformer                              : loaded 2 times (x 72B)
Class groovy.lang.ReadOnlyPropertyException                                           : loaded 2 times (x 91B)
Class org.codehaus.groovy.runtime.dgmimpl.arrays.ShortArrayGetAtMetaMethod            : loaded 2 times (x 99B)
Class org.codehaus.groovy.runtime.callsite.CallSite                                   : loaded 2 times (x 72B)
Class kotlin.annotation.MustBeDocumented                                              : loaded 2 times (x 72B)
Class groovy.lang.GString                                                             : loaded 2 times (x 125B)
Class org.jetbrains.kotlin.buildtools.internal.BuildOperationImpl$Option              : loaded 2 times (x 74B)
Class kotlin.reflect.jvm.internal.impl.descriptors.NotFoundClasses$packageFragments$1 : loaded 2 times (x 81B)
Class com.android.ide.common.resources.configuration.LocaleQualifier                  : loaded 2 times (x 91B)
Class org.jetbrains.kotlin.daemon.common.StringPropMapper                             : loaded 2 times (x 76B)
Class org.jetbrains.kotlin.utils.KotlinExceptionWithAttachments                       : loaded 2 times (x 96B)
Class kotlin.io.path.PathsKt__PathReadWriteKt                                         : loaded 2 times (x 73B)
Class [Lkotlin.reflect.jvm.internal.impl.name.ClassId;                                : loaded 2 times (x 71B)
Class org.jetbrains.kotlin.incremental.classpathDiff.impl.ClassFile                   : loaded 2 times (x 74B)
Class org.jetbrains.kotlin.descriptors.DescriptorVisibilities$1                       : loaded 2 times (x 81B)
Class kotlin.reflect.jvm.internal.KClassImpl$Data$$Lambda$17                          : loaded 2 times (x 78B)
Class kotlin.reflect.jvm.internal.KCallableImpl$$Lambda$0                             : loaded 2 times (x 78B)
Class org.jetbrains.kotlin.util.ModuleVisibilityHelper                                : loaded 2 times (x 72B)
Class com.android.ide.common.gradle.Numeric                                           : loaded 2 times (x 79B)
Class kotlin.reflect.jvm.internal.impl.builtins.functions.FunctionTypeKind$Function   : loaded 2 times (x 74B)
Class kotlin.jvm.internal.AdaptedFunctionReference                                    : loaded 2 times (x 79B)
Class org.jetbrains.kotlin.incremental.classpathDiff.JavaClassSnapshotExternalizer    : loaded 2 times (x 77B)
Class org.jetbrains.kotlin.incremental.ProtoDifferenceUtilsKt                         : loaded 2 times (x 73B)
Class [Lorg.jetbrains.kotlin.com.intellij.util.io.DataExternalizer;                   : loaded 2 times (x 71B)
Class org.codehaus.groovy.ast.Parameter                                               : loaded 2 times (x 152B)
Class org.codehaus.groovy.runtime.dgmimpl.arrays.CharacterArrayGetAtMetaMethod        : loaded 2 times (x 99B)
Class kotlin.reflect.jvm.internal.impl.load.java.lazy.descriptors.ClassDeclaredMemberIndex$methodFilter$1: loaded 2 times (x 81B)
Class org.codehaus.groovy.reflection.CachedField                                      : loaded 2 times (x 83B)
Class kotlin.reflect.jvm.internal.impl.serialization.deserialization.descriptors.DeserializedClassDescriptor$DeserializedClassMemberScope$allDescriptors$1: loaded 2 times (x 81B)
Class groovy.lang.MetaClassImpl$2                                                     : loaded 2 times (x 98B)
Class kotlin.reflect.jvm.internal.impl.load.java.lazy.descriptors.LazyJavaScope$classNamesLazy$2: loaded 2 times (x 81B)
Class org.codehaus.groovy.runtime.DefaultCachedMethodKey                              : loaded 2 times (x 81B)
Class org.codehaus.groovy.control.ResolveVisitor$ConstructedClassWithPackage          : loaded 2 times (x 244B)
Class org.apache.groovy.parser.antlr4.GroovyParser$TypeArgumentsOrDiamondContext      : loaded 2 times (x 161B)
Class org.apache.groovy.parser.antlr4.GroovyParser$RegexExprAltContext                : loaded 2 times (x 165B)
Class org.apache.groovy.parser.antlr4.GroovyParser$QualifiedNameContext               : loaded 2 times (x 162B)
Class org.apache.groovy.parser.antlr4.GroovyParser$QualifiedNameElementContext        : loaded 2 times (x 163B)
Class kotlin.reflect.jvm.internal.KClassImpl$Data$allNonStaticMembers$2               : loaded 2 times (x 81B)
Class build_56ild5klfdqg159vfcw37ds5p                                                 : loaded 2 times (x 174B)
Class org.jetbrains.kotlin.statistics.BuildSession                                    : loaded 2 times (x 74B)
Class org.jetbrains.kotlin.gradle.internal.Kapt3KotlinGradleSubpluginKt               : loaded 2 times (x 73B)
Class org.jetbrains.kotlin.gradle.dsl.KotlinJvmCompile                                : loaded 2 times (x 72B)
Class com.google.common.collect.ImmutableRangeSet$ComplementRanges                    : loaded 2 times (x 209B)
Class org.jetbrains.kotlin.konan.target.KonanTarget$LINUX_ARM32_HFP                   : loaded 2 times (x 80B)
Class org.jetbrains.kotlin.gradle.internal.Kapt3GradleSubplugin                       : loaded 2 times (x 84B)
Class org.jetbrains.kotlin.gradle.plugin.diagnostics.checkers.CInteropInputChecker    : loaded 2 times (x 76B)
Class org.jetbrains.kotlin.gradle.targets.native.internal.CInteropConfigurationsKt$special$$inlined$KotlinTargetSideEffect$2: loaded 2 times (x 76B)
Class org.jetbrains.kotlin.gradle.plugin.statistics.FinalizeConfigurationFusMetricActionKt$FinalizeConfigurationFusMetricAction$1: loaded 2 times (x 97B)
Class org.jetbrains.kotlin.gradle.internal.KotlinDependenciesManagementKt$CustomizeKotlinDependenciesSetupAction$1: loaded 2 times (x 76B)
Class org.jetbrains.kotlin.gradle.plugin.KotlinGradlePluginExtensionPointInternal$registeredExtensions$2: loaded 2 times (x 80B)
Class org.jetbrains.kotlin.statistics.metrics.BooleanOverridePolicy$OR                : loaded 2 times (x 87B)
Class org.jetbrains.kotlin.gradle.plugin.UsesVariantImplementationFactories           : loaded 2 times (x 72B)
Class org.objectweb.asm.SymbolTable                                                   : loaded 2 times (x 74B)
Class com.google.common.cache.CacheLoader$InvalidCacheLoadException                   : loaded 2 times (x 84B)
Class org.gradle.internal.classloader.SystemClassLoaderSpec                           : loaded 2 times (x 73B)
Class com.android.ide.common.rendering.api.StyleableResourceValueImpl                 : loaded 2 times (x 115B)
Class [Lcom.android.resources.HighDynamicRange;                                       : loaded 2 times (x 71B)
Class [Lcom.google.protobuf.Descriptors$GenericDescriptor;                            : loaded 2 times (x 71B)
Class org.codehaus.groovy.classgen.asm.CallSiteWriter                                 : loaded 2 times (x 87B)
Class groovyjarjarasm.asm.FieldWriter                                                 : loaded 2 times (x 79B)
Class groovyjarjarantlr4.v4.runtime.atn.LexerATNSimulator$SimState                    : loaded 2 times (x 75B)
Class groovyjarjarantlr4.v4.runtime.atn.DecisionState                                 : loaded 2 times (x 91B)
Class org.apache.groovy.parser.antlr4.GroovyParser$CreatedNameContext                 : loaded 2 times (x 162B)
Class groovy.lang.MutableMetaClass                                                    : loaded 2 times (x 72B)
Class org.codehaus.groovy.reflection.stdclasses.StringCachedClass                     : loaded 2 times (x 97B)
Class com.google.common.collect.Queues                                                : loaded 2 times (x 73B)
Class org.apache.groovy.parser.antlr4.TryWithResourcesASTTransformation               : loaded 2 times (x 76B)
Class kotlin.reflect.jvm.internal.KClassImpl$Data$$Lambda$18                          : loaded 2 times (x 78B)
Class kotlin.reflect.jvm.internal.KCallableImpl$$Lambda$1                             : loaded 2 times (x 78B)
Class kotlin.coroutines.intrinsics.IntrinsicsKt                                       : loaded 2 times (x 73B)
Class kotlin.coroutines.CoroutineContext$DefaultImpls                                 : loaded 2 times (x 73B)
Class kotlinx.coroutines.internal.LockFreeLinkedListNode                              : loaded 2 times (x 76B)
Class groovyjarjarantlr4.v4.runtime.misc.EqualityComparator                           : loaded 2 times (x 72B)
Class kotlin.jvm.internal.PropertyReference0Impl                                      : loaded 2 times (x 129B)
Class groovyjarjarantlr4.v4.runtime.tree.TerminalNodeImpl                             : loaded 2 times (x 110B)
Class org.codehaus.groovy.classgen.ClassGenerator                                     : loaded 2 times (x 216B)
Class org.codehaus.groovy.classgen.AnnotationVisitor                                  : loaded 2 times (x 85B)
Class com.google.protobuf.DescriptorProtos$SourceCodeInfo                             : loaded 2 times (x 200B)
Class com.google.protobuf.GeneratedMessageV3$FieldAccessorTable                       : loaded 2 times (x 74B)
Class com.android.ide.common.resources.configuration.NavigationMethodQualifier        : loaded 2 times (x 92B)
Class com.android.ide.common.rendering.api.PluralsResourceValueImpl                   : loaded 2 times (x 121B)
Class org.jetbrains.kotlin.incremental.classpathDiff.DirectoryOrJarReader$Companion   : loaded 2 times (x 73B)
Class com.android.ide.common.rendering.api.TextResourceValue                          : loaded 2 times (x 72B)
Class org.jetbrains.kotlin.daemon.common.IncrementalCompilationOptions$Companion      : loaded 2 times (x 73B)
Class org.jetbrains.kotlin.daemon.common.FileAgeComparator                            : loaded 2 times (x 91B)
Class org.jetbrains.kotlin.daemon.common.DaemonJVMOptions$restMapper$1                : loaded 2 times (x 143B)
Class org.jetbrains.kotlin.gradle.plugin.diagnostics.ToolingDiagnostic                : loaded 2 times (x 74B)
Class org.jetbrains.kotlin.progress.CompilationCanceledException                      : loaded 2 times (x 84B)
Class org.jetbrains.kotlin.gradle.plugin.sources.DefaultKotlinSourceSetFactory        : loaded 2 times (x 82B)
Class org.jetbrains.kotlin.konan.target.KonanTarget$ANDROID_ARM32                     : loaded 2 times (x 80B)
Class org.jetbrains.kotlin.gradle.tasks.TasksProviderKt                               : loaded 2 times (x 73B)
Class com.google.common.collect.ImmutableRangeSet                                     : loaded 2 times (x 117B)
Class org.jetbrains.kotlin.gradle.plugin.mpp.compilationImpl.DefaultKotlinCompilationConfigurationsContainer: loaded 2 times (x 86B)
Class com.google.common.collect.CollectSpliterators$1WithCharacteristics              : loaded 2 times (x 92B)
Class kotlin.reflect.jvm.internal.KClassImpl$Data$sealedSubclasses$2                  : loaded 2 times (x 81B)
Class build_56ild5klfdqg159vfcw37ds5p$_run_closure1                                   : loaded 2 times (x 140B)
Class com.google.common.collect.FluentIterable                                        : loaded 2 times (x 83B)
Class org.jetbrains.kotlin.gradle.tasks.CacheableTasksKt$cacheOnlyIfEnabledForKotlin$1$1: loaded 2 times (x 76B)
Class org.jetbrains.kotlin.gradle.plugin.diagnostics.DefaultProblemsReporter_Decorated: loaded 2 times (x 121B)
Class org.jetbrains.kotlin.gradle.tasks.configuration.BaseKotlinCompileConfig$1$1     : loaded 2 times (x 77B)
Class org.jetbrains.kotlin.gradle.plugin.mpp.compilationImpl.factory.KotlinCompilationImplFactory$PostConfigure: loaded 2 times (x 72B)
Class org.jetbrains.kotlin.gradle.tasks.abi.KotlinLegacyAbiDumpTask                   : loaded 2 times (x 72B)
Class org.jetbrains.kotlin.gradle.utils.KotlinExtensionUtilsKt                        : loaded 2 times (x 73B)
Class [Lorg.jetbrains.kotlin.konan.util.Named;                                        : loaded 2 times (x 71B)
Class org.jetbrains.kotlin.gradle.plugin.diagnostics.checkers.NoKotlinTargetsDeclaredChecker$runChecks$1: loaded 2 times (x 89B)
Class org.jetbrains.kotlin.gradle.plugin.mpp.AbstractKotlinTarget$kotlinComponents$2  : loaded 2 times (x 81B)
Class org.jetbrains.kotlin.gradle.plugin.KotlinPlatformType$CompatibilityRule         : loaded 2 times (x 78B)
Class org.jetbrains.kotlin.gradle.internal.properties.NativePropertiesLoader$actualNativeHomeDirectory$1: loaded 2 times (x 77B)
Class org.jetbrains.kotlin.gradle.internal.properties.NativePropertiesKt              : loaded 2 times (x 73B)
Class [Lorg.jetbrains.kotlin.statistics.metrics.BooleanOverridePolicy;                : loaded 2 times (x 71B)
Class org.jetbrains.kotlin.gradle.plugin.BuildEventsListenerRegistryHolder            : loaded 2 times (x 74B)
Class org.jetbrains.kotlin.gradle.plugin.internal.CustomPropertiesFileValueSource$Parameters$Inject: loaded 2 times (x 108B)
Class com.google.common.cache.LocalCache$StrongEntry                                  : loaded 2 times (x 110B)
Class com.google.common.util.concurrent.AbstractFuture$TrustedFuture                  : loaded 2 times (x 116B)
Class com.google.common.cache.LoadingCache                                            : loaded 2 times (x 72B)
Class com.google.protobuf.DescriptorProtos$FileOptions$Builder                        : loaded 2 times (x 404B)
Class com.google.protobuf.AbstractProtobufList                                        : loaded 2 times (x 231B)
Class kotlin.sequences.TakeWhileSequence                                              : loaded 2 times (x 77B)
Class org.jetbrains.kotlin.gradle.plugin.statistics.IDaemonReuseCounterMXBean         : loaded 2 times (x 72B)
Class org.codehaus.groovy.classgen.ClassGeneratorException                            : loaded 2 times (x 84B)
Class org.apache.commons.io.output.StringBuilderWriter                                : loaded 2 times (x 102B)
Class groovyjarjarantlr4.v4.runtime.atn.PredictionMode                                : loaded 2 times (x 81B)
Class org.apache.groovy.parser.antlr4.GroovyParser$ContinueStmtAltContext             : loaded 2 times (x 160B)
Class org.apache.groovy.parser.antlr4.GroovyParser$BlockStmtAltContext                : loaded 2 times (x 160B)
Class org.apache.groovy.parser.antlr4.GroovyParser$StandardLambdaExpressionContext    : loaded 2 times (x 163B)
Class org.codehaus.groovy.runtime.wrappers.GroovyObjectWrapper                        : loaded 2 times (x 90B)
Class org.codehaus.groovy.runtime.memoize.ValueConvertable                            : loaded 2 times (x 72B)
Class org.codehaus.groovy.ast.AnnotatedNode                                           : loaded 2 times (x 123B)
Class [Lorg.apache.commons.io.StandardLineSeparator;                                  : loaded 2 times (x 71B)
Class kotlin.reflect.jvm.internal.impl.name.FqNameUnsafe$1                            : loaded 2 times (x 76B)
Class it.unimi.dsi.fastutil.BidirectionalIterator                                     : loaded 2 times (x 72B)
Class kotlin.reflect.jvm.internal.impl.renderer.DescriptorRenderer$Companion$FQ_NAMES_IN_TYPES$1: loaded 2 times (x 80B)
Class kotlin.reflect.jvm.internal.impl.load.java.lazy.descriptors.LazyJavaScope$declaredFunctions$1: loaded 2 times (x 81B)
Class kotlin.reflect.jvm.internal.KCallableImpl$$Lambda$2                             : loaded 2 times (x 78B)
Class kotlin.coroutines.intrinsics.CoroutineSingletons                                : loaded 2 times (x 81B)
Class it.unimi.dsi.fastutil.objects.ObjectCollection                                  : loaded 2 times (x 72B)
Class kotlin.reflect.jvm.internal.KFunctionImpl$descriptor$2                          : loaded 2 times (x 81B)
Class com.android.tools.lint.model.DefaultLintModelModule                             : loaded 2 times (x 97B)
Class org.jetbrains.kotlin.daemon.common.FileSystem$WhenMappings                      : loaded 2 times (x 73B)
Class org.jetbrains.kotlin.incremental.KotlinClassInfo                                : loaded 2 times (x 74B)
Class org.jetbrains.org.objectweb.asm.tree.ClassNode                                  : loaded 2 times (x 92B)
Class org.jetbrains.kotlin.buildtools.internal.IcAdaptersKt                           : loaded 2 times (x 73B)
Class org.jetbrains.kotlin.buildtools.internal.KotlinLoggerMessageCollectorAdapter$WhenMappings: loaded 2 times (x 73B)
Class org.jetbrains.kotlin.incremental.classpathDiff.impl.SingleClassSnapshotter      : loaded 2 times (x 73B)
Class [Lorg.jetbrains.kotlin.descriptors.CallableMemberDescriptor$Kind;               : loaded 2 times (x 71B)
Class kotlinx.coroutines.DebugKt                                                      : loaded 2 times (x 73B)
Class kotlin.reflect.jvm.internal.impl.load.java.lazy.descriptors.LazyJavaClassDescriptor$LazyJavaClassTypeConstructor$parameters$1: loaded 2 times (x 81B)
Class kotlin.coroutines.ContinuationInterceptor                                       : loaded 2 times (x 72B)
Class kotlin.reflect.jvm.internal.impl.SpecialJvmAnnotations                          : loaded 2 times (x 73B)
Class org.objectweb.asm.tree.ClassNode                                                : loaded 2 times (x 92B)
Class kotlin.reflect.jvm.internal.impl.types.ErrorUtils                               : loaded 2 times (x 73B)
Class groovy.lang.MetaClassImpl$1                                                     : loaded 2 times (x 77B)
Class org.codehaus.groovy.control.CompilationFailedException                          : loaded 2 times (x 90B)
Class com.google.common.base.Suppliers$NonSerializableMemoizingSupplier               : loaded 2 times (x 81B)
Class org.jetbrains.kotlin.gradle.tasks.GradleCompileTaskProvider                     : loaded 2 times (x 74B)
Class org.jetbrains.kotlin.gradle.plugin.mpp.KotlinTargetSoftwareComponentImplKt$KotlinTargetSoftwareComponent$1: loaded 2 times (x 97B)
Class org.jetbrains.kotlin.gradle.tasks.configuration.BaseKotlinCompileConfig$registerBuildToolsApiTransformations$1: loaded 2 times (x 81B)
Class org.jetbrains.kotlin.gradle.tasks.configuration.AbstractKotlinCompileConfigKt$sam$org_gradle_api_Action$0: loaded 2 times (x 77B)
Class org.jetbrains.kotlin.gradle.plugin.internal.BuildIdService                      : loaded 2 times (x 78B)
Class org.jetbrains.kotlin.gradle.plugin.mpp.compilationImpl.factory.KotlinCompilationDependencyConfigurationsFactoriesKt: loaded 2 times (x 73B)
Class org.jetbrains.kotlin.gradle.plugin.mpp.compilationImpl.DefaultKotlinCompilationFriendPathsResolver: loaded 2 times (x 77B)
Class org.jetbrains.kotlin.gradle.plugin.diagnostics.checkers.KmpPartiallyResolvedDependenciesCheckerKt: loaded 2 times (x 73B)
Class org.jetbrains.kotlin.gradle.plugin.diagnostics.checkers.WasmSourceSetsNotFoundChecker$runChecks$1: loaded 2 times (x 89B)
Class org.jetbrains.kotlin.konan.target.KonanTarget$IOS_SIMULATOR_ARM64               : loaded 2 times (x 80B)
Class org.jetbrains.kotlin.gradle.targets.jvm.KotlinJvmCompilationWireJavaSourcesSideEffectKt: loaded 2 times (x 73B)
Class org.jetbrains.kotlin.gradle.plugin.mpp.compilationImpl.KotlinCreateCompilationArchiveTaskKt$KotlinCreateCompilationArchivesTask$1: loaded 2 times (x 76B)
Class org.jetbrains.kotlin.gradle.dsl.KotlinVersion                                   : loaded 2 times (x 81B)
Class org.jetbrains.kotlin.gradle.internal.properties.NativePropertiesLoader$actualNativeHomeDirectory$2: loaded 2 times (x 76B)
Class org.jetbrains.kotlin.gradle.utils.StoredPropertyKt                              : loaded 2 times (x 73B)
Class [Lcom.google.common.cache.Weigher;                                              : loaded 2 times (x 71B)
Class com.android.ide.common.resources.configuration.ScreenRatioQualifier             : loaded 2 times (x 93B)
Class com.google.protobuf.Descriptors$NumberGetter                                    : loaded 2 times (x 72B)
Class com.google.protobuf.LazyField                                                   : loaded 2 times (x 87B)
Class com.google.protobuf.DescriptorProtos$FieldDescriptorProto$1                     : loaded 2 times (x 153B)
Class com.google.protobuf.Message$Builder                                             : loaded 2 times (x 72B)
Class com.android.tools.analytics.Environment$EnvironmentVariable                     : loaded 2 times (x 81B)
Class org.codehaus.groovy.classgen.asm.util.TypeUtil                                  : loaded 2 times (x 73B)
Class groovyjarjarantlr4.v4.runtime.atn.ATNConfig$SemanticContextATNConfig            : loaded 2 times (x 86B)
Class org.apache.groovy.parser.antlr4.GroovyParser$ConditionalStmtAltContext          : loaded 2 times (x 160B)
Class groovyjarjarantlr4.v4.runtime.tree.ErrorNode                                    : loaded 2 times (x 72B)
Class groovyjarjarantlr4.v4.runtime.dfa.DFA                                           : loaded 2 times (x 84B)
Class groovyjarjarantlr4.v4.runtime.atn.BasicState                                    : loaded 2 times (x 91B)
Class org.codehaus.groovy.runtime.GeneratedLambda                                     : loaded 2 times (x 72B)
Class org.apache.groovy.parser.antlr4.GroovyParser$FloatingPointLiteralAltContext     : loaded 2 times (x 160B)
Class kotlin.sequences.SequenceBuilderIterator                                        : loaded 2 times (x 87B)
Class groovyjarjarantlr4.v4.runtime.ANTLRErrorListener                                : loaded 2 times (x 72B)
Class kotlin.reflect.jvm.internal.KCallableImpl$$Lambda$3                             : loaded 2 times (x 78B)
Class kotlinx.coroutines.internal.LockFreeTaskQueueCore$Companion                     : loaded 2 times (x 73B)
Class org.apache.groovy.parser.antlr4.GroovyParser$ResourceContext                    : loaded 2 times (x 160B)
Class org.apache.groovy.parser.antlr4.GroovyParser$AdditiveExprAltContext             : loaded 2 times (x 164B)
Class com.android.ide.common.gradle.Version$Companion$ParseState$EMPTY                : loaded 2 times (x 76B)
Class org.codehaus.groovy.ast.expr.RangeExpression                                    : loaded 2 times (x 132B)
Class org.apache.groovy.parser.antlr4.GroovyParser$ElementValuePairNameContext        : loaded 2 times (x 160B)
Class org.jetbrains.kotlin.incremental.classpathDiff.PackageFacadeKotlinClassSnapshotExternalizer: loaded 2 times (x 77B)
Class org.jetbrains.org.objectweb.asm.tree.TypeAnnotationNode                         : loaded 2 times (x 82B)
Class groovyjarjarasm.asm.Symbol                                                      : loaded 2 times (x 75B)
Class org.jetbrains.kotlin.daemon.common.ClientUtilsKt                                : loaded 2 times (x 73B)
Class groovyjarjarasm.asm.CurrentFrame                                                : loaded 2 times (x 75B)
Class org.codehaus.groovy.classgen.BytecodeExpression$1                               : loaded 2 times (x 130B)
Class org.apache.groovy.ast.tools.AnnotatedNodeUtils                                  : loaded 2 times (x 73B)
Class com.google.protobuf.Internal                                                    : loaded 2 times (x 73B)
Class kotlin.reflect.jvm.internal.impl.load.java.lazy.descriptors.LazyJavaClassDescriptor$moduleAnnotations$2: loaded 2 times (x 81B)
Class org.gradle.api.internal.classpath.EffectiveClassPath                            : loaded 2 times (x 92B)
Class org.jetbrains.kotlin.tooling.core.TypeUtils                                     : loaded 2 times (x 73B)
Class org.jetbrains.kotlin.gradle.report.ConfigureReporingKt                          : loaded 2 times (x 73B)
Class org.jetbrains.kotlin.gradle.report.ReportingSettings$Companion                  : loaded 2 times (x 73B)
Class org.jetbrains.kotlin.gradle.dsl.KotlinTargetContainerWithJsPresetFunctions      : loaded 2 times (x 72B)
Class org.jetbrains.kotlin.gradle.plugin.KotlinProjectSetupActionKt                   : loaded 2 times (x 73B)
Class org.jetbrains.kotlin.gradle.plugin.mpp.compilationImpl.KotlinCreateNativeCompileTasksSideEffectKt: loaded 2 times (x 73B)
Class kotlin.reflect.jvm.internal.impl.load.kotlin.AbstractBinaryClassAnnotationAndConstantLoader$storage$1: loaded 2 times (x 81B)
Class org.jetbrains.kotlin.gradle.plugin.mpp.KotlinTargetComponentWithPublication     : loaded 2 times (x 72B)
Class [Lorg.jetbrains.kotlin.gradle.plugin.KotlinCompilation;                         : loaded 2 times (x 71B)
Class kotlin.reflect.jvm.internal.impl.load.java.JavaTypeEnhancementState$Companion$DEFAULT$1: loaded 2 times (x 131B)
Class com.google.common.collect.ImmutableMultimap$1                                   : loaded 2 times (x 84B)
Class com.google.common.collect.AbstractMapBasedMultimap$RandomAccessWrappedList      : loaded 2 times (x 207B)
Class org.jetbrains.kotlin.gradle.internal.build.SourcesUtilsKt                       : loaded 2 times (x 73B)
Class org.jetbrains.kotlin.gradle.plugin.sources.KotlinDependencyScope$Companion      : loaded 2 times (x 73B)
Class org.jetbrains.kotlin.gradle.tasks.configuration.BaseKotlinCompileConfig$registerBuildToolsApiTransformations$2: loaded 2 times (x 81B)
Class org.jetbrains.kotlin.gradle.tasks.KotlinJvmCompile                              : loaded 2 times (x 72B)
Class org.jetbrains.kotlin.gradle.plugin.mpp.compilationImpl.KotlinCompilationSourceSetsContainerKt: loaded 2 times (x 73B)
Class org.jetbrains.kotlin.gradle.plugin.KotlinPluginLifecycleKt$launchInStage$1      : loaded 2 times (x 97B)
Class org.jetbrains.kotlin.gradle.targets.NativeForwardImplementationToApiElementsSideEffectKt: loaded 2 times (x 73B)
Class org.jetbrains.kotlin.gradle.tasks.publishing.HelpersKt$addPgpSignatureHelpers$1 : loaded 2 times (x 77B)
Class org.jetbrains.kotlin.gradle.internal.properties.NativePropertiesLoader$actualNativeHomeDirectory$3: loaded 2 times (x 77B)
Class org.jetbrains.kotlin.gradle.report.BuildReportMode                              : loaded 2 times (x 81B)
Class org.jetbrains.kotlin.statistics.metrics.StringAnonymizationPolicy$RegexControlled: loaded 2 times (x 81B)
Class org.jetbrains.kotlin.statistics.ValueAnonymizer                                 : loaded 2 times (x 72B)
Class org.jetbrains.kotlin.gradle.plugin.VariantImplementationFactories$Companion$getProvider$2$1$1: loaded 2 times (x 77B)
Class org.jetbrains.kotlin.gradle.plugin.internal.ProjectIsolationStartParameterAccessor$Factory: loaded 2 times (x 72B)
Class com.google.protobuf.MessageReflection$MergeTarget                               : loaded 2 times (x 72B)
Class com.google.protobuf.DescriptorProtos$EnumValueDescriptorProto                   : loaded 2 times (x 203B)
Class com.android.repository.io.FileOpUtils                                           : loaded 2 times (x 73B)
Class org.jetbrains.kotlin.gradle.plugin.KotlinPluginLifecycleKt$await$1              : loaded 2 times (x 89B)
Class org.codehaus.groovy.classgen.asm.BytecodeHelper$StoreVarHandler                 : loaded 2 times (x 81B)
Class org.codehaus.groovy.classgen.asm.TypeChooser                                    : loaded 2 times (x 72B)
Class groovyjarjarantlr4.v4.runtime.atn.ATNConfig$ActionATNConfig                     : loaded 2 times (x 86B)
Class org.apache.groovy.parser.antlr4.GroovyParser$ExpressionInParContext             : loaded 2 times (x 161B)
Class groovyjarjarantlr4.v4.runtime.CodePointBuffer$Type                              : loaded 2 times (x 81B)
Class org.apache.groovy.parser.antlr4.GroovyParser$TypeDeclarationContext             : loaded 2 times (x 160B)
Class groovyjarjarantlr4.v4.runtime.TokenStream                                       : loaded 2 times (x 72B)
Class org.codehaus.groovy.vmplugin.v9.ClassFindFailedException                        : loaded 2 times (x 84B)
Class org.codehaus.groovy.runtime.ResourceGroovyMethods                               : loaded 2 times (x 73B)
Class org.codehaus.groovy.runtime.IOGroovyMethods                                     : loaded 2 times (x 73B)
Class org.codehaus.groovy.reflection.GroovyClassValueFactory                          : loaded 2 times (x 73B)
Class org.jetbrains.kotlin.gradle.plugin.mpp.compilationImpl.KotlinCompilationLanguageSettingsConfigurator: loaded 2 times (x 76B)
Class kotlin.reflect.jvm.internal.KCallableImpl$$Lambda$4                             : loaded 2 times (x 78B)
Class org.jetbrains.kotlin.build.report.metrics.BuildPerformanceMetrics               : loaded 2 times (x 74B)
Class com.android.ide.common.repository.AgpVersion$Companion$WhenMappings             : loaded 2 times (x 73B)
Class com.google.common.collect.Ordering                                              : loaded 2 times (x 116B)
Class kotlin.reflect.jvm.internal.KClassImpl$Data$objectInstance$2                    : loaded 2 times (x 81B)
Class org.jetbrains.kotlin.incremental.classpathDiff.JavaClassMemberLevelSnapshotExternalizer: loaded 2 times (x 77B)
Class org.jetbrains.kotlin.buildtools.internal.jvm.JvmSnapshotBasedIncrementalCompilationConfigurationImplKt: loaded 2 times (x 73B)
Class org.jetbrains.kotlin.daemon.client.KotlinCompilerClient$checkDaemonStartedProperly$stdoutThread$1$1: loaded 2 times (x 81B)
Class org.jetbrains.kotlin.daemon.client.DaemonLastOutputLinesListener$Companion      : loaded 2 times (x 73B)
Class [Lorg.jetbrains.kotlin.daemon.client.DaemonProblemReportingOutputListener;      : loaded 2 times (x 71B)
Class org.jetbrains.kotlin.daemon.common.OSKind                                       : loaded 2 times (x 81B)
Class kotlin.reflect.jvm.internal.KCallableImpl$_returnType$1$1                       : loaded 2 times (x 81B)
Class kotlin.reflect.jvm.internal.impl.load.java.components.TypeUsage                 : loaded 2 times (x 81B)
Class kotlin.reflect.jvm.internal.impl.load.java.lazy.descriptors.LazyJavaScope$propertyNamesLazy$2: loaded 2 times (x 81B)
Class kotlin.reflect.jvm.internal.impl.load.java.lazy.descriptors.LazyJavaScope$functionNamesLazy$2: loaded 2 times (x 81B)
Class kotlin.reflect.jvm.internal.impl.serialization.deserialization.descriptors.DeserializedClassDescriptor$DeserializedClassMemberScope$2$1: loaded 2 times (x 81B)
Class kotlin.reflect.jvm.internal.impl.descriptors.deserialization.PlatformDependentTypeTransformer: loaded 2 times (x 72B)
Class kotlin.reflect.jvm.internal.impl.renderer.DescriptorRendererOptionsImpl$typeNormalizer$2: loaded 2 times (x 80B)
Class kotlin.reflect.jvm.internal.impl.load.java.lazy.types.TypeParameterUpperBoundEraser: loaded 2 times (x 74B)
Class kotlin.reflect.jvm.internal.impl.types.KotlinTypeFactory$simpleType$1           : loaded 2 times (x 81B)
Class org.jetbrains.kotlin.daemon.common.LoopbackNetworkInterface$ServerLoopbackSocketFactory: loaded 2 times (x 76B)
Class org.jetbrains.kotlin.buildtools.internal.arguments.CommonToolArgumentsImpl$CommonToolArgument: loaded 2 times (x 74B)
Class com.google.common.reflect.Types$JavaVersion$1                                   : loaded 2 times (x 85B)
Class org.jetbrains.kotlin.gradle.plugin.statistics.KotlinBuildStatsLoggerService$reportBuildFinished$1: loaded 2 times (x 81B)
Class com.google.common.collect.AbstractIterator$State                                : loaded 2 times (x 81B)
Class com.google.common.collect.ImmutableMultimap$2                                   : loaded 2 times (x 83B)
Class org.jetbrains.kotlin.gradle.tasks.DefaultKotlinJavaToolchain$javaExecutable$1   : loaded 2 times (x 77B)
Class org.jetbrains.kotlin.build.report.metrics.BuildAttribute                        : loaded 2 times (x 81B)
Class org.jetbrains.kotlin.gradle.plugin.mpp.compilationImpl.KotlinCompilationRegisterInSourceSetsConfigurator: loaded 2 times (x 76B)
Class org.jetbrains.kotlin.gradle.plugin.mpp.compilationImpl.factory.DefaultKotlinCompilationTaskNamesContainerFactory: loaded 2 times (x 76B)
Class org.jetbrains.kotlin.gradle.plugin.mpp.compilationImpl.DefaultKotlinCompilationFriendPathsResolver$FriendArtifactResolver$Companion: loaded 2 times (x 73B)
Class org.jetbrains.kotlin.gradle.targets.native.internal.CommonizerTasksKt           : loaded 2 times (x 73B)
Class [Lorg.jetbrains.kotlin.gradle.targets.js.npm.NpmDependency$Scope;               : loaded 2 times (x 71B)
Class org.jetbrains.kotlin.gradle.plugin.KotlinCompilerPluginSupportPlugin            : loaded 2 times (x 72B)
Class org.jetbrains.kotlin.gradle.plugin.mpp.AbstractKotlinTarget$components$2        : loaded 2 times (x 81B)
Class org.jetbrains.kotlin.gradle.targets.CreateNonPackedKlibVariantsSideEffectKt$CreateNonPackedKlibVariantsSideEffect$1: loaded 2 times (x 76B)
Class org.jetbrains.kotlin.gradle.plugin.mpp.KotlinUsages$setupAttributesMatchingStrategy$1: loaded 2 times (x 76B)
Class org.jetbrains.kotlin.gradle.plugin.KotlinGradleBuildServices$Companion$registerIfAbsent$2$1$1: loaded 2 times (x 77B)
Class org.jetbrains.kotlin.gradle.internal.diagnostics.AgpCompatibilityCheck$runAgpCompatibilityCheckIfAgpIsApplied$1$1: loaded 2 times (x 77B)
Class org.jetbrains.kotlin.gradle.utils.AndroidPluginIdsKt                            : loaded 2 times (x 73B)
Class org.jetbrains.kotlin.gradle.plugin.KotlinBasePlugin                             : loaded 2 times (x 72B)
Class com.google.common.cache.LocalCache$ValueReference                               : loaded 2 times (x 72B)
Class com.google.protobuf.Descriptors$EnumValueDescriptor$1                           : loaded 2 times (x 93B)
Class org.jetbrains.kotlin.daemon.client.BasicCompilerServicesWithResultsFacadeServerKt: loaded 2 times (x 73B)
Class org.jetbrains.kotlin.com.intellij.util.io.IOUtil                                : loaded 2 times (x 73B)
Class org.codehaus.groovy.classgen.ExtendedVerifier                                   : loaded 2 times (x 216B)
Class [Lorg.codehaus.groovy.ast.stmt.Statement;                                       : loaded 2 times (x 71B)
Class groovyjarjarantlr4.v4.runtime.CommonToken                                       : loaded 2 times (x 113B)
Class org.jetbrains.kotlin.inline.InlinePropertyAccessor                              : loaded 2 times (x 77B)
Class groovyjarjarantlr4.v4.runtime.dfa.AbstractEdgeMap                               : loaded 2 times (x 99B)
Class groovyjarjarantlr4.v4.runtime.dfa.LexerDFASerializer                            : loaded 2 times (x 77B)
Class org.apache.groovy.parser.antlr4.GroovyParser$SwitchStatementContext             : loaded 2 times (x 166B)
Class kotlin.sequences.SequencesKt___SequencesKt$flatMap$2                            : loaded 2 times (x 127B)
Class org.codehaus.groovy.runtime.dgmimpl.arrays.FloatArrayPutAtMetaMethod            : loaded 2 times (x 99B)
Class groovy.lang.GString$1                                                           : loaded 2 times (x 125B)
Class groovy.util.BufferedIterator                                                    : loaded 2 times (x 72B)
Class groovy.lang.GroovyObject                                                        : loaded 2 times (x 72B)
Class [Lcom.android.ide.common.repository.AgpVersion$PreviewKind;                     : loaded 2 times (x 71B)
Class kotlin.collections.ArrayDeque$Companion                                         : loaded 2 times (x 73B)
Class it.unimi.dsi.fastutil.ints.IntArrays$Segment                                    : loaded 2 times (x 73B)
Class it.unimi.dsi.fastutil.ints.IntBidirectionalIterator                             : loaded 2 times (x 72B)
Class org.codehaus.groovy.reflection.CachedClass                                      : loaded 2 times (x 97B)
Class org.apache.groovy.util.BeanUtils                                                : loaded 2 times (x 73B)
Class kotlin.reflect.jvm.internal.KCallableImpl$$Lambda$5                             : loaded 2 times (x 78B)
Class kotlin.coroutines.jvm.internal.Boxing                                           : loaded 2 times (x 73B)
Class org.codehaus.groovy.syntax.RuntimeParserException                               : loaded 2 times (x 90B)
Class org.apache.groovy.parser.antlr4.GroovyParser$PostfixExpressionContext           : loaded 2 times (x 161B)
Class com.android.tools.lint.model.LintModelAndroidLibrary                            : loaded 2 times (x 72B)
Class groovyjarjarantlr4.v4.runtime.atn.ActionTransition                              : loaded 2 times (x 78B)
Class org.apache.groovy.parser.antlr4.GroovyParser                                    : loaded 2 times (x 181B)
Class org.apache.groovy.parser.antlr4.GroovyParser$PostfixExprAltContext              : loaded 2 times (x 160B)
Class org.jetbrains.kotlin.incremental.DifferenceCalculatorForPackageFacade           : loaded 2 times (x 76B)
Class org.apache.groovy.parser.antlr4.GroovyParser$ModifiersOptContext                : loaded 2 times (x 160B)
Class groovyjarjarantlr4.v4.runtime.ProxyErrorListener                                : loaded 2 times (x 79B)
Class org.codehaus.groovy.classgen.asm.BytecodeHelper$ReturnVarHandler                : loaded 2 times (x 81B)
Class com.android.ide.common.rendering.api.ResourceNamespace$AaptNamespace            : loaded 2 times (x 82B)
Class com.google.protobuf.UnknownFieldSet                                             : loaded 2 times (x 89B)
Class kotlin.reflect.jvm.internal.impl.load.java.typeEnhancement.TypeAndDefaultQualifiers: loaded 2 times (x 74B)
Class kotlin.reflect.jvm.internal.impl.serialization.deserialization.DeserializedPackageFragmentImpl$classDataFinder$1: loaded 2 times (x 81B)
Class com.android.sdklib.SdkVersionInfo                                               : loaded 2 times (x 73B)
Class com.google.protobuf.Descriptors$EnumDescriptor                                  : loaded 2 times (x 81B)
Class [Lcom.google.protobuf.Descriptors$OneofDescriptor;                              : loaded 2 times (x 71B)
Class com.android.ide.common.resources.configuration.ScreenHeightQualifier            : loaded 2 times (x 90B)
Class kotlin.reflect.jvm.internal.impl.renderer.DescriptorRenderer$Companion$COMPACT_WITHOUT_SUPERTYPES$1: loaded 2 times (x 80B)
Class org.gradle.internal.classloader.ClassLoaderVisitor                              : loaded 2 times (x 78B)
Class org.jetbrains.kotlin.statistics.metrics.StringAnonymizationPolicy               : loaded 2 times (x 80B)
Class org.jetbrains.kotlin.statistics.metrics.NumberAnonymizationPolicy               : loaded 2 times (x 87B)
Class [Lkotlin.reflect.jvm.internal.impl.builtins.functions.FunctionClassKind;        : loaded 2 times (x 71B)
Class com.google.common.reflect.Types$JavaVersion$2                                   : loaded 2 times (x 85B)
Class com.google.common.reflect.Types                                                 : loaded 2 times (x 73B)
Class org.jetbrains.kotlin.gradle.tasks.internal.KotlinJvmOptionsCompat               : loaded 2 times (x 103B)
Class org.jetbrains.kotlin.gradle.dsl.abi.AbiFiltersSpec                              : loaded 2 times (x 72B)
Class org.jetbrains.kotlin.gradle.utils.FutureKt                                      : loaded 2 times (x 73B)
Class org.jetbrains.kotlin.gradle.targets.native.internal.PlatformLibrariesGenerator$GeneratedPlatformLibrariesService: loaded 2 times (x 78B)
Class org.jetbrains.kotlin.gradle.logging.GradleLoggingUtilsKt                        : loaded 2 times (x 73B)
Class org.jetbrains.kotlin.gradle.plugin.KotlinAndroidPluginWrapper                   : loaded 2 times (x 88B)
Class com.google.common.util.concurrent.AbstractFuture$Failure                        : loaded 2 times (x 74B)
Class com.android.ide.common.resources.DataFile                                       : loaded 2 times (x 85B)
Class com.android.ide.common.rendering.api.ResourceValueImpl                          : loaded 2 times (x 102B)
Class [Lcom.android.resources.NightMode;                                              : loaded 2 times (x 71B)
Class org.jetbrains.kotlin.gradle.report.BuildMetricsService                          : loaded 2 times (x 88B)
Class com.google.protobuf.Descriptors$EnumValueDescriptor$2                           : loaded 2 times (x 78B)
Class com.google.protobuf.PrimitiveNonBoxingCollection                                : loaded 2 times (x 72B)
Class org.jetbrains.kotlin.gradle.plugin.PropertiesProvider$classLoaderCacheTimeoutInSeconds$1: loaded 2 times (x 77B)
Class org.jetbrains.kotlin.gradle.plugin.diagnostics.UsesKotlinToolingDiagnosticsParameters: loaded 2 times (x 72B)
Class org.jetbrains.kotlin.gradle.plugin.diagnostics.ToolingDiagnosticRenderingOptions: loaded 2 times (x 74B)
Class org.codehaus.groovy.classgen.asm.VariableSlotLoader                             : loaded 2 times (x 131B)
Class groovyjarjarasm.asm.ModuleVisitor                                               : loaded 2 times (x 83B)
Class org.apache.groovy.parser.antlr4.internal.DescriptiveErrorStrategy               : loaded 2 times (x 112B)
Class org.apache.groovy.parser.antlr4.GroovyParser$ExpressionContext                  : loaded 2 times (x 159B)
Class org.codehaus.groovy.ast.ClassHelper$ClassHelperCache                            : loaded 2 times (x 73B)
Class org.codehaus.groovy.ast.ClassHelper                                             : loaded 2 times (x 73B)
Class org.codehaus.groovy.runtime.DefaultGroovyMethodsSupport                         : loaded 2 times (x 73B)
Class groovy.lang.groovydoc.Groovydoc                                                 : loaded 2 times (x 78B)
Class org.jetbrains.kotlin.gradle.targets.js.npm.NpmDependencyExtensionKt             : loaded 2 times (x 73B)
Class kotlin.reflect.jvm.internal.KProperty0Impl                                      : loaded 2 times (x 130B)
Class org.jetbrains.kotlin.gradle.plugin.diagnostics.checkers.JsEnvironmentChecker    : loaded 2 times (x 78B)
Class kotlin.reflect.jvm.internal.CacheByClassKt                                      : loaded 2 times (x 73B)
Class kotlin.coroutines.EmptyCoroutineContext                                         : loaded 2 times (x 79B)
Class [Lorg.jetbrains.kotlin.gradle.dsl.KotlinVersion;                                : loaded 2 times (x 71B)
Class org.jetbrains.kotlin.gradle.plugin.KotlinTargetWithTests                        : loaded 2 times (x 72B)
Class org.jetbrains.kotlin.gradle.dsl.abi.ExperimentalAbiValidation                   : loaded 2 times (x 72B)
Class org.jetbrains.kotlin.descriptors.DescriptorVisibility                           : loaded 2 times (x 80B)
Class org.jetbrains.kotlin.incremental.classpathDiff.RegularKotlinClassSnapshot       : loaded 2 times (x 78B)
Class org.jetbrains.kotlin.incremental.impl.ClassNodeSnapshotter                      : loaded 2 times (x 73B)
Class org.jetbrains.kotlin.metadata.ProtoBuf$ReturnValueStatus                        : loaded 2 times (x 84B)
Class org.jetbrains.kotlin.daemon.common.DaemonReportCategory                         : loaded 2 times (x 81B)
Class org.jetbrains.kotlin.daemon.common.DaemonOptions                                : loaded 2 times (x 77B)
Class org.jetbrains.kotlin.compilerRunner.CompilerSystemPropertiesService$Parameters_Decorated: loaded 2 times (x 132B)
Class org.jetbrains.kotlin.gradle.plugin.PropertiesProvider$kotlinCompilerArgumentsLogLevel$1: loaded 2 times (x 76B)
Class com.google.common.collect.ReverseNaturalOrdering                                : loaded 2 times (x 116B)
Class [Lcom.google.common.collect.AbstractIterator$State;                             : loaded 2 times (x 71B)
Class org.apache.commons.io.file.PathUtils                                            : loaded 2 times (x 73B)
Class kotlin.reflect.jvm.internal.pcollections.IntTreePMap                            : loaded 2 times (x 74B)
Class kotlin.reflect.jvm.internal.KDeclarationContainerImpl$Data$moduleData$2         : loaded 2 times (x 81B)
Class kotlin.reflect.jvm.internal.impl.builtins.ReflectionTypes$kotlinReflectScope$2  : loaded 2 times (x 81B)
Class kotlin.reflect.jvm.internal.impl.serialization.deserialization.DeserializationConfiguration$DefaultImpls: loaded 2 times (x 73B)
Class com.android.utils.EnvironmentProvider$DirectEnvironmentProvider                 : loaded 2 times (x 82B)
Class build_1m874l9orishawclr41rnen3i$_run_closure1$_closure4                         : loaded 2 times (x 140B)
Class [Lorg.apache.commons.io.file.DeleteOption;                                      : loaded 2 times (x 71B)
Class com.google.common.reflect.Types$JavaVersion$3                                   : loaded 2 times (x 85B)
Class com.google.common.collect.ImmutableSetMultimap                                  : loaded 2 times (x 182B)
Class com.google.common.collect.ByFunctionOrdering                                    : loaded 2 times (x 117B)
Class org.jetbrains.kotlin.compilerRunner.GradleCompilerRunner$Companion              : loaded 2 times (x 73B)
Class [Lorg.jetbrains.kotlin.gradle.dsl.PlatformSourceSetConventionsChecker$CheckedPlatformInfo;: loaded 2 times (x 71B)
Class org.jetbrains.kotlin.gradle.plugin.diagnostics.KotlinGradleProjectCheckerContext: loaded 2 times (x 74B)
Class org.jetbrains.kotlin.gradle.plugin.diagnostics.checkers.DuplicateSourceSetChecker: loaded 2 times (x 76B)
Class org.jetbrains.kotlin.gradle.targets.KotlinTargetSideEffect                      : loaded 2 times (x 72B)
Class org.jetbrains.kotlin.gradle.plugin.DefaultKotlinBasePlugin$setupAttributeMatchingStrategy$1$1: loaded 2 times (x 81B)
Class org.jetbrains.kotlin.gradle.plugin.diagnostics.ToolingDiagnosticFactory         : loaded 2 times (x 75B)
Class org.jetbrains.kotlin.statistics.metrics.NumericalMetrics$Companion              : loaded 2 times (x 73B)
Class [Lorg.jetbrains.kotlin.statistics.metrics.NumberAnonymizationPolicy;            : loaded 2 times (x 71B)
Class org.jetbrains.kotlin.statistics.metrics.NumberOverridePolicy$OVERRIDE           : loaded 2 times (x 87B)
Class org.jetbrains.kotlin.gradle.internal.properties.PropertiesBuildService$property$1: loaded 2 times (x 81B)
Class org.objectweb.asm.CurrentFrame                                                  : loaded 2 times (x 75B)
Class org.objectweb.asm.ClassTooLargeException                                        : loaded 2 times (x 84B)
Class kotlin.text.MatcherMatchResult$groupValues$1                                    : loaded 2 times (x 200B)
Class kotlinx.coroutines.CopyableThreadContextElement                                 : loaded 2 times (x 72B)
Class kotlin.reflect.jvm.internal.KPropertyImpl$$Lambda$1                             : loaded 2 times (x 78B)
Class kotlin.sequences.SequencesKt___SequencesKt$flatMap$1                            : loaded 2 times (x 127B)
Class groovy.lang.GroovyCodeSource                                                    : loaded 2 times (x 81B)
Class groovy.lang.GroovyInterceptable                                                 : loaded 2 times (x 72B)
Class groovyjarjarasm.asm.ByteVector                                                  : loaded 2 times (x 81B)
Class [Lorg.codehaus.groovy.classgen.FinalVariableAnalyzer$VariableState;             : loaded 2 times (x 71B)
Class org.apache.groovy.util.concurrent.concurrentlinkedhashmap.Weighers              : loaded 2 times (x 73B)
Class org.codehaus.groovy.classgen.EnumCompletionVisitor                              : loaded 2 times (x 214B)
Class org.apache.groovy.parser.antlr4.GroovyParser$ClassicalForControlContext         : loaded 2 times (x 163B)
Class org.apache.groovy.parser.antlr4.GroovyParser$VariableModifiersOptContext        : loaded 2 times (x 160B)
Class groovyjarjarantlr4.v4.runtime.atn.LexerPushModeAction                           : loaded 2 times (x 78B)
Class groovyjarjarantlr4.v4.runtime.dfa.EdgeMap                                       : loaded 2 times (x 72B)
Class groovyjarjarantlr4.v4.runtime.atn.ATN                                           : loaded 2 times (x 87B)
Class groovyjarjarantlr4.v4.runtime.atn.WildcardTransition                            : loaded 2 times (x 78B)
Class groovyjarjarantlr4.v4.runtime.LexerNoViableAltException                         : loaded 2 times (x 95B)
Class org.apache.groovy.parser.antlr4.GroovyParser$GstringPathContext                 : loaded 2 times (x 161B)
Class org.apache.groovy.parser.antlr4.GroovyParser$AnonymousInnerClassDeclarationContext: loaded 2 times (x 159B)
Class org.apache.groovy.parser.antlr4.GroovyParser$StringLiteralContext               : loaded 2 times (x 159B)
Class org.codehaus.groovy.ast.expr.MethodPointerExpression                            : loaded 2 times (x 133B)
Class org.codehaus.groovy.runtime.DefaultGroovyStaticMethods                          : loaded 2 times (x 73B)
Class com.android.resources.ResourceFolderType                                        : loaded 2 times (x 81B)
Class org.apache.groovy.parser.antlr4.GroovyParser$PrimaryContext                     : loaded 2 times (x 159B)
Class org.apache.groovy.parser.antlr4.GroovyParser$RparenContext                      : loaded 2 times (x 159B)
Class org.apache.groovy.parser.antlr4.util.StringUtils                                : loaded 2 times (x 73B)
Class org.apache.groovy.util.concurrent.concurrentlinkedhashmap.Linked                : loaded 2 times (x 72B)
Class org.codehaus.groovy.classgen.asm.BytecodeVariable                               : loaded 2 times (x 87B)
Class com.android.ide.common.gradle.Version$Companion$ParseState$NUMERIC              : loaded 2 times (x 76B)
Class com.android.ide.common.repository.AgpVersion$PreviewKind                        : loaded 2 times (x 81B)
Class [Lcom.android.tools.lint.model.LintModelModuleType;                             : loaded 2 times (x 71B)
Class com.android.tools.lint.model.LintModelSerialization$LintModelSerializationFileAdapter$WhenMappings: loaded 2 times (x 73B)
Class kotlin.jvm.internal.FloatCompanionObject                                        : loaded 2 times (x 73B)
Class com.google.protobuf.Descriptors$FieldDescriptor$JavaType                        : loaded 2 times (x 81B)
Class org.gradle.internal.classloader.DefaultClassLoaderFactory                       : loaded 2 times (x 84B)
Class org.jetbrains.kotlin.incremental.classpathDiff.JavaClassSnapshot                : loaded 2 times (x 77B)
Class org.jetbrains.kotlin.incremental.classpathDiff.impl.SingleClassSnapshotter$WhenMappings: loaded 2 times (x 73B)
Class org.jetbrains.org.objectweb.asm.RecordComponentWriter                           : loaded 2 times (x 79B)
Class com.google.common.base.Suppliers                                                : loaded 2 times (x 73B)
Class kotlin.reflect.jvm.internal.impl.descriptors.runtime.structure.ReflectJavaClass$methods$1: loaded 2 times (x 81B)
Class [Lcom.google.common.cache.CacheBuilder$OneWeigher;                              : loaded 2 times (x 71B)
Class org.objectweb.asm.MethodTooLargeException                                       : loaded 2 times (x 84B)
Class kotlin.reflect.jvm.internal.impl.load.java.lazy.descriptors.JvmPackageScope$kotlinScopes$2: loaded 2 times (x 81B)
Class org.jetbrains.kotlin.gradle.internal.properties.PropertiesBuildService$MemoizedCallable$value$2: loaded 2 times (x 81B)
Class [Lorg.jetbrains.kotlin.statistics.ValueAnonymizer;                              : loaded 2 times (x 71B)
Class org.jetbrains.kotlin.gradle.plugin.KotlinGradleBuildServices                    : loaded 2 times (x 82B)
Class org.jetbrains.kotlin.gradle.targets.native.toolchain.KotlinNativeBundleBuildService: loaded 2 times (x 78B)
Class kotlin.reflect.jvm.internal.impl.builtins.DefaultBuiltIns                       : loaded 2 times (x 115B)
Class kotlin.reflect.jvm.internal.impl.types.ErrorUtils$1                             : loaded 2 times (x 92B)
Class org.jetbrains.kotlin.gradle.targets.native.toolchain.KotlinNativeBundleBuildService$Parameters: loaded 2 times (x 72B)
Class org.jetbrains.kotlin.gradle.tasks.DefaultKotlinJavaToolchain                    : loaded 2 times (x 79B)
Class org.jetbrains.kotlin.gradle.tasks.DefaultKotlinJavaToolchain$Companion          : loaded 2 times (x 73B)
Class com.google.common.reflect.Types$JavaVersion$4                                   : loaded 2 times (x 85B)
Class org.jetbrains.kotlin.gradle.tasks.configuration.AbstractKotlinCompileConfig$2$2$1: loaded 2 times (x 77B)
Class org.jetbrains.kotlin.build.report.metrics.BuildAttributes$Companion             : loaded 2 times (x 73B)
Class org.jetbrains.kotlin.gradle.tasks.KotlinCompilationTask                         : loaded 2 times (x 72B)
Class org.jetbrains.kotlin.gradle.plugin.mpp.compilationImpl.factory.KotlinCompilationImplFactory$ProcessResourcesTaskNameFactory: loaded 2 times (x 72B)
Class org.jetbrains.kotlin.gradle.internal.properties.PropertiesBuildService$property$2: loaded 2 times (x 81B)
Class org.jetbrains.kotlin.gradle.internal.KotlinDependenciesManagementKt             : loaded 2 times (x 73B)
Class org.jetbrains.kotlin.gradle.plugin.DefaultKotlinBasePlugin$setupAttributeMatchingStrategy$1$2: loaded 2 times (x 81B)
Class org.jetbrains.kotlin.gradle.targets.native.internal.PlatformLibrariesGenerator$Companion: loaded 2 times (x 73B)
Class org.jetbrains.kotlin.gradle.plugin.statistics.KotlinBuildStatsLoggerService     : loaded 2 times (x 74B)
Class org.jetbrains.kotlin.gradle.plugin.internal.CustomPropertiesFileValueSource$Inject: loaded 2 times (x 115B)
Class org.objectweb.asm.Frame                                                         : loaded 2 times (x 75B)
Class com.google.common.cache.LocalCache$EntryFactory$1                               : loaded 2 times (x 85B)
Class [Lcom.google.common.cache.RemovalListener;                                      : loaded 2 times (x 71B)
Class [Lcom.android.resources.NavigationState;                                        : loaded 2 times (x 71B)
Class com.google.protobuf.DescriptorProtos$DescriptorProto$ExtensionRangeOrBuilder    : loaded 2 times (x 72B)
Class com.google.common.collect.RegularImmutableBiMap$Inverse$InverseEntrySet         : loaded 2 times (x 154B)
Class org.codehaus.groovy.classgen.asm.MethodReferenceExpressionWriter                : loaded 2 times (x 76B)
Class org.codehaus.groovy.transform.trait.TraitComposer                               : loaded 2 times (x 73B)
Class groovyjarjarantlr4.v4.runtime.atn.ParserATNSimulator                            : loaded 2 times (x 119B)
Class org.apache.groovy.parser.antlr4.GroovyParser$ExpressionListContext              : loaded 2 times (x 162B)
Class org.codehaus.groovy.ast.expr.EmptyExpression                                    : loaded 2 times (x 129B)
Class org.codehaus.groovy.control.messages.SimpleMessage                              : loaded 2 times (x 76B)
Class org.codehaus.groovy.ast.stmt.BlockStatement                                     : loaded 2 times (x 117B)
Class org.apache.groovy.plugin.GroovyRunnerRegistry                                   : loaded 2 times (x 136B)
Class org.codehaus.groovy.runtime.metaclass.MetaClassRegistryImpl$DefaultModuleListener: loaded 2 times (x 78B)
Class org.jetbrains.kotlin.gradle.plugin.KotlinPluginLifecycle$ProjectConfigurationResult$Failure: loaded 2 times (x 74B)
Class com.google.common.collect.MapMakerInternalMap$StrongKeyDummyValueEntry$LinkedStrongKeyDummyValueEntry: loaded 2 times (x 84B)
Class build_83jnoa820lpe6l8anbc1kvds5                                                 : loaded 2 times (x 174B)
Class kotlin.reflect.jvm.internal.impl.load.java.AnnotationTypeQualifierResolver$resolvedNicknames$1: loaded 2 times (x 131B)
Class kotlin.reflect.jvm.internal.CachesKt                                            : loaded 2 times (x 73B)
Class kotlin.reflect.jvm.internal.impl.serialization.deserialization.descriptors.DeserializedMemberScope$OptimizedImplementation$functionNames$2: loaded 2 times (x 81B)
Class org.jetbrains.kotlin.daemon.common.OptionsGroup                                 : loaded 2 times (x 72B)
Class org.jetbrains.kotlin.incremental.impl.InstanceOwnerRecordingClassVisitor        : loaded 2 times (x 90B)
Class [Lkotlin.reflect.KProperty1;                                                    : loaded 2 times (x 71B)
Class org.jetbrains.kotlin.buildtools.internal.KotlinLoggerMessageCollectorAdapter    : loaded 2 times (x 79B)
Class org.jetbrains.kotlin.daemon.common.IncrementalCompilationOptions                : loaded 2 times (x 74B)
Class com.android.tools.lint.model.LintModelModule                                    : loaded 2 times (x 72B)
Class com.google.gson.JsonSyntaxException                                             : loaded 2 times (x 84B)
Class kotlinx.coroutines.scheduling.SchedulerTimeSource                               : loaded 2 times (x 74B)
Class kotlinx.coroutines.scheduling.CoroutineScheduler                                : loaded 2 times (x 83B)
Class kotlin.reflect.jvm.internal.impl.types.ErrorUtils$2                             : loaded 2 times (x 82B)
Class kotlin.reflect.jvm.internal.KPropertyImpl$$Lambda$0                             : loaded 2 times (x 78B)
Class org.codehaus.groovy.util.Finalizable                                            : loaded 2 times (x 72B)
Class org.codehaus.groovy.util.ReferenceBundle                                        : loaded 2 times (x 76B)
Class com.google.common.reflect.Types$JavaVersion$5                                   : loaded 2 times (x 73B)
Class [Lcom.google.common.reflect.Types$ClassOwnership;                               : loaded 2 times (x 71B)
Class org.jetbrains.kotlin.gradle.plugin.mpp.InternalKotlinTargetKt$special$$inlined$extrasStoredFuture$1: loaded 2 times (x 81B)
Class org.jetbrains.kotlin.tooling.core.ExtrasProperty                                : loaded 2 times (x 72B)
Class org.jetbrains.kotlin.compilerRunner.UsesCompilerSystemPropertiesService         : loaded 2 times (x 72B)
Class org.jetbrains.kotlin.gradle.plugin.mpp.compilationImpl.KotlinCompilationSourceSetInclusion$Companion: loaded 2 times (x 73B)
Class com.google.common.collect.RangeSet                                              : loaded 2 times (x 72B)
Class org.jetbrains.kotlin.konan.target.KonanTarget$WATCHOS_DEVICE_ARM64              : loaded 2 times (x 80B)
Class org.jetbrains.kotlin.gradle.plugin.diagnostics.checkers.MissingNativeStdlibChecker$runChecks$1: loaded 2 times (x 89B)
Class [Lorg.jetbrains.kotlin.gradle.plugin.sources.android.AndroidVariantType;        : loaded 2 times (x 71B)
Class org.jetbrains.kotlin.gradle.plugin.sources.android.AndroidVariantType           : loaded 2 times (x 81B)
Class org.jetbrains.kotlin.gradle.plugin.mpp.KotlinTargetSoftwareComponent            : loaded 2 times (x 91B)
Class org.jetbrains.kotlin.gradle.plugin.mpp.KotlinVariant                            : loaded 2 times (x 103B)
Class org.jetbrains.kotlin.gradle.targets.native.ConfigureFrameworkExportSideEffectKt : loaded 2 times (x 73B)
Class org.jetbrains.kotlin.gradle.utils.WhenPluginEnabledKt                           : loaded 2 times (x 73B)
Class org.jetbrains.kotlin.gradle.plugin.VariantImplementationFactories               : loaded 2 times (x 77B)
Class org.jetbrains.kotlin.gradle.internal.diagnostics.KotlinCompilerEmbeddableCheck  : loaded 2 times (x 73B)
Class com.google.common.cache.LocalCache$EntryFactory$2                               : loaded 2 times (x 85B)
Class org.gradle.api.internal.classpath.GlobalCacheRootsProvider                      : loaded 2 times (x 72B)
Class com.android.ide.common.rendering.api.AttrResourceValue                          : loaded 2 times (x 72B)
Class org.apache.groovy.parser.antlr4.GroovyParser$QualifiedClassNameListContext      : loaded 2 times (x 164B)
Class groovyjarjarantlr4.v4.runtime.dfa.DFASerializer                                 : loaded 2 times (x 77B)
Class org.apache.groovy.parser.antlr4.GroovyParser$AssignmentExprAltContext           : loaded 2 times (x 177B)
Class org.apache.groovy.parser.antlr4.GroovyParser$EnhancedArgumentListInParContext   : loaded 2 times (x 164B)
Class org.apache.groovy.util.Maps                                                     : loaded 2 times (x 73B)
Class org.codehaus.groovy.ast.stmt.TryCatchStatement                                  : loaded 2 times (x 123B)
Class org.codehaus.groovy.runtime.metaclass.MethodSelectionException                  : loaded 2 times (x 89B)
Class org.codehaus.groovy.util.TripleKeyHashMap                                       : loaded 2 times (x 84B)
Class org.codehaus.groovy.util.FastArray                                              : loaded 2 times (x 87B)
Class groovy.lang.GroovyRuntimeException                                              : loaded 2 times (x 89B)
Class it.unimi.dsi.fastutil.ints.IntArrays$ForkJoinQuickSort                          : loaded 2 times (x 97B)
Class org.codehaus.groovy.runtime.metaclass.MultipleSetterProperty                    : loaded 2 times (x 84B)
Class org.codehaus.groovy.ast.stmt.ExpressionStatement                                : loaded 2 times (x 114B)
Class org.codehaus.groovy.ast.stmt.SynchronizedStatement                              : loaded 2 times (x 116B)
Class org.objectweb.asm.tree.MethodInsnNode                                           : loaded 2 times (x 81B)
Class org.apache.groovy.parser.antlr4.GroovyParser$LiteralContext                     : loaded 2 times (x 159B)
Class com.android.prefs.Global                                                        : loaded 2 times (x 81B)
Class org.apache.groovy.parser.antlr4.GroovyParser$TypeParameterContext               : loaded 2 times (x 162B)
Class org.apache.groovy.parser.antlr4.GroovyParser$EnumConstantContext                : loaded 2 times (x 162B)
Class org.jetbrains.kotlin.incremental.storage.SetExternalizer                        : loaded 2 times (x 82B)
Class org.jetbrains.kotlin.incremental.storage.FqNameExternalizer                     : loaded 2 times (x 77B)
Class org.apache.groovy.parser.antlr4.GroovyParser$NamedPropertyArgsContext           : loaded 2 times (x 163B)
Class groovyjarjarantlr4.v4.runtime.atn.LexerATNSimulator                             : loaded 2 times (x 101B)
Class org.apache.groovy.parser.antlr4.GroovyParser$ClassNameContext                   : loaded 2 times (x 159B)
Class com.google.protobuf.Internal$IntList                                            : loaded 2 times (x 72B)
Class com.google.protobuf.GeneratedMessageV3$BuilderParent                            : loaded 2 times (x 72B)
Class com.google.protobuf.DescriptorProtos$FieldDescriptorProto$Type$1                : loaded 2 times (x 78B)
Class com.android.ide.common.resources.configuration.LayoutDirectionQualifier         : loaded 2 times (x 93B)
Class [Lorg.objectweb.asm.Symbol;                                                     : loaded 2 times (x 71B)
Class org.jetbrains.kotlin.gradle.dsl.KotlinProjectExtension                          : loaded 2 times (x 124B)
Class kotlin.reflect.jvm.internal.impl.load.java.lazy.descriptors.LazyJavaScope$declaredMemberIndex$1: loaded 2 times (x 81B)
Class kotlin.reflect.jvm.internal.impl.builtins.jvm.JvmBuiltInClassDescriptorFactory$cloneable$2: loaded 2 times (x 81B)
Class org.jetbrains.kotlin.gradle.internal.properties.PropertiesBuildService$BooleanGradleProperty: loaded 2 times (x 78B)
Class org.jetbrains.kotlin.gradle.plugin.VariantImplementationFactories$Companion$getProvider$1: loaded 2 times (x 77B)
Class org.jetbrains.kotlin.gradle.plugin.statistics.KotlinBuildStatsBeanService$Companion$initStatsService$1: loaded 2 times (x 81B)
Class org.jetbrains.kotlin.statistics.metrics.StringOverridePolicy$OVERRIDE_VERSION_IF_NOT_SET: loaded 2 times (x 87B)
Class org.jetbrains.kotlin.gradle.plugin.KotlinGradlePluginExtensionPointInternal     : loaded 2 times (x 78B)
Class org.jetbrains.kotlin.gradle.plugin.KotlinTargetComponent                        : loaded 2 times (x 72B)
Class kotlin.reflect.jvm.internal.KClassImpl$Data$allStaticMembers$2                  : loaded 2 times (x 81B)
Class org.jetbrains.kotlin.gradle.dsl.KotlinCommonCompilerToolOptionsHelper           : loaded 2 times (x 73B)
Class com.google.common.collect.Multimaps                                             : loaded 2 times (x 73B)
Class org.jetbrains.kotlin.tooling.core.Extras$Entry$Companion                        : loaded 2 times (x 73B)
Class com.google.common.collect.CollectCollectors                                     : loaded 2 times (x 73B)
Class org.jetbrains.kotlin.gradle.targets.js.dsl.KotlinWasmWasiTargetDsl              : loaded 2 times (x 72B)
Class org.jetbrains.kotlin.gradle.plugin.diagnostics.checkers.DisabledNativeTargetsChecker: loaded 2 times (x 76B)
Class org.jetbrains.kotlin.gradle.plugin.mpp.compilationImpl.KotlinCreateSourcesJarTaskSideEffectKt$KotlinCreateSourcesJarTaskSideEffect$1: loaded 2 times (x 76B)
Class org.jetbrains.kotlin.gradle.internal.CompilerArgumentAware                      : loaded 2 times (x 72B)
Class org.jetbrains.kotlin.gradle.utils.ReportUtilsKt                                 : loaded 2 times (x 73B)
Class org.jetbrains.kotlin.gradle.utils.StoredLazyProperty                            : loaded 2 times (x 77B)
Class org.objectweb.asm.ModuleWriter                                                  : loaded 2 times (x 83B)
Class com.google.common.cache.LocalCache$EntryFactory$3                               : loaded 2 times (x 85B)
Class com.google.common.base.Ticker$1                                                 : loaded 2 times (x 74B)
Class com.android.ide.common.rendering.api.ResourceValue                              : loaded 2 times (x 72B)
Class com.android.resources.TouchScreen                                               : loaded 2 times (x 88B)
Class com.google.protobuf.DescriptorProtos$FileDescriptorProto                        : loaded 2 times (x 242B)
Class org.jetbrains.kotlin.gradle.plugin.KotlinPluginLifecycleImpl$WhenMappings       : loaded 2 times (x 73B)
Class com.google.protobuf.Descriptors$Descriptor                                      : loaded 2 times (x 78B)
Class [Lcom.android.tools.analytics.Environment$SystemProperty;                       : loaded 2 times (x 71B)
Class com.android.tools.analytics.AnalyticsSettings                                   : loaded 2 times (x 73B)
Class org.codehaus.groovy.transform.AnnotationCollectorTransform$ClassChanger         : loaded 2 times (x 74B)
Class [Lgroovyjarjarantlr4.v4.runtime.dfa.DFAState$PredPrediction;                    : loaded 2 times (x 71B)
Class groovyjarjarantlr4.v4.runtime.FailedPredicateException                          : loaded 2 times (x 95B)
Class org.apache.groovy.parser.antlr4.GroovyParser$EnumConstantsContext               : loaded 2 times (x 164B)
Class groovyjarjarantlr4.v4.runtime.misc.Interval                                     : loaded 2 times (x 85B)
Class [Lgroovyjarjarantlr4.v4.runtime.atn.ATNDeserializer$UnicodeDeserializingMode;   : loaded 2 times (x 71B)
Class org.jetbrains.kotlin.gradle.plugin.diagnostics.checkers.DeprecatedKotlinNativeTargetsChecker$runChecks$1: loaded 2 times (x 89B)
Class org.codehaus.groovy.control.MultipleCompilationErrorsException                  : loaded 2 times (x 92B)
Class org.codehaus.groovy.runtime.BytecodeInterface8                                  : loaded 2 times (x 73B)
Class org.codehaus.groovy.runtime.metaclass.ThreadManagedMetaBeanProperty             : loaded 2 times (x 88B)
Class groovy.lang.groovydoc.GroovydocHolder                                           : loaded 2 times (x 72B)
Class org.codehaus.groovy.util.ManagedConcurrentLinkedQueue$Element                   : loaded 2 times (x 78B)
Class groovy.lang.GroovyCallable                                                      : loaded 2 times (x 72B)
Class groovy.lang.GroovyObjectSupport                                                 : loaded 2 times (x 86B)
Class org.jetbrains.kotlin.gradle.plugin.KotlinPluginLifecycleImplKt                  : loaded 2 times (x 73B)
Class kotlinx.coroutines.Incomplete                                                   : loaded 2 times (x 72B)
Class org.jetbrains.kotlin.gradle.targets.js.dsl.KotlinJsTargetDsl                    : loaded 2 times (x 72B)
Class org.jetbrains.kotlin.konan.target.KonanTarget$WATCHOS_ARM32                     : loaded 2 times (x 80B)
Class org.jetbrains.kotlin.gradle.plugin.KotlinProjectSetupActionKt$KotlinProjectSetupCoroutine$1$1: loaded 2 times (x 97B)
Class org.jetbrains.kotlin.incremental.storage.ClassIdExternalizer                    : loaded 2 times (x 77B)
Class kotlin.reflect.jvm.internal.calls.BoundCaller                                   : loaded 2 times (x 72B)
Class org.jetbrains.kotlin.gradle.plugin.mpp.compilationImpl.factory.KotlinCompilationImplFactory$PreConfigure: loaded 2 times (x 72B)
Class org.jetbrains.kotlin.gradle.tasks.configuration.AbstractKotlinCompileConfig$2   : loaded 2 times (x 81B)
Class org.jetbrains.kotlin.gradle.utils.GradleAttributesContainerUtilsKt$setAttributeProvider$1: loaded 2 times (x 77B)
Class org.jetbrains.kotlin.gradle.tasks.CacheableTasksKt$cacheOnlyIfEnabledForKotlin$1: loaded 2 times (x 77B)
Class org.jetbrains.kotlin.gradle.tasks.AbstractKotlinCompile$compilerRunner$1        : loaded 2 times (x 77B)
Class com.google.common.cache.LocalCache$Values                                       : loaded 2 times (x 120B)
Class org.jetbrains.kotlin.statistics.AnonymizerUtilsKt$salt$2                        : loaded 2 times (x 80B)
Class com.google.common.reflect.TypeCapture                                           : loaded 2 times (x 73B)
Class com.google.common.collect.TransformedListIterator                               : loaded 2 times (x 95B)
Class build_4bpqkl11e2e92ygk5rzr4e51j$_run_closure1                                   : loaded 2 times (x 140B)
Class org.jetbrains.kotlin.buildtools.internal.jvm.operations.JvmCompilationOperationImpl$EntriesMappings: loaded 2 times (x 73B)
Class org.jetbrains.kotlin.incremental.classpathDiff.impl.ClassListSnapshotterKt$WhenMappings: loaded 2 times (x 73B)
Class org.jetbrains.kotlin.com.intellij.openapi.vfs.impl.ZipHandlerBase               : loaded 2 times (x 84B)
Class org.jetbrains.kotlin.com.intellij.openapi.vfs.impl.ZipHandler$1                 : loaded 2 times (x 88B)
Class com.android.utils.ILogger                                                       : loaded 2 times (x 72B)
Class com.android.utils.NullLogger                                                    : loaded 2 times (x 87B)
Class it.unimi.dsi.fastutil.objects.ReferenceSet                                      : loaded 2 times (x 72B)
Class Native_plugin_loader_gradle$NativePluginLoader                                  : loaded 2 times (x 74B)
Class com.google.common.collect.CollectSpliterators$1                                 : loaded 2 times (x 92B)
Class org.jetbrains.kotlin.gradle.tasks.K2MultiplatformStructure_Decorated            : loaded 2 times (x 133B)
Class org.jetbrains.kotlin.compilerRunner.GradleCompilerRunner                        : loaded 2 times (x 75B)
Class org.jetbrains.kotlin.gradle.dsl.AndroidMainSourceSetConventionsChecker$runChecks$1: loaded 2 times (x 89B)
Class org.jetbrains.kotlin.gradle.plugin.sources.FragmentConsistencyChecks            : loaded 2 times (x 74B)
Class org.jetbrains.kotlin.gradle.plugin.mpp.InternalKotlinTargetComponent            : loaded 2 times (x 95B)
Class org.jetbrains.kotlin.gradle.targets.CreateNonPackedKlibVariantsSideEffectKt     : loaded 2 times (x 73B)
Class org.jetbrains.kotlin.gradle.targets.CreateDefaultTestRunSideEffectKt$special$$inlined$KotlinTargetSideEffect$1: loaded 2 times (x 76B)
Class org.jetbrains.kotlin.gradle.utils.ProviderApiUtilsKt                            : loaded 2 times (x 73B)
Class org.jetbrains.kotlin.gradle.plugin.diagnostics.IsAttachedToTerminalValueSource  : loaded 2 times (x 82B)
Class org.jetbrains.kotlin.gradle.targets.native.UsesKonanPropertiesBuildService      : loaded 2 times (x 72B)
Class org.jetbrains.kotlin.gradle.internal.properties.NativePropertiesLoader$forceDisableRunningInProcess$1: loaded 2 times (x 77B)
Class org.jetbrains.kotlin.gradle.internal.tasks.TaskWithLocalState                   : loaded 2 times (x 72B)
Class org.jetbrains.kotlin.gradle.plugin.statistics.KotlinBuildStatisticsUtilsKt      : loaded 2 times (x 73B)
Class org.jetbrains.kotlin.statistics.metrics.BooleanMetrics                          : loaded 2 times (x 81B)
Class org.jetbrains.kotlin.gradle.utils.PersistentCachesKt                            : loaded 2 times (x 73B)
Class org.jetbrains.kotlin.gradle.internal.properties.PropertiesBuildService$Params   : loaded 2 times (x 72B)
Class org.jetbrains.kotlin.gradle.internal.diagnostics.GradleCompatibilityCheck       : loaded 2 times (x 73B)
Class com.google.common.cache.LocalCache$EntryFactory$4                               : loaded 2 times (x 85B)
Class com.android.ide.common.rendering.api.ArrayResourceValue                         : loaded 2 times (x 72B)
Class com.android.resources.ScreenOrientation                                         : loaded 2 times (x 88B)
Class com.android.ide.common.resources.configuration.NightModeQualifier               : loaded 2 times (x 92B)
Class [Lcom.google.protobuf.GeneratedMessageV3$FieldAccessorTable$OneofAccessor;      : loaded 2 times (x 71B)
Class com.android.sdklib.AndroidTargetHash                                            : loaded 2 times (x 73B)
Class kotlinx.coroutines.CoroutineScope                                               : loaded 2 times (x 72B)
Class com.android.tools.analytics.AnalyticsPaths                                      : loaded 2 times (x 73B)
Class groovyjarjarasm.asm.AnnotationVisitor                                           : loaded 2 times (x 80B)
Class groovyjarjarasm.asm.RecordComponentWriter                                       : loaded 2 times (x 79B)
Class org.codehaus.groovy.classgen.InnerClassCompletionVisitor$1                      : loaded 2 times (x 75B)
Class groovyjarjarantlr4.v4.runtime.VocabularyImpl                                    : loaded 2 times (x 84B)
Class org.codehaus.groovy.ast.expr.PrefixExpression                                   : loaded 2 times (x 132B)
Class groovyjarjarasm.asm.ClassWriter                                                 : loaded 2 times (x 107B)
Class kotlinx.coroutines.ChildHandle                                                  : loaded 2 times (x 72B)
Class groovy.lang.GroovyResourceLoader                                                : loaded 2 times (x 72B)
Class org.codehaus.groovy.ast.PackageNode                                             : loaded 2 times (x 125B)
Class groovy.lang.MetaClassImpl$10                                                    : loaded 2 times (x 79B)
Class org.codehaus.groovy.reflection.MixinInMetaClass                                 : loaded 2 times (x 89B)
Class kotlinx.coroutines.AbstractTimeSourceKt                                         : loaded 2 times (x 73B)
Class org.codehaus.groovy.control.ProcessingUnit                                      : loaded 2 times (x 85B)
Class [Lorg.jetbrains.kotlin.com.intellij.openapi.util.io.FileAttributes$CaseSensitivity;: loaded 2 times (x 71B)
Class org.jetbrains.kotlin.incremental.storage.NullableValueExternalizer              : loaded 2 times (x 78B)
Class org.jetbrains.kotlin.daemon.common.CompileIterationResult$Companion             : loaded 2 times (x 73B)
Class [Lorg.jetbrains.kotlin.daemon.common.ReportSeverity;                            : loaded 2 times (x 71B)
Class org.jetbrains.kotlin.daemon.common.DaemonParamsKt                               : loaded 2 times (x 73B)
Class org.apache.groovy.parser.antlr4.GroovyParser$VariableNamesContext               : loaded 2 times (x 164B)
Class org.codehaus.groovy.ast.VariableScope                                           : loaded 2 times (x 97B)
Class groovyjarjarantlr4.v4.runtime.atn.PlusLoopbackState                             : loaded 2 times (x 91B)
Class groovyjarjarantlr4.v4.runtime.BailErrorStrategy                                 : loaded 2 times (x 109B)
Class org.apache.groovy.ast.tools.ClassNodeUtils                                      : loaded 2 times (x 73B)
Class groovyjarjarasm.asm.MethodWriter                                                : loaded 2 times (x 107B)
Class org.codehaus.groovy.classgen.asm.BinaryExpressionMultiTypeDispatcher            : loaded 2 times (x 93B)
Class com.google.gson.internal.bind.JsonTreeReader                                    : loaded 2 times (x 99B)
Class kotlin.reflect.jvm.internal.impl.builtins.functions.FunctionClassKind           : loaded 2 times (x 81B)
Class kotlin.reflect.jvm.internal.KCallableImpl$_parameters$1                         : loaded 2 times (x 81B)
Class com.google.common.collect.ReverseOrdering                                       : loaded 2 times (x 117B)
Class org.jetbrains.kotlin.gradle.plugin.sources.KotlinDependencyScopeKt$WhenMappings : loaded 2 times (x 73B)
Class org.jetbrains.kotlin.gradle.tasks.K2MultiplatformCompilationTask                : loaded 2 times (x 72B)
Class org.jetbrains.kotlin.gradle.plugin.diagnostics.checkers.OverriddenKotlinNativeHomeChecker$StdlibExistenceCheckerValueSource$Inject: loaded 2 times (x 111B)
Class org.jetbrains.kotlin.gradle.utils.ConfigurationsKt$maybeCreateDependencyScope$1 : loaded 2 times (x 80B)
Class org.jetbrains.kotlin.gradle.plugin.sources.FragmentConsistencyChecks$languageVersionCheck$1: loaded 2 times (x 81B)
Class org.jetbrains.kotlin.gradle.plugin.mpp.DecoratedKotlinCompilation               : loaded 2 times (x 197B)
Class org.jetbrains.kotlin.gradle.plugin.diagnostics.checkers.ExperimentalTryNextUsageChecker: loaded 2 times (x 76B)
Class [Lorg.jetbrains.kotlin.gradle.plugin.KotlinPlatformType;                        : loaded 2 times (x 71B)
Class [Lorg.jetbrains.kotlin.gradle.plugin.diagnostics.ToolingDiagnostic$Severity;    : loaded 2 times (x 71B)
Class org.jetbrains.kotlin.gradle.plugin.statistics.UsesBuildFusService               : loaded 2 times (x 72B)
Class org.jetbrains.kotlin.gradle.plugin.statistics.old.Pre232IdeaKotlinBuildStatsBeanService: loaded 2 times (x 97B)
Class org.jetbrains.kotlin.statistics.metrics.NumberOverridePolicy$AVERAGE            : loaded 2 times (x 87B)
Class org.jetbrains.kotlin.gradle.plugin.VariantImplementationFactories$Parameters$Inject: loaded 2 times (x 108B)
Class org.jetbrains.kotlin.gradle.plugin.BuildFinishedListenerService$Companion$registerIfAbsent$1$1: loaded 2 times (x 81B)
Class org.jetbrains.kotlin.gradle.internal.diagnostics.GradleCompatibilityCheck$CurrentGradleVersionProvider: loaded 2 times (x 72B)
Class com.google.common.cache.LocalCache$EntryFactory$5                               : loaded 2 times (x 85B)
Class com.google.common.collect.Tables                                                : loaded 2 times (x 73B)
Class com.android.resources.LayoutDirection                                           : loaded 2 times (x 88B)
Class [Lcom.google.protobuf.FieldSet$FieldDescriptorLite;                             : loaded 2 times (x 71B)
Class org.apache.groovy.util.concurrent.concurrentlinkedhashmap.ConcurrentLinkedHashMap$DrainStatus$1: loaded 2 times (x 82B)
Class org.codehaus.groovy.classgen.InnerClassCompletionVisitor$2                      : loaded 2 times (x 75B)
Class groovyjarjarantlr4.v4.runtime.ProxyParserErrorListener                          : loaded 2 times (x 87B)
Class org.apache.groovy.parser.antlr4.GroovyParser$FormalParameterListContext         : loaded 2 times (x 165B)
Class org.apache.groovy.parser.antlr4.GroovyParser$MapPrmrAltContext                  : loaded 2 times (x 160B)
Class groovyjarjarantlr4.v4.runtime.atn.LexerTypeAction                               : loaded 2 times (x 82B)
Class org.apache.groovy.parser.antlr4.GroovyParser$ConditionalExprAltContext          : loaded 2 times (x 166B)
Class org.apache.groovy.parser.antlr4.GroovyParser$GstringContext                     : loaded 2 times (x 164B)
Class org.apache.groovy.parser.antlr4.GroovyParser$ThisFormalParameterContext         : loaded 2 times (x 160B)
Class org.codehaus.groovy.ast.InnerClassNode                                          : loaded 2 times (x 249B)
Class com.google.common.collect.MapMakerInternalMap$WeakKeyStrongValueSegment         : loaded 2 times (x 144B)
Class org.codehaus.groovy.control.ResolveVisitor$LowerCaseClass                       : loaded 2 times (x 244B)
Class [Lorg.codehaus.groovy.runtime.callsite.CallSite;                                : loaded 2 times (x 71B)
Class [Lgroovy.lang.MetaProperty;                                                     : loaded 2 times (x 71B)
Class org.codehaus.groovy.reflection.CachedClass$1                                    : loaded 2 times (x 84B)
Class org.codehaus.groovy.util.LazyReference$1                                        : loaded 2 times (x 78B)
Class com.android.utils.FileUtils                                                     : loaded 2 times (x 73B)
Class kotlin.time.Duration                                                            : loaded 2 times (x 76B)
Class com.google.protobuf.GeneratedMessageV3$Builder$BuilderParentImpl                : loaded 2 times (x 80B)
Class com.google.common.collect.Tables$ImmutableCell                                  : loaded 2 times (x 84B)
Class org.jetbrains.kotlin.gradle.internal.properties.PropertiesBuildService$IntGradleProperty: loaded 2 times (x 78B)
Class org.jetbrains.kotlin.incremental.storage.LinkedHashMapExternalizer              : loaded 2 times (x 82B)
Class org.jetbrains.kotlin.daemon.common.CompilerServicesFacadeBase                   : loaded 2 times (x 72B)
Class [Lorg.jetbrains.kotlin.daemon.common.OSKind;                                    : loaded 2 times (x 71B)
Class org.jetbrains.kotlin.gradle.plugin.statistics.FlowActionBuildFusService$Companion$registerIfAbsentImpl$1: loaded 2 times (x 77B)
Class org.jetbrains.kotlin.gradle.plugin.mpp.KotlinUsages$KotlinMetadataDisambiguation: loaded 2 times (x 78B)
Class org.jetbrains.kotlin.gradle.plugin.mpp.compilationImpl.KotlinCompilationSideEffect$Companion: loaded 2 times (x 73B)
Class kotlin.reflect.jvm.internal.impl.serialization.deserialization.descriptors.DeserializedMemberScope$classNames$2: loaded 2 times (x 81B)
Class org.jetbrains.kotlin.gradle.artifacts.KotlinNativeHostSpecificMetadataArtifactKt$KotlinNativeHostSpecificMetadataArtifact$1: loaded 2 times (x 76B)
Class org.jetbrains.kotlin.konan.target.KonanTarget$ANDROID_ARM64                     : loaded 2 times (x 80B)
Class org.jetbrains.kotlin.gradle.plugin.mpp.compilationImpl.KotlinCompilationFriendPathsResolver: loaded 2 times (x 72B)
Class org.jetbrains.kotlin.gradle.tasks.configuration.AbstractKotlinCompileConfig$1   : loaded 2 times (x 81B)
Class org.jetbrains.kotlin.gradle.plugin.sources.KotlinDependencyScope                : loaded 2 times (x 81B)
Class org.jetbrains.kotlin.gradle.plugin.mpp.KotlinMetadataCompilation                : loaded 2 times (x 72B)
Class org.jetbrains.kotlin.gradle.utils.FutureKt$future$1                             : loaded 2 times (x 97B)
Class org.jetbrains.kotlin.gradle.report.GradleBuildMetricsReporter                   : loaded 2 times (x 100B)
Class org.jetbrains.kotlin.gradle.tasks.KotlinCompile$androidLayoutResources$1        : loaded 2 times (x 76B)
Class kotlin.reflect.jvm.internal.impl.builtins.PrimitiveType$typeFqName$2            : loaded 2 times (x 81B)
Class org.jetbrains.kotlin.buildtools.internal.Options                                : loaded 2 times (x 77B)
Class kotlin.reflect.jvm.internal.KClassImpl$Data$simpleName$2                        : loaded 2 times (x 81B)
Class org.jetbrains.kotlin.incremental.classpathDiff.impl.ClassListSnapshotterKt      : loaded 2 times (x 73B)
Class org.apache.commons.io.output.AppendableWriter                                   : loaded 2 times (x 102B)
Class com.google.common.collect.HashMultimap                                          : loaded 2 times (x 175B)
Class org.jetbrains.kotlin.gradle.plugin.mpp.MppSourcesJarKt$sourcesJarTaskNamed$result$1: loaded 2 times (x 81B)
Class org.jetbrains.kotlin.gradle.tasks.configuration.BaseKotlinCompileConfig$1       : loaded 2 times (x 81B)
Class org.jetbrains.kotlin.gradle.plugin.mpp.compilationImpl.factory.ConfigurationNaming$Default: loaded 2 times (x 77B)
Class org.jetbrains.kotlin.gradle.plugin.mpp.compilationImpl.KotlinCompilationSourceSetInclusion: loaded 2 times (x 74B)
Class org.jetbrains.kotlin.gradle.targets.jvm.KotlinJvmTarget                         : loaded 2 times (x 168B)
Class org.jetbrains.kotlin.gradle.targets.js.dsl.KotlinWasmJsTargetDsl                : loaded 2 times (x 72B)
Class org.jetbrains.kotlin.gradle.plugin.diagnostics.checkers.DisabledNativeTargetsChecker$runChecks$1: loaded 2 times (x 89B)
Class org.jetbrains.kotlin.gradle.plugin.KotlinPluginLifecycleImpl$await$2$1          : loaded 2 times (x 81B)
Class org.jetbrains.kotlin.gradle.plugin.sources.DefaultLanguageSettingsBuilder       : loaded 2 times (x 102B)
Class org.jetbrains.kotlin.gradle.plugin.sources.FragmentConsistencyChecks$languageVersionCheck$2: loaded 2 times (x 80B)
Class org.jetbrains.kotlin.gradle.targets.CreateTargetConfigurationsSideEffectKt$CreateTargetConfigurationsSideEffect$1: loaded 2 times (x 76B)
Class org.jetbrains.kotlin.gradle.dsl.KotlinPublishingDsl                             : loaded 2 times (x 72B)
Class org.jetbrains.kotlin.gradle.dsl.KotlinTargetContainerWithPresetFunctions        : loaded 2 times (x 72B)
Class org.jetbrains.kotlin.gradle.plugin.diagnostics.ToolingDiagnosticRenderingOptionsKt$WhenMappings: loaded 2 times (x 73B)
Class org.jetbrains.kotlin.gradle.utils.GradleConfigurationUtilsKt                    : loaded 2 times (x 73B)
Class org.jetbrains.kotlin.gradle.plugin.internal.CustomPropertiesFileValueSource$Parameters: loaded 2 times (x 72B)
Class org.jetbrains.kotlin.gradle.plugin.UsesBuildFinishedListenerService             : loaded 2 times (x 72B)
Class com.google.common.cache.LocalCache$EntryFactory$6                               : loaded 2 times (x 85B)
Class org.gradle.internal.installation.CurrentGradleInstallationLocator               : loaded 2 times (x 73B)
Class [Lcom.android.resources.ScreenOrientation;                                      : loaded 2 times (x 71B)
Class com.google.protobuf.GeneratedMessageV3$ExtendableMessageOrBuilder               : loaded 2 times (x 72B)
Class org.jetbrains.kotlin.incremental.classpathDiff.impl.BasicClassInfo              : loaded 2 times (x 74B)
Class kotlin.coroutines.jvm.internal.SpillingKt                                       : loaded 2 times (x 73B)
Class org.jetbrains.kotlin.metadata.ProtoBuf$ReturnValueStatus$1                      : loaded 2 times (x 76B)
Class com.google.protobuf.CodedInputStream$ArrayDecoder                               : loaded 2 times (x 121B)
Class [Lcom.google.protobuf.Internal$EnumLite;                                        : loaded 2 times (x 71B)
Class org.codehaus.groovy.runtime.callsite.BooleanClosureWrapper                      : loaded 2 times (x 76B)
Class org.apache.groovy.util.concurrent.concurrentlinkedhashmap.ConcurrentLinkedHashMap$DrainStatus$2: loaded 2 times (x 82B)
Class org.codehaus.groovy.classgen.Verifier$12                                        : loaded 2 times (x 75B)
Class org.codehaus.groovy.classgen.InnerClassCompletionVisitor$3                      : loaded 2 times (x 75B)
Class org.apache.groovy.parser.antlr4.GroovyParser$AnnotatedQualifiedClassNameContext : loaded 2 times (x 160B)
Class groovyjarjarantlr4.v4.runtime.RecognitionException                              : loaded 2 times (x 91B)
Class org.apache.groovy.parser.antlr4.GroovyParser$TryCatchStatementContext           : loaded 2 times (x 166B)
Class org.codehaus.groovy.control.CompilationUnit$3                                   : loaded 2 times (x 85B)
Class groovy.lang.Binding                                                             : loaded 2 times (x 91B)
Class org.codehaus.groovy.runtime.memoize.CommonCache                                 : loaded 2 times (x 156B)
Class [Lorg.codehaus.groovy.reflection.CachedField;                                   : loaded 2 times (x 71B)
Class org.codehaus.groovy.reflection.CachedClass$2                                    : loaded 2 times (x 84B)
Class [Lorg.codehaus.groovy.util.ComplexKeyHashMap$Entry;                             : loaded 2 times (x 71B)
Class org.codehaus.groovy.util.LazyReference$2                                        : loaded 2 times (x 78B)
Class [Lorg.codehaus.groovy.reflection.ParameterTypes;                                : loaded 2 times (x 71B)
Class com.android.utils.PositionXmlParser$Position                                    : loaded 2 times (x 80B)
Class org.jetbrains.kotlin.incremental.storage.ProtoMapValue                          : loaded 2 times (x 74B)
Class org.jetbrains.kotlin.com.intellij.util.containers.LinkedCustomHashMap$Entry     : loaded 2 times (x 81B)
Class kotlinx.coroutines.Empty                                                        : loaded 2 times (x 77B)
Class com.android.tools.lint.model.DefaultLintModelDependencyGraph                    : loaded 2 times (x 80B)
Class com.android.tools.lint.model.DefaultLintModelLintOptions                        : loaded 2 times (x 105B)
Class com.android.tools.lint.model.DefaultLintModelAndroidArtifact                    : loaded 2 times (x 95B)
Class org.jetbrains.kotlin.com.intellij.openapi.util.ThreadLocalCachedValue           : loaded 2 times (x 77B)
Class org.jetbrains.kotlin.incremental.classpathDiff.ClasspathEntrySnapshotter        : loaded 2 times (x 73B)
Class groovy.lang.MissingFieldException                                               : loaded 2 times (x 91B)
Class org.jetbrains.kotlin.daemon.common.CompilerId$mappers$1                         : loaded 2 times (x 143B)
Class org.codehaus.groovy.ast.MethodNode                                              : loaded 2 times (x 158B)
Class org.jetbrains.kotlin.daemon.client.KotlinCompilerClient$connectAndLease$1$result$1: loaded 2 times (x 81B)
Class org.jetbrains.kotlin.daemon.common.DummyProfiler                                : loaded 2 times (x 81B)
Class org.codehaus.groovy.runtime.MetaClassHelper                                     : loaded 2 times (x 73B)
Class org.codehaus.groovy.ast.expr.TupleExpression                                    : loaded 2 times (x 140B)
Class org.apache.groovy.parser.antlr4.GroovyParserVisitor                             : loaded 2 times (x 72B)
Class org.apache.groovy.parser.antlr4.GroovyParser$SuperPrmrAltContext                : loaded 2 times (x 160B)
Class groovyjarjarantlr4.v4.runtime.atn.EmptyPredictionContext                        : loaded 2 times (x 86B)
Class org.codehaus.groovy.classgen.asm.indy.InvokeDynamicWriter                       : loaded 2 times (x 96B)
Class org.codehaus.groovy.classgen.asm.LambdaWriter                                   : loaded 2 times (x 85B)
Class com.google.protobuf.WireFormat                                                  : loaded 2 times (x 73B)
Class com.google.protobuf.DescriptorProtos$ServiceDescriptorProto                     : loaded 2 times (x 206B)
Class com.google.protobuf.Descriptors$FieldDescriptor$1                               : loaded 2 times (x 78B)
Class org.gradle.api.internal.classpath.ManifestUtil                                  : loaded 2 times (x 73B)
Class com.google.common.util.concurrent.ExecutionError                                : loaded 2 times (x 84B)
Class org.jetbrains.kotlin.statistics.metrics.StringAnonymizationPolicy$AllowedListAnonymizer: loaded 2 times (x 81B)
Class org.jetbrains.kotlin.gradle.report.BuildReportType                              : loaded 2 times (x 81B)
Class org.jetbrains.kotlin.gradle.targets.native.KonanPropertiesBuildService$Companion$registerIfAbsent$2$1: loaded 2 times (x 81B)
Class org.jetbrains.kotlin.gradle.utils.ConfigurationCacheOpaqueValueSource           : loaded 2 times (x 81B)
Class org.apache.commons.io.output.ThresholdingOutputStream                           : loaded 2 times (x 97B)
Class org.jetbrains.kotlin.statistics.metrics.SumMetricContainer                      : loaded 2 times (x 82B)
Class com.google.common.collect.ImmutableMultimap$Builder                             : loaded 2 times (x 88B)
Class org.jetbrains.kotlin.gradle.tasks.DefaultKotlinJavaToolchain$getToolsJarFromJvm$1: loaded 2 times (x 77B)
Class org.jetbrains.kotlin.build.report.metrics.GcMetrics                             : loaded 2 times (x 74B)
Class org.jetbrains.kotlin.gradle.plugin.diagnostics.UsesKotlinToolingDiagnosticsKt   : loaded 2 times (x 73B)
Class org.jetbrains.kotlin.gradle.tasks.configuration.BaseKotlinCompileConfig$2       : loaded 2 times (x 81B)
Class com.google.common.collect.Maps$KeySet                                           : loaded 2 times (x 139B)
Class org.jetbrains.kotlin.gradle.plugin.mpp.InternalKotlinCompilation                : loaded 2 times (x 72B)
Class org.jetbrains.kotlin.gradle.utils.WhenEvaluatedKt                               : loaded 2 times (x 73B)
Class org.jetbrains.kotlin.konan.target.KonanTarget$IOS_X64                           : loaded 2 times (x 80B)
Class org.jetbrains.kotlin.gradle.targets.native.internal.AddKotlinPlatformIntegersSupportLibraryKt: loaded 2 times (x 73B)
Class org.jetbrains.kotlin.gradle.plugin.AbstractKotlinJsPluginWrapper                : loaded 2 times (x 88B)
Class org.jetbrains.kotlin.gradle.internal.IsInIdeaEnvironmentValueSource$Inject      : loaded 2 times (x 102B)
Class org.jetbrains.kotlin.gradle.plugin.internal.MavenPublicationComponentAccessor   : loaded 2 times (x 72B)
Class org.jetbrains.kotlin.gradle.fus.BuildUidService                                 : loaded 2 times (x 82B)
Class org.jetbrains.kotlin.gradle.plugin.KotlinPluginWrapperKt                        : loaded 2 times (x 73B)
Class com.google.common.cache.LocalCache$EntryFactory$7                               : loaded 2 times (x 85B)
Class org.gradle.internal.service.DefaultServiceLocator                               : loaded 2 times (x 85B)
Class com.android.resources.ScreenSize                                                : loaded 2 times (x 88B)
Class com.google.protobuf.DescriptorProtos$EnumOptionsOrBuilder                       : loaded 2 times (x 72B)
Class [Lcom.google.protobuf.DescriptorProtos$FieldDescriptorProto$Label;              : loaded 2 times (x 71B)
Class com.google.protobuf.ProtocolStringList                                          : loaded 2 times (x 72B)
Class groovyjarjarasm.asm.AnnotationWriter                                            : loaded 2 times (x 80B)
Class groovyjarjarasm.asm.RecordComponentVisitor                                      : loaded 2 times (x 79B)
Class org.apache.groovy.util.concurrent.concurrentlinkedhashmap.ConcurrentLinkedHashMap$DrainStatus$3: loaded 2 times (x 82B)
Class org.codehaus.groovy.runtime.memoize.ConcurrentCommonCache                       : loaded 2 times (x 156B)
Class org.codehaus.groovy.classgen.Verifier$13                                        : loaded 2 times (x 75B)
Class groovyjarjarantlr4.v4.runtime.atn.SemanticContext$OR                            : loaded 2 times (x 77B)
Class groovyjarjarantlr4.v4.runtime.misc.ParseCancellationException                   : loaded 2 times (x 84B)
Class org.codehaus.groovy.ast.expr.UnaryMinusExpression                               : loaded 2 times (x 131B)
Class groovyjarjarantlr4.v4.runtime.RuleContext                                       : loaded 2 times (x 119B)
Class [Lorg.codehaus.groovy.ast.AnnotatedNode;                                        : loaded 2 times (x 71B)
Class groovy.lang.MetaClassImpl$1MOPIter                                              : loaded 2 times (x 77B)
Class org.codehaus.groovy.runtime.dgmimpl.arrays.CharacterArrayPutAtMetaMethod        : loaded 2 times (x 99B)
Class org.codehaus.groovy.reflection.CachedClass$3                                    : loaded 2 times (x 84B)
Class org.codehaus.groovy.reflection.ClassInfo$LazyCachedClassRef                     : loaded 2 times (x 84B)
Class groovy.lang.MetaMethod                                                          : loaded 2 times (x 98B)
Class org.jetbrains.kotlin.gradle.dsl.KotlinHierarchyDsl                              : loaded 2 times (x 72B)
Class org.jetbrains.kotlin.gradle.utils.MutableObservableSet                          : loaded 2 times (x 72B)
Class org.jetbrains.kotlin.gradle.plugin.mpp.compilationImpl.factory.KotlinCompilationImplFactory$KotlinCompilationSourceSetsContainerFactory: loaded 2 times (x 72B)
Class org.jetbrains.kotlin.gradle.report.UsesBuildMetricsService                      : loaded 2 times (x 72B)
Class org.jetbrains.kotlin.gradle.plugin.hierarchy.KotlinSourceSetTreeClassifierKt    : loaded 2 times (x 73B)
Class org.jetbrains.kotlin.gradle.plugin.PropertiesProvider$separateKmpCompilation$1  : loaded 2 times (x 81B)
Class kotlin.coroutines.jvm.internal.SuspendFunction                                  : loaded 2 times (x 72B)
Class com.google.common.collect.AbstractMapBasedMultimap$WrappedCollection            : loaded 2 times (x 126B)
Class [Lcom.google.common.cache.RemovalCause;                                         : loaded 2 times (x 71B)
Class org.jetbrains.org.objectweb.asm.SymbolTable                                     : loaded 2 times (x 74B)
Class org.jetbrains.org.objectweb.asm.tree.UnsupportedClassVersionException           : loaded 2 times (x 84B)
Class org.jetbrains.org.objectweb.asm.tree.RecordComponentNode                        : loaded 2 times (x 81B)
Class org.jetbrains.kotlin.buildtools.internal.DaemonCompilationResults               : loaded 2 times (x 79B)
Class org.jetbrains.kotlin.buildtools.internal.KotlinMessageRenderer                  : loaded 2 times (x 80B)
Class kotlin.reflect.jvm.internal.impl.load.java.lazy.types.JavaTypeResolverKt        : loaded 2 times (x 73B)
Class org.jetbrains.kotlin.daemon.client.KotlinCompilerClient$tryFindSuitableDaemonOrNewOpts$aliveWithMetadata$1: loaded 2 times (x 81B)
Class [Lkotlin.reflect.KMutableProperty;                                              : loaded 2 times (x 71B)
Class kotlin.reflect.jvm.internal.impl.load.java.lazy.LazyJavaPackageFragmentProvider$getPackageFragment$1: loaded 2 times (x 81B)
Class org.jetbrains.kotlin.buildtools.internal.jvm.JvmSnapshotBasedIncrementalCompilationOptionsImpl$Option: loaded 2 times (x 74B)
Class org.jetbrains.kotlin.daemon.common.CompilerId$Companion                         : loaded 2 times (x 73B)
Class org.jetbrains.kotlin.daemon.common.ReportCategory$Companion                     : loaded 2 times (x 73B)
Class org.jetbrains.kotlin.inline.InlineUtilKt                                        : loaded 2 times (x 73B)
Class kotlin.reflect.jvm.internal.impl.load.java.lazy.descriptors.LazyJavaScope$allDescriptors$1: loaded 2 times (x 81B)
Class org.jetbrains.org.objectweb.asm.tree.Util                                       : loaded 2 times (x 73B)
Class com.android.utils.StdLogger$Level                                               : loaded 2 times (x 81B)
Class com.android.tools.lint.model.DefaultLintModelVariant$mainArtifact$2             : loaded 2 times (x 81B)
Class org.objectweb.asm.tree.FieldInsnNode                                            : loaded 2 times (x 81B)
Class com.android.sdklib.IAndroidTarget                                               : loaded 2 times (x 72B)
Class kotlin.reflect.jvm.internal.KProperty0Impl$$Lambda$1                            : loaded 2 times (x 78B)
Class com.android.ide.common.blame.SourcePosition                                     : loaded 2 times (x 73B)
Class org.codehaus.groovy.reflection.stdclasses.LongCachedClass                       : loaded 2 times (x 97B)
Class com.google.common.cache.LocalCache$SoftValueReference                           : loaded 2 times (x 100B)
Class com.google.common.collect.ComparisonChain$InactiveComparisonChain               : loaded 2 times (x 82B)
Class com.google.common.collect.ImmutableMultimap$EntryCollection                     : loaded 2 times (x 130B)
Class com.google.common.collect.Maps$EntrySet                                         : loaded 2 times (x 138B)
Class org.jetbrains.kotlin.gradle.tasks.configuration.BaseKotlinCompileConfig$1$1$1   : loaded 2 times (x 77B)
Class org.jetbrains.kotlin.gradle.tasks.KotlinCompile$scriptExtensions$1              : loaded 2 times (x 81B)
Class org.jetbrains.kotlin.gradle.tasks.K2MultiplatformStructure$Fragment             : loaded 2 times (x 74B)
Class org.jetbrains.kotlin.compilerRunner.CompilerSystemPropertiesService$Companion$registerIfAbsent$1: loaded 2 times (x 77B)
Class org.jetbrains.kotlin.gradle.plugin.diagnostics.checkers.WasmJsEnvironmentChecker: loaded 2 times (x 78B)
Class org.jetbrains.kotlin.gradle.plugin.diagnostics.checkers.AndroidPluginWithoutAndroidTargetChecker: loaded 2 times (x 76B)
Class org.jetbrains.kotlin.gradle.plugin.statistics.FlowActionBuildFusService$getConfigurationTimeMetrics$1: loaded 2 times (x 77B)
Class org.jetbrains.kotlin.gradle.plugin.statistics.SynchronizedMetricsContainer      : loaded 2 times (x 84B)
Class org.jetbrains.kotlin.statistics.metrics.NumberOverridePolicy                    : loaded 2 times (x 87B)
Class org.jetbrains.kotlin.statistics.metrics.StringAnonymizationPolicy$AllowedListAnonymizer$Companion: loaded 2 times (x 73B)
Class org.jetbrains.kotlin.gradle.plugin.internal.DefaultProjectIsolationStartParameterAccessor_Decorated: loaded 2 times (x 123B)
Class org.jetbrains.kotlin.gradle.plugin.internal.ProjectIsolationStartParameterAccessorKt: loaded 2 times (x 73B)
Class org.jetbrains.kotlin.gradle.testing.internal.KotlinTestsRegistry                : loaded 2 times (x 74B)
Class com.google.common.cache.LocalCache$EntryFactory$8                               : loaded 2 times (x 85B)
Class org.gradle.internal.installation.CurrentGradleInstallation                      : loaded 2 times (x 75B)
Class com.android.ide.common.resources.ResourceMergerItem                             : loaded 2 times (x 137B)
Class kotlin.jvm.internal.StringCompanionObject                                       : loaded 2 times (x 73B)
Class org.codehaus.groovy.control.AnnotationConstantsVisitor                          : loaded 2 times (x 215B)
Class org.codehaus.groovy.classgen.Verifier$14                                        : loaded 2 times (x 75B)
Class org.apache.groovy.parser.antlr4.GroovyParser$ExpressionStmtAltContext           : loaded 2 times (x 160B)
Class [Lgroovyjarjarantlr4.v4.runtime.atn.RuleStartState;                             : loaded 2 times (x 71B)
Class groovyjarjarantlr4.v4.runtime.misc.Tuple                                        : loaded 2 times (x 73B)
Class groovyjarjarantlr4.v4.runtime.Vocabulary                                        : loaded 2 times (x 72B)
Class groovyjarjarantlr4.v4.runtime.Lexer                                             : loaded 2 times (x 144B)
Class org.apache.groovy.parser.antlr4.GroovyParser$ImportDeclarationContext           : loaded 2 times (x 166B)
Class org.apache.groovy.parser.antlr4.GroovyParser$RelationalExprAltContext           : loaded 2 times (x 173B)
Class org.apache.groovy.parser.antlr4.GroovyParser$ThrowStmtAltContext                : loaded 2 times (x 161B)
Class org.apache.groovy.parser.antlr4.GroovyParser$BlockStatementsContext             : loaded 2 times (x 162B)
Class org.apache.groovy.parser.antlr4.GroovyParser$MethodDeclarationContext           : loaded 2 times (x 170B)
Class org.apache.groovy.parser.antlr4.GroovyParser$LocalVariableDeclarationContext    : loaded 2 times (x 159B)
Class org.codehaus.groovy.control.ClassNodeResolver                                   : loaded 2 times (x 78B)
Class org.codehaus.groovy.ast.stmt.DoWhileStatement                                   : loaded 2 times (x 120B)
Class org.codehaus.groovy.reflection.CachedClass$4                                    : loaded 2 times (x 84B)
Class org.codehaus.groovy.reflection.ParameterTypes                                   : loaded 2 times (x 84B)
Class kotlin.jvm.internal.Ref$BooleanRef                                              : loaded 2 times (x 73B)
Class com.android.utils.PositionXmlParser$ParserPool                                  : loaded 2 times (x 81B)
Class org.codehaus.groovy.reflection.stdclasses.ShortCachedClass                      : loaded 2 times (x 97B)
Class org.codehaus.groovy.reflection.stdclasses.BooleanCachedClass                    : loaded 2 times (x 97B)
Class groovy.lang.MetaProperty                                                        : loaded 2 times (x 79B)
Class org.codehaus.groovy.ast.expr.BinaryExpression                                   : loaded 2 times (x 136B)
Class kotlinx.coroutines.scheduling.Task                                              : loaded 2 times (x 77B)
Class kotlin.coroutines.intrinsics.IntrinsicsKt__IntrinsicsJvmKt                      : loaded 2 times (x 73B)
Class kotlin.coroutines.jvm.internal.CoroutineStackFrame                              : loaded 2 times (x 72B)
Class com.android.tools.lint.model.DefaultLintModelVariant                            : loaded 2 times (x 103B)
Class com.android.tools.lint.model.LintModelArtifact                                  : loaded 2 times (x 72B)
Class org.codehaus.groovy.ast.ModuleNode                                              : loaded 2 times (x 145B)
Class org.jetbrains.org.objectweb.asm.ModuleWriter                                    : loaded 2 times (x 83B)
Class org.jetbrains.kotlin.incremental.classpathDiff.JarReader                        : loaded 2 times (x 84B)
Class org.jetbrains.kotlin.daemon.client.KotlinCompilerClient$checkDaemonStartedProperly$stdoutThread$1: loaded 2 times (x 81B)
Class org.apache.groovy.parser.antlr4.GroovyParser$ClassOrInterfaceTypeContext        : loaded 2 times (x 161B)
Class org.jetbrains.kotlin.buildtools.internal.jvm.JvmSnapshotBasedIncrementalCompilationOptionsImpl: loaded 2 times (x 84B)
Class org.apache.groovy.parser.antlr4.GroovyParser$PackageDeclarationContext          : loaded 2 times (x 161B)
Class [Lgroovyjarjarantlr4.v4.runtime.CodePointBuffer$Type;                           : loaded 2 times (x 71B)
Class [Lgroovyjarjarantlr4.v4.runtime.misc.Interval;                                  : loaded 2 times (x 71B)
Class groovyjarjarantlr4.v4.runtime.Recognizer$1                                      : loaded 2 times (x 208B)
Class groovyjarjarantlr4.v4.runtime.TokenFactory                                      : loaded 2 times (x 72B)
Class org.apache.groovy.parser.antlr4.GroovyParser$CastParExpressionContext           : loaded 2 times (x 161B)
Class kotlin.reflect.jvm.internal.impl.metadata.jvm.deserialization.JvmNameResolver$Companion: loaded 2 times (x 73B)
Class groovyjarjarasm.asm.Type                                                        : loaded 2 times (x 74B)
Class org.apache.groovy.parser.antlr4.util.PositionConfigureUtils                     : loaded 2 times (x 73B)
Class groovyjarjarasm.asm.Handler                                                     : loaded 2 times (x 74B)
Class kotlin.reflect.jvm.internal.impl.renderer.DescriptorRenderer$Companion$HTML$1   : loaded 2 times (x 80B)
Class com.google.protobuf.CodedInputStream$StreamDecoder                              : loaded 2 times (x 121B)
Class com.android.ide.common.resources.configuration.ScreenOrientationQualifier       : loaded 2 times (x 92B)
Class build_dmzt9rhu6sahlru3fk7du8x0b                                                 : loaded 2 times (x 174B)
Class build_2jfiuqu34xdz9hna96o3k4il5$_run_closure1                                   : loaded 2 times (x 140B)
Class com.google.common.collect.ForwardingObject                                      : loaded 2 times (x 74B)
Class org.jetbrains.kotlin.gradle.tasks.configuration.BaseKotlinCompileConfig$1$1$2   : loaded 2 times (x 77B)
Class org.jetbrains.kotlin.gradle.plugin.mpp.InternalKotlinCompilationKt$awaitAllKotlinSourceSets$1: loaded 2 times (x 89B)
Class org.jetbrains.kotlin.gradle.tasks.KotlinCompilerExecutionStrategy               : loaded 2 times (x 81B)
Class org.jetbrains.kotlin.gradle.plugin.sources.DefaultKotlinSourceSet$special$$inlined$Iterable$1: loaded 2 times (x 81B)
Class org.jetbrains.kotlin.gradle.plugin.mpp.compilationImpl.factory.KotlinCompilationImplFactory$KotlinCompilerOptionsFactory$Options: loaded 2 times (x 74B)
Class org.jetbrains.kotlin.gradle.plugin.statistics.FusMetrics                        : loaded 2 times (x 72B)
Class org.jetbrains.kotlin.gradle.plugin.KotlinCompilation                            : loaded 2 times (x 72B)
Class org.jetbrains.kotlin.gradle.plugin.diagnostics.ToolingDiagnosticRenderingOptionsKt: loaded 2 times (x 73B)
Class org.jetbrains.kotlin.gradle.tasks.publishing.HelpersKt                          : loaded 2 times (x 73B)
Class org.jetbrains.kotlin.gradle.plugin.KotlinTargetConfiguratorKt                   : loaded 2 times (x 73B)
Class org.jetbrains.kotlin.gradle.targets.native.internal.PlatformLibrariesGenerator  : loaded 2 times (x 74B)
Class org.jetbrains.kotlin.tooling.core.Extras$Type$Companion                         : loaded 2 times (x 73B)
Class com.google.common.cache.CacheLoader$1                                           : loaded 2 times (x 77B)
Class org.gradle.util.internal.GUtil                                                  : loaded 2 times (x 73B)
Class com.android.resources.ResourceEnum                                              : loaded 2 times (x 72B)
Class com.android.ide.common.resources.configuration.TextInputMethodQualifier         : loaded 2 times (x 92B)
Class com.google.protobuf.Message                                                     : loaded 2 times (x 72B)
Class com.android.tools.analytics.Environment$Companion$SYSTEM$1                      : loaded 2 times (x 75B)
Class com.android.tools.analytics.Environment$Companion                               : loaded 2 times (x 73B)
Class com.android.tools.analytics.Environment$SystemProperty                          : loaded 2 times (x 81B)
Class com.android.utils.StringHelper                                                  : loaded 2 times (x 73B)
Class [Lgroovyjarjarasm.asm.Type;                                                     : loaded 2 times (x 71B)
Class org.codehaus.groovy.classgen.asm.OperandStack                                   : loaded 2 times (x 97B)
Class org.codehaus.groovy.classgen.asm.indy.IndyBinHelper                             : loaded 2 times (x 89B)
Class org.gradle.internal.classloader.ClassLoaderHierarchy                            : loaded 2 times (x 72B)
Class groovyjarjarantlr4.v4.runtime.misc.FlexibleHashMap$Entry                        : loaded 2 times (x 74B)
Class groovyjarjarantlr4.v4.runtime.ParserErrorListener                               : loaded 2 times (x 72B)
Class groovyjarjarantlr4.v4.runtime.Parser                                            : loaded 2 times (x 152B)
Class groovyjarjarantlr4.v4.runtime.atn.StarLoopbackState                             : loaded 2 times (x 91B)
Class org.apache.groovy.parser.antlr4.GroovyParser$TypeContext                        : loaded 2 times (x 163B)
Class org.codehaus.groovy.ast.GroovyClassVisitor                                      : loaded 2 times (x 72B)
Class org.codehaus.groovy.runtime.dgmimpl.arrays.FloatArrayGetAtMetaMethod            : loaded 2 times (x 99B)
Class org.codehaus.groovy.runtime.callsite.CallSiteAwareMetaMethod                    : loaded 2 times (x 99B)
Class org.codehaus.groovy.ast.expr.AnnotationConstantExpression                       : loaded 2 times (x 136B)
Class groovy.lang.MissingPropertyException                                            : loaded 2 times (x 91B)
Class groovy.lang.Closure$1                                                           : loaded 2 times (x 134B)
Class org.codehaus.groovy.reflection.CachedClass$5                                    : loaded 2 times (x 84B)
Class it.unimi.dsi.fastutil.ints.AbstractIntCollection                                : loaded 2 times (x 187B)
Class org.jetbrains.kotlin.gradle.plugin.internal.ConfigurationCacheStartParameterAccessorKt: loaded 2 times (x 73B)
Class org.jetbrains.kotlin.gradle.plugin.KotlinPlatformType$Companion                 : loaded 2 times (x 73B)
Class org.jetbrains.kotlin.gradle.plugin.KotlinPlatformType$DisambiguationRule        : loaded 2 times (x 78B)
Class kotlinx.coroutines.internal.LockFreeTaskQueue                                   : loaded 2 times (x 74B)
Class kotlinx.coroutines.scheduling.DefaultScheduler                                  : loaded 2 times (x 114B)
Class kotlinx.coroutines.Dispatchers                                                  : loaded 2 times (x 73B)
Class org.jetbrains.kotlin.gradle.targets.native.KotilnNativeConfigureBinariesSideEffectKt: loaded 2 times (x 73B)
Class [Lcom.android.tools.lint.model.LintModelSeverity;                               : loaded 2 times (x 71B)
Class org.jetbrains.kotlin.gradle.targets.ConfigureNonPackedKlibConsumingSideEffectKt : loaded 2 times (x 73B)
Class com.android.prefs.PathLocator$WhenMappings                                      : loaded 2 times (x 73B)
Class org.jetbrains.kotlin.com.intellij.openapi.vfs.impl.AddonlyKeylessHash$KeyValueMapper: loaded 2 times (x 73B)
Class org.jetbrains.kotlin.gradle.plugin.diagnostics.checkers.MissingNativeStdlibChecker: loaded 2 times (x 76B)
Class org.jetbrains.kotlin.daemon.client.DaemonLastOutputLinesListener                : loaded 2 times (x 78B)
Class org.jetbrains.kotlin.daemon.common.CompilerId$mappers$4                         : loaded 2 times (x 143B)
Class org.jetbrains.kotlin.daemon.common.DaemonJVMOptions$mappers$1                   : loaded 2 times (x 143B)
Class org.jetbrains.kotlin.gradle.targets.js.npm.NpmDependencyExtensionKt$defaultNpmDependencyDelegate$1: loaded 2 times (x 168B)
Class org.jetbrains.kotlin.gradle.plugin.KotlinPluginLifecycleImpl$launch$coroutine$1 : loaded 2 times (x 78B)
Class org.jetbrains.kotlin.gradle.internal.KotlinDomApiDependencyManagementKt         : loaded 2 times (x 73B)
Class org.jetbrains.kotlin.gradle.tasks.CInteropProcess                               : loaded 2 times (x 346B)
Class org.jetbrains.kotlin.gradle.plugin.mpp.KotlinVariantWithCoordinates             : loaded 2 times (x 110B)
Class com.google.common.collect.SortedSetMultimap                                     : loaded 2 times (x 72B)
Class com.google.common.cache.LocalCache$ValueIterator                                : loaded 2 times (x 88B)
Class kotlin.reflect.jvm.internal.KCallableImpl$_annotations$1                        : loaded 2 times (x 81B)
Class kotlin.reflect.jvm.internal.KClassImpl$Data$inheritedNonStaticMembers$2         : loaded 2 times (x 81B)
Class kotlin.reflect.jvm.internal.impl.renderer.DescriptorRenderer$Companion$ONLY_NAMES_WITH_SHORT_TYPES$1: loaded 2 times (x 80B)
Class org.jetbrains.kotlin.gradle.tasks.configuration.BaseKotlinCompileConfig$1$1$3   : loaded 2 times (x 77B)
Class org.jetbrains.kotlin.gradle.plugin.mpp.InternalKotlinTargetKt$isSourcesPublishableFuture$2: loaded 2 times (x 97B)
Class org.jetbrains.kotlin.gradle.plugin.mpp.KotlinCompilationFactory                 : loaded 2 times (x 72B)
Class org.jetbrains.kotlin.gradle.dsl.IosSourceSetConventionChecker$runChecks$1       : loaded 2 times (x 89B)
Class org.jetbrains.kotlin.gradle.plugin.mpp.AbstractKotlinCompilation                : loaded 2 times (x 197B)
Class org.jetbrains.kotlin.gradle.plugin.diagnostics.checkers.UnusedSourceSetsChecker : loaded 2 times (x 76B)
Class org.jetbrains.kotlin.gradle.utils.Future                                        : loaded 2 times (x 72B)
Class org.jetbrains.kotlin.gradle.plugin.statistics.KotlinBuildStatsConfiguration$Companion: loaded 2 times (x 73B)
Class com.google.common.cache.AbstractCache$StatsCounter                              : loaded 2 times (x 72B)
Class com.google.common.collect.AbstractTable                                         : loaded 2 times (x 122B)
Class kotlin.reflect.jvm.internal.impl.renderer.DescriptorRenderer$Companion$DEBUG_TEXT$1: loaded 2 times (x 80B)
Class com.google.protobuf.AbstractMessage$Builder                                     : loaded 2 times (x 259B)
Class com.google.protobuf.ExtensionRegistryFactory                                    : loaded 2 times (x 73B)
Class com.google.protobuf.ProtocolMessageEnum                                         : loaded 2 times (x 72B)
Class org.codehaus.groovy.classgen.asm.BinaryExpressionHelper$1                       : loaded 2 times (x 130B)
Class org.apache.groovy.util.concurrent.concurrentlinkedhashmap.ConcurrentLinkedHashMap: loaded 2 times (x 149B)
Class org.apache.groovy.parser.antlr4.GroovyParser$ClosureOrLambdaExpressionPrmrAltContext: loaded 2 times (x 160B)
Class [Lgroovyjarjarantlr4.v4.runtime.atn.Transition;                                 : loaded 2 times (x 71B)
Class org.apache.groovy.parser.antlr4.GroovyParser$CommandExpressionContext           : loaded 2 times (x 162B)
Class org.apache.groovy.parser.antlr4.GroovyParser$ClosureContext                     : loaded 2 times (x 166B)
Class org.jetbrains.kotlin.incremental.classpathDiff.DirectoryOrJarReader             : loaded 2 times (x 72B)
Class groovy.lang.ExpandoMetaClassCreationHandle                                      : loaded 2 times (x 78B)
Class org.codehaus.groovy.runtime.metaclass.TransformMetaMethod                       : loaded 2 times (x 98B)
Class org.codehaus.groovy.runtime.StringGroovyMethods                                 : loaded 2 times (x 73B)
Class org.codehaus.groovy.ast.NodeMetaDataHandler                                     : loaded 2 times (x 72B)
Class org.codehaus.groovy.reflection.CachedClass$6                                    : loaded 2 times (x 84B)
Class org.codehaus.groovy.util.ReferenceManager$ThreadedReferenceManager              : loaded 2 times (x 78B)
Class kotlinx.coroutines.BuildersKt                                                   : loaded 2 times (x 73B)
Class kotlinx.coroutines.internal.ThreadContextKt                                     : loaded 2 times (x 73B)
Class kotlin.reflect.jvm.internal.KProperty0Impl$$Lambda$0                            : loaded 2 times (x 78B)
Class it.unimi.dsi.fastutil.Stack                                                     : loaded 2 times (x 72B)
Class groovy.lang.Range                                                               : loaded 2 times (x 72B)
Class org.codehaus.groovy.reflection.CacheAccessControlException                      : loaded 2 times (x 89B)
Class kotlin.time.DurationUnitKt                                                      : loaded 2 times (x 73B)
Class org.apache.groovy.parser.antlr4.GroovyParser$IdentifierContext                  : loaded 2 times (x 164B)
Class org.codehaus.groovy.ast.expr.BitwiseNegationExpression                          : loaded 2 times (x 130B)
Class kotlin.coroutines.jvm.internal.DebugProbesKt                                    : loaded 2 times (x 73B)
Class kotlinx.coroutines.intrinsics.CancellableKt                                     : loaded 2 times (x 73B)
Class kotlin.coroutines.CoroutineContext                                              : loaded 2 times (x 72B)
Class org.codehaus.groovy.ast.expr.FieldExpression                                    : loaded 2 times (x 134B)
Class com.android.tools.lint.model.DefaultLintModelDependency                         : loaded 2 times (x 88B)
Class com.android.tools.lint.model.DefaultLintModelLibrary                            : loaded 2 times (x 88B)
Class com.android.tools.lint.model.DefaultLintModelBuildFeatures                      : loaded 2 times (x 77B)
Class org.jetbrains.kotlin.incremental.DifferenceCalculatorForPackageFacade$Companion : loaded 2 times (x 73B)
Class org.jetbrains.kotlin.daemon.common.DaemonJVMOptions$mappers$2                   : loaded 2 times (x 143B)
Class org.codehaus.groovy.control.StaticVerifier                                      : loaded 2 times (x 215B)
Class org.codehaus.groovy.classgen.VerifierCodeVisitor                                : loaded 2 times (x 189B)
Class com.google.protobuf.MapField                                                    : loaded 2 times (x 91B)
Class com.google.protobuf.CodedInputStream$UnsafeDirectNioDecoder                     : loaded 2 times (x 121B)
Class com.google.protobuf.DescriptorProtos$ServiceDescriptorProtoOrBuilder            : loaded 2 times (x 72B)
Class com.google.protobuf.DescriptorProtos$DescriptorProto$Builder                    : loaded 2 times (x 340B)
Class com.google.protobuf.DescriptorProtos$OneofDescriptorProtoOrBuilder              : loaded 2 times (x 72B)
Class com.google.protobuf.DescriptorProtos$FieldOptionsOrBuilder                      : loaded 2 times (x 72B)
Class org.gradle.internal.classloader.FilteringClassLoader                            : loaded 2 times (x 106B)
Class build_83jnoa820lpe6l8anbc1kvds5$_run_closure1$_closure3                         : loaded 2 times (x 140B)
Class build_1m874l9orishawclr41rnen3i                                                 : loaded 2 times (x 174B)
Class com.google.common.reflect.Types$TypeVariableImpl                                : loaded 2 times (x 74B)
Class com.google.common.io.LineBuffer                                                 : loaded 2 times (x 77B)
Class org.jetbrains.kotlin.gradle.plugin.attributes.KlibPackaging                     : loaded 2 times (x 72B)
Class org.jetbrains.kotlin.gradle.plugin.mpp.KotlinTargetSoftwareComponentImplKt      : loaded 2 times (x 73B)
Class org.jetbrains.kotlin.gradle.targets.js.dsl.KotlinJsSubTargetContainerDsl        : loaded 2 times (x 72B)
Class org.jetbrains.kotlin.tooling.core.MutableExtrasImpl$Companion                   : loaded 2 times (x 73B)
Class org.jetbrains.kotlin.gradle.internal.ClassLoadersCachingBuildService$Parameters : loaded 2 times (x 72B)
Class org.jetbrains.kotlin.gradle.plugin.KotlinGradleBuildServices$Companion$registerIfAbsent$1: loaded 2 times (x 77B)
Class org.jetbrains.kotlin.statistics.fileloggers.MetricsContainer                    : loaded 2 times (x 79B)
Class org.jetbrains.kotlin.gradle.plugin.internal.ProjectIsolationStartParameterAccessor: loaded 2 times (x 72B)
Class org.jetbrains.kotlin.gradle.utils.StoredProperty                                : loaded 2 times (x 72B)
Class org.gradle.internal.installation.GradleInstallation                             : loaded 2 times (x 77B)
Class org.jetbrains.kotlin.gradle.fus.internal.SynchronizedConfigurationMetrics$Companion: loaded 2 times (x 73B)
Class com.google.protobuf.DescriptorProtos$MessageOptions                             : loaded 2 times (x 259B)
Class com.google.protobuf.CodedInputStream                                            : loaded 2 times (x 121B)
Class com.google.protobuf.MessageLite                                                 : loaded 2 times (x 72B)
Class org.codehaus.groovy.classgen.asm.CompileStack                                   : loaded 2 times (x 117B)
Class org.codehaus.groovy.classgen.asm.MethodPointerExpressionWriter                  : loaded 2 times (x 75B)
Class org.apache.groovy.parser.antlr4.GroovyParser$TypeListContext                    : loaded 2 times (x 164B)
Class [Lgroovyjarjarantlr4.v4.runtime.atn.LexerAction;                                : loaded 2 times (x 71B)
Class org.codehaus.groovy.control.io.StringReaderSource                               : loaded 2 times (x 89B)
Class groovy.lang.ExpandoMetaClass                                                    : loaded 2 times (x 228B)
Class org.codehaus.groovy.reflection.CachedClass$7                                    : loaded 2 times (x 84B)
Class groovy.lang.IntRange                                                            : loaded 2 times (x 249B)
Class org.codehaus.groovy.reflection.ClassInfo$GlobalClassSet                         : loaded 2 times (x 78B)
Class kotlin.reflect.jvm.internal.impl.builtins.PrimitiveType$$Lambda$0               : loaded 2 times (x 78B)
Class [Lcom.android.utils.StdLogger$Level;                                            : loaded 2 times (x 71B)
Class com.android.prefs.AndroidLocationsException                                     : loaded 2 times (x 84B)
Class org.jetbrains.kotlin.gradle.plugin.KotlinGradleBuildServices$Inject             : loaded 2 times (x 102B)
Class [Lorg.jetbrains.kotlin.descriptors.DescriptorVisibility;                        : loaded 2 times (x 71B)
Class org.jetbrains.kotlin.incremental.storage.InlineFunctionOrAccessorExternalizer   : loaded 2 times (x 78B)
Class org.jetbrains.kotlin.incremental.classpathDiff.impl.ClassFileWithContentsProvider: loaded 2 times (x 74B)
Class kotlin.collections.CollectionsKt__IteratorsJVMKt$iterator$1                     : loaded 2 times (x 81B)
Class org.jetbrains.kotlin.daemon.common.CompileService$TargetPlatform                : loaded 2 times (x 81B)
Class org.jetbrains.kotlin.daemon.common.CompileService$CallResult$Dying              : loaded 2 times (x 74B)
Class org.jetbrains.kotlin.daemon.common.CompileService                               : loaded 2 times (x 72B)
Class org.jetbrains.kotlin.daemon.client.KotlinCompilerClient$DaemonSearchResult      : loaded 2 times (x 72B)
Class org.jetbrains.kotlin.daemon.common.DaemonJVMOptions$mappers$3                   : loaded 2 times (x 143B)
Class org.jetbrains.kotlin.gradle.internal.ClassLoadersCachingBuildService$Companion$registerIfAbsent$2$1$1: loaded 2 times (x 77B)
Class org.jetbrains.kotlin.buildtools.internal.arguments.JvmCompilerArgumentsImpl$EntriesMappings: loaded 2 times (x 73B)
Class org.jetbrains.kotlin.gradle.targets.native.KonanPropertiesBuildService$Companion$registerIfAbsent$1: loaded 2 times (x 77B)
Class org.jetbrains.kotlin.gradle.plugin.diagnostics.checkers.AndroidPublicationNotConfiguredChecker: loaded 2 times (x 76B)
Class org.jetbrains.kotlin.gradle.utils.Completable$await$1                           : loaded 2 times (x 89B)
Class org.jetbrains.kotlin.compilerRunner.CompilerSystemPropertiesService$Companion   : loaded 2 times (x 73B)
Class com.google.common.io.LineReader                                                 : loaded 2 times (x 74B)
Class org.jetbrains.kotlin.statistics.AnonymizerUtilsKt                               : loaded 2 times (x 73B)
Class org.jetbrains.kotlin.incremental.classpathDiff.AccessibleClassSnapshotExternalizer: loaded 2 times (x 78B)
Class com.android.prefs.AndroidPathLocator                                            : loaded 2 times (x 75B)
Class com.android.tools.lint.model.LintModelJavaLibrary                               : loaded 2 times (x 72B)
Class kotlinx.coroutines.internal.ResizableAtomicArray                                : loaded 2 times (x 74B)
Class kotlin.coroutines.jvm.internal.CompletedContinuation                            : loaded 2 times (x 77B)
Class com.google.common.collect.ForwardingCollection                                  : loaded 2 times (x 132B)
Class com.google.common.collect.LexicographicalOrdering                               : loaded 2 times (x 117B)
Class org.jetbrains.kotlin.gradle.dsl.KotlinJvmCompile$DefaultImpls                   : loaded 2 times (x 73B)
Class org.jetbrains.kotlin.gradle.plugin.mpp.compilationImpl.factory.KotlinCompilationImplFactory$create$1: loaded 2 times (x 77B)
Class org.jetbrains.kotlin.gradle.tasks.KotlinJavaToolchain                           : loaded 2 times (x 72B)
Class org.jetbrains.kotlin.gradle.plugin.statistics.FlowActionBuildFusService$Inject  : loaded 2 times (x 106B)
Class org.jetbrains.kotlin.statistics.metrics.BooleanMetrics$Companion                : loaded 2 times (x 73B)
Class org.jetbrains.kotlin.gradle.plugin.internal.CompatibilityConventionRegistrar    : loaded 2 times (x 72B)
Class org.jetbrains.kotlin.gradle.plugin.AndroidGradlePluginVersion                   : loaded 2 times (x 77B)
Class com.android.ide.common.rendering.api.StyleResourceValue                         : loaded 2 times (x 72B)
Class com.google.protobuf.AbstractMessageLite$Builder                                 : loaded 2 times (x 128B)
Class com.google.protobuf.MapFieldReflectionAccessor                                  : loaded 2 times (x 76B)
Class groovyjarjarasm.asm.MethodTooLargeException                                     : loaded 2 times (x 84B)
Class org.codehaus.groovy.reflection.v7.GroovyClassValueJava7                         : loaded 2 times (x 85B)
Class [Lorg.codehaus.groovy.ast.expr.Expression;                                      : loaded 2 times (x 71B)
Class org.apache.groovy.parser.antlr4.internal.atnmanager.AtnManager                  : loaded 2 times (x 75B)
Class groovyjarjarantlr4.v4.runtime.misc.IntegerList                                  : loaded 2 times (x 74B)
Class groovyjarjarantlr4.v4.runtime.atn.SetTransition                                 : loaded 2 times (x 78B)
Class groovyjarjarantlr4.v4.runtime.atn.EpsilonTransition                             : loaded 2 times (x 78B)
Class org.apache.groovy.parser.antlr4.GroovyParser$IfElseStatementContext             : loaded 2 times (x 166B)
Class org.apache.groovy.parser.antlr4.GroovyParser$ModifierContext                    : loaded 2 times (x 165B)
Class groovyjarjarantlr4.v4.runtime.ANTLRErrorStrategy                                : loaded 2 times (x 72B)
Class groovyjarjarantlr4.v4.runtime.TokenSource                                       : loaded 2 times (x 72B)
Class org.codehaus.groovy.ast.expr.ConstructorCallExpression                          : loaded 2 times (x 143B)
Class org.codehaus.groovy.reflection.CachedClass$8                                    : loaded 2 times (x 84B)
Class com.android.utils.XmlUtils                                                      : loaded 2 times (x 73B)
Class kotlin.reflect.jvm.internal.impl.builtins.PrimitiveType$$Lambda$1               : loaded 2 times (x 78B)
Class kotlinx.coroutines.ExecutorCoroutineDispatcher$Key                              : loaded 2 times (x 74B)
Class kotlinx.coroutines.JobSupportKt                                                 : loaded 2 times (x 73B)
Class org.codehaus.groovy.runtime.dgmimpl.NumberNumberMultiply                        : loaded 2 times (x 116B)
Class com.android.ide.common.gradle.Part                                              : loaded 2 times (x 79B)
Class org.codehaus.groovy.runtime.NullObject                                          : loaded 2 times (x 93B)
Class org.codehaus.groovy.control.SourceUnit                                          : loaded 2 times (x 100B)
Class kotlin.reflect.jvm.internal.pcollections.ConsPStack$Itr                         : loaded 2 times (x 84B)
Class org.jetbrains.kotlin.daemon.common.CompileService$CallResult$Ok                 : loaded 2 times (x 74B)
Class [Lorg.codehaus.groovy.ast.GenericsType;                                         : loaded 2 times (x 71B)
Class org.jetbrains.kotlin.daemon.client.KotlinCompilerClient                         : loaded 2 times (x 73B)
Class org.jetbrains.kotlin.daemon.common.FileSystem                                   : loaded 2 times (x 73B)
Class kotlin.reflect.jvm.KClassesJvm                                                  : loaded 2 times (x 73B)
Class groovyjarjarantlr4.v4.runtime.dfa.SingletonEdgeMap                              : loaded 2 times (x 100B)
Class org.apache.groovy.parser.antlr4.GroovyParser$TypeBoundContext                   : loaded 2 times (x 164B)
Class org.apache.groovy.parser.antlr4.GroovyParser$MemberDeclarationContext           : loaded 2 times (x 162B)
Class org.apache.groovy.parser.antlr4.GroovyParser$TypeNamePairsContext               : loaded 2 times (x 164B)
Class groovyjarjarantlr4.v4.runtime.atn.SemanticContext$Predicate                     : loaded 2 times (x 75B)
Class groovy.transform.Trait                                                          : loaded 2 times (x 72B)
Class org.codehaus.groovy.runtime.powerassert.SourceTextNotAvailableException         : loaded 2 times (x 84B)
Class kotlin.reflect.jvm.internal.impl.load.java.lazy.descriptors.LazyJavaPackageFragment$binaryClasses$2: loaded 2 times (x 81B)
Class kotlin.reflect.jvm.internal.impl.descriptors.impl.LazyPackageViewDescriptorImpl$fragments$2: loaded 2 times (x 81B)
Class com.android.ide.common.rendering.api.ResourceNamespace$ToolsNamespace           : loaded 2 times (x 82B)
Class com.google.protobuf.UnsafeUtil$JvmMemoryAccessor                                : loaded 2 times (x 93B)
Class com.android.resources.NavigationState                                           : loaded 2 times (x 88B)
Class com.google.protobuf.DescriptorProtos$FieldDescriptorProto$Label                 : loaded 2 times (x 89B)
Class com.android.ide.common.resources.DataFile$FileType                              : loaded 2 times (x 81B)
Class kotlin.reflect.jvm.internal.impl.descriptors.impl.ModuleDescriptorImpl$packages$1: loaded 2 times (x 81B)
Class kotlin.reflect.jvm.internal.impl.builtins.functions.FunctionClassKind$Companion : loaded 2 times (x 73B)
Class org.jetbrains.kotlin.buildtools.internal.jvm.operations.JvmCompilationOperationImpl: loaded 2 times (x 117B)
Class org.jetbrains.kotlin.gradle.plugin.mpp.KotlinJvmCompilation                     : loaded 2 times (x 206B)
Class org.jetbrains.kotlin.gradle.plugin.KotlinCompilation$Companion                  : loaded 2 times (x 73B)
Class com.google.common.collect.Lists$RandomAccessReverseList                         : loaded 2 times (x 202B)
Class org.jetbrains.kotlin.konan.target.KonanTarget$WATCHOS_ARM64                     : loaded 2 times (x 80B)
Class org.jetbrains.kotlin.gradle.plugin.diagnostics.checkers.OverriddenKotlinNativeHomeChecker: loaded 2 times (x 76B)
Class org.jetbrains.kotlin.gradle.artifacts.KotlinJvmJarArtifactKt$KotlinJvmJarArtifact$1: loaded 2 times (x 76B)
Class org.jetbrains.kotlin.gradle.targets.native.SetupEmbedAndSignAppleFrameworkTaskSideEffectKt: loaded 2 times (x 73B)
Class org.jetbrains.kotlin.gradle.plugin.KotlinProjectSetupActionKt$KotlinProjectSetupCoroutine$1: loaded 2 times (x 77B)
Class org.jetbrains.kotlin.gradle.dsl.ToolchainSupport$Companion                      : loaded 2 times (x 73B)
Class org.jetbrains.kotlin.gradle.plugin.KotlinSourceSet                              : loaded 2 times (x 72B)
Class org.jetbrains.kotlin.konan.target.KonanTarget$MACOS_ARM64                       : loaded 2 times (x 80B)

---------------  S Y S T E M  ---------------

OS:
 Windows 11 , 64 bit Build 26100 (10.0.26100.8875)
OS uptime: 1 days 6:04 hours
Hyper-V role detected

CPU: total 22 (initial active 22) (11 cores per cpu, 2 threads per core) family 6 model 170 stepping 4 microcode 0x1e, cx8, cmov, fxsr, ht, mmx, 3dnowpref, sse, sse2, sse3, ssse3, sse4.1, sse4.2, popcnt, lzcnt, tsc, tscinvbit, avx, avx2, aes, erms, clmul, bmi1, bmi2, adx, sha, fma, vzeroupper, clflush, clflushopt, clwb, hv, serialize, rdtscp, rdpid, fsrm, gfni, f16c, cet_ibt, cet_ss
Processor Information for processor 0
  Max Mhz: 1400, Current Mhz: 1400, Mhz Limit: 1400
Processor Information for processor 1
  Max Mhz: 1400, Current Mhz: 1400, Mhz Limit: 1400
Processor Information for processor 2
  Max Mhz: 900, Current Mhz: 900, Mhz Limit: 900
Processor Information for processor 3
  Max Mhz: 900, Current Mhz: 900, Mhz Limit: 900
Processor Information for processor 4
  Max Mhz: 900, Current Mhz: 900, Mhz Limit: 900
Processor Information for processor 5
  Max Mhz: 900, Current Mhz: 900, Mhz Limit: 900
Processor Information for processor 6
  Max Mhz: 900, Current Mhz: 900, Mhz Limit: 900
Processor Information for processor 7
  Max Mhz: 900, Current Mhz: 900, Mhz Limit: 900
Processor Information for processor 8
  Max Mhz: 900, Current Mhz: 900, Mhz Limit: 900
Processor Information for processor 9
  Max Mhz: 900, Current Mhz: 900, Mhz Limit: 900
Processor Information for processor 10
  Max Mhz: 1400, Current Mhz: 1400, Mhz Limit: 1400
Processor Information for processor 11
  Max Mhz: 1400, Current Mhz: 1400, Mhz Limit: 1400
Processor Information for processor 12
  Max Mhz: 1400, Current Mhz: 1400, Mhz Limit: 1400
Processor Information for processor 13
  Max Mhz: 1400, Current Mhz: 1400, Mhz Limit: 1400
Processor Information for processor 14
  Max Mhz: 1400, Current Mhz: 1400, Mhz Limit: 1400
Processor Information for processor 15
  Max Mhz: 1400, Current Mhz: 1400, Mhz Limit: 1400
Processor Information for processor 16
  Max Mhz: 1400, Current Mhz: 1400, Mhz Limit: 1400
Processor Information for processor 17
  Max Mhz: 1400, Current Mhz: 1400, Mhz Limit: 1400
Processor Information for processor 18
  Max Mhz: 1400, Current Mhz: 1400, Mhz Limit: 1400
Processor Information for processor 19
  Max Mhz: 1400, Current Mhz: 1400, Mhz Limit: 1400
Processor Information for processor 20
  Max Mhz: 700, Current Mhz: 700, Mhz Limit: 700
Processor Information for processor 21
  Max Mhz: 700, Current Mhz: 700, Mhz Limit: 700

Memory: 4k page, system-wide physical 32221M (3877M free)
TotalPageFile size 38822M (AvailPageFile size 649M)
current process WorkingSet (physical memory assigned to process): 2408M, peak: 2911M
current process commit charge ("private bytes"): 2811M, peak: 3615M

vm_info: OpenJDK 64-Bit Server VM (25.0.2+-15348964-b329.117) for windows-amd64 JRE (25.0.2+-15348964-b329.117), built on 2026-05-05T18:25:19Z with MS VC++ 16.10 / 16.11 (VS2019)

END.
